{
    "abstract": "Developers use search for various tasks such as finding code, documentation, debugging information, etc. In particular, web search is heavily used by developers for finding code examples and snippets during the coding process. Recently, natural language based code search has been an active area of research. However, the lack of real-world large-scale datasets is a significant bottleneck. In this work, we propose a weak supervision based approach for detecting code search intent in search queries for C# and Java programming languages. We evaluate the approach against several baselines on a real-world dataset comprised of over 1 million queries mined from Bing web search engine and show that the CNN based model can achieve an accuracy of 77% and 76% for C# and Java respectively. Furthermore, we are also releasing Search4Code, the first large-scale real-world dataset of code search queries mined from Bing web search engine. We hope that the dataset will aid future research on code search.",
    "arxivId": null,
    "authors": [
        {
            "authorId": "1381053334",
            "name": "N. Rao",
            "url": "https://www.semanticscholar.org/author/1381053334"
        },
        {
            "authorId": "40097378",
            "name": "Chetan Bansal",
            "url": "https://www.semanticscholar.org/author/40097378"
        },
        {
            "authorId": "2028361918",
            "name": "Joe Guan",
            "url": "https://www.semanticscholar.org/author/2028361918"
        }
    ],
    "citationVelocity": 0,
    "citations": [
        {
            "arxivId": "2405.04126",
            "authors": [
                {
                    "authorId": "2300174240",
                    "name": "Karim Galliamov"
                },
                {
                    "authorId": "2300173994",
                    "name": "Leila Khaertdinova"
                },
                {
                    "authorId": "2300174238",
                    "name": "Karina Denisova"
                }
            ],
            "doi": "10.48550/arXiv.2405.04126",
            "intent": [
                "methodology"
            ],
            "isInfluential": false,
            "paperId": "b5df3f109d2e1380874da6392641dd4589780cba",
            "title": "Refining Joint Text and Source Code Embeddings for Retrieval Task with Parameter-Efficient Fine-Tuning",
            "url": "https://www.semanticscholar.org/paper/b5df3f109d2e1380874da6392641dd4589780cba",
            "venue": "ArXiv",
            "year": 2024
        },
        {
            "arxivId": "2403.17612",
            "authors": [
                {
                    "authorId": "2293396192",
                    "name": "Christopher Bagdon"
                },
                {
                    "authorId": "2120183271",
                    "name": "P. Karmalkar"
                },
                {
                    "authorId": "2293398151",
                    "name": "Harsha Gurulingappa"
                },
                {
                    "authorId": "2293396232",
                    "name": "Roman Klinger"
                }
            ],
            "doi": "10.48550/arXiv.2403.17612",
            "intent": [
                "background"
            ],
            "isInfluential": false,
            "paperId": "83b40da37bcca822ff2daff18e460e07067bfad3",
            "title": "\u201cYou are an expert annotator\u201d: Automatic Best\u2013Worst-Scaling Annotations for Emotion Intensity Modeling",
            "url": "https://www.semanticscholar.org/paper/83b40da37bcca822ff2daff18e460e07067bfad3",
            "venue": "NAACL",
            "year": 2024
        },
        {
            "arxivId": "2404.14415",
            "authors": [
                {
                    "authorId": "2293720361",
                    "name": "Jesse Atuhurra"
                },
                {
                    "authorId": "2300756",
                    "name": "Hidetaka Kamigaito"
                },
                {
                    "authorId": "2266807418",
                    "name": "Taro Watanabe"
                },
                {
                    "authorId": "2297846751",
                    "name": "Eric Nichols"
                }
            ],
            "doi": null,
            "intent": [],
            "isInfluential": false,
            "paperId": "e951ca2b5d8cc0ee30270a9c3cb63eca348508f0",
            "title": "Domain Adaptation in Intent Classification Systems: A Review",
            "url": "https://www.semanticscholar.org/paper/e951ca2b5d8cc0ee30270a9c3cb63eca348508f0",
            "venue": "",
            "year": 2024
        },
        {
            "arxivId": null,
            "authors": [
                {
                    "authorId": "2085464125",
                    "name": "Hastari Utama"
                },
                {
                    "authorId": "10080487",
                    "name": "Erna Daniati"
                },
                {
                    "authorId": "70895628",
                    "name": "Ahlihi Masruro"
                }
            ],
            "doi": "10.59095/ijcsr.v3i1.93",
            "intent": [],
            "isInfluential": false,
            "paperId": "62c6d25224dd88cc8dd4eae6e54a199b22f50c4c",
            "title": "Weak Supervision Dengan Pendekatan Labeling Function Untuk Analisis Sentimen Pada Twitter",
            "url": "https://www.semanticscholar.org/paper/62c6d25224dd88cc8dd4eae6e54a199b22f50c4c",
            "venue": "The Indonesian Journal of Computer Science Research",
            "year": 2024
        },
        {
            "arxivId": null,
            "authors": [
                {
                    "authorId": "2250734117",
                    "name": "Hao Sun"
                },
                {
                    "authorId": "2248932638",
                    "name": "ZhiFei Xu"
                },
                {
                    "authorId": "2248053003",
                    "name": "Xu Li"
                }
            ],
            "doi": "10.1109/ICTech58362.2023.00041",
            "intent": [
                "background",
                "methodology"
            ],
            "isInfluential": false,
            "paperId": "d38f854447e565256dce9e771b31f76e529c2ed7",
            "title": "Code Recommendation Based on Deep Learning",
            "url": "https://www.semanticscholar.org/paper/d38f854447e565256dce9e771b31f76e529c2ed7",
            "venue": "2023 12th International Conference of Information and Communication Technology (ICTech)",
            "year": 2023
        },
        {
            "arxivId": "2207.12768",
            "authors": [
                {
                    "authorId": "2143705820",
                    "name": "M. M. Imran"
                },
                {
                    "authorId": "1703177",
                    "name": "Kostadin Damevski"
                }
            ],
            "doi": "10.1016/j.infsof.2022.107021",
            "intent": [],
            "isInfluential": false,
            "paperId": "0970e0bd35b086bcbd6be6fe53e828ec4a3c59dc",
            "title": "Using clarification questions to improve software developers' Web search",
            "url": "https://www.semanticscholar.org/paper/0970e0bd35b086bcbd6be6fe53e828ec4a3c59dc",
            "venue": "Inf. Softw. Technol.",
            "year": 2022
        },
        {
            "arxivId": "2204.02765",
            "authors": [
                {
                    "authorId": "2006199000",
                    "name": "Luca Di Grazia"
                },
                {
                    "authorId": "1884064",
                    "name": "Michael Pradel"
                }
            ],
            "doi": "10.1145/3565971",
            "intent": [
                "methodology"
            ],
            "isInfluential": false,
            "paperId": "e2baf81813d5a515f554ee60bcddcc57548f8c22",
            "title": "Code Search: A Survey of Techniques for Finding Code",
            "url": "https://www.semanticscholar.org/paper/e2baf81813d5a515f554ee60bcddcc57548f8c22",
            "venue": "ACM Comput. Surv.",
            "year": 2022
        },
        {
            "arxivId": null,
            "authors": [
                {
                    "authorId": "1754291",
                    "name": "N. Gold"
                },
                {
                    "authorId": "1824150",
                    "name": "J. Krinke"
                }
            ],
            "doi": "10.1007/s10664-021-10057-7",
            "intent": [
                "background"
            ],
            "isInfluential": false,
            "paperId": "8a7ab081a35f9f7336c60d6cf1c6a9627e8c71e1",
            "title": "Ethics in the mining of software repositories",
            "url": "https://www.semanticscholar.org/paper/8a7ab081a35f9f7336c60d6cf1c6a9627e8c71e1",
            "venue": "Empirical Software Engineering",
            "year": 2021
        },
        {
            "arxivId": "2109.11377",
            "authors": [
                {
                    "authorId": "47540245",
                    "name": "Jieyu Zhang"
                },
                {
                    "authorId": "1633124736",
                    "name": "Yue Yu"
                },
                {
                    "authorId": "1527089853",
                    "name": "Yinghao Li"
                },
                {
                    "authorId": "2115657798",
                    "name": "Yujing Wang"
                },
                {
                    "authorId": "2152661290",
                    "name": "Yaming Yang"
                },
                {
                    "authorId": "2168609907",
                    "name": "Mao Yang"
                },
                {
                    "authorId": "143711421",
                    "name": "Alexander J. Ratner"
                }
            ],
            "doi": null,
            "intent": [
                "background"
            ],
            "isInfluential": false,
            "paperId": "3ba529f732d3c4a31e9ce57f1c78ddf911846bf4",
            "title": "WRENCH: A Comprehensive Benchmark for Weak Supervision",
            "url": "https://www.semanticscholar.org/paper/3ba529f732d3c4a31e9ce57f1c78ddf911846bf4",
            "venue": "NeurIPS Datasets and Benchmarks",
            "year": 2021
        },
        {
            "arxivId": null,
            "authors": [
                {
                    "authorId": "48079765",
                    "name": "Seongmin Park"
                },
                {
                    "authorId": "2109350835",
                    "name": "Kyungho Kim"
                },
                {
                    "authorId": "2127376004",
                    "name": "Jihwa Lee"
                }
            ],
            "doi": "10.18653/v1/2023.findings-acl.328",
            "intent": [
                "background"
            ],
            "isInfluential": false,
            "paperId": "01deb8f11756ba677870c2ea67558a6ffe14b15a",
            "title": "Cross-task Knowledge Transfer for Extremely Weakly Supervised Text Classification",
            "url": "https://www.semanticscholar.org/paper/01deb8f11756ba677870c2ea67558a6ffe14b15a",
            "venue": "ACL",
            "year": 2023
        },
        {
            "arxivId": null,
            "authors": [
                {
                    "authorId": "100541109",
                    "name": "Haize Hu"
                },
                {
                    "authorId": "100965441",
                    "name": "Mengge Fang"
                },
                {
                    "authorId": "2157237878",
                    "name": "Jianxun Liu"
                }
            ],
            "doi": "10.1016/j.infsof.2024.107589",
            "intent": [],
            "isInfluential": false,
            "paperId": "fc97fed403975d1c7ecce83a43f5a82a230b340f",
            "title": "An intent-enhanced feedback extension model for code search",
            "url": "https://www.semanticscholar.org/paper/fc97fed403975d1c7ecce83a43f5a82a230b340f",
            "venue": "Information and Software Technology",
            "year": null
        }
    ],
    "corpusId": 235718461,
    "doi": "10.1109/MSR52588.2021.00077",
    "fieldsOfStudy": [
        "Computer Science"
    ],
    "influentialCitationCount": 0,
    "isOpenAccess": true,
    "isPublisherLicensed": true,
    "is_open_access": true,
    "is_publisher_licensed": true,
    "numCitedBy": 11,
    "numCiting": 0,
    "paperId": "2ef70115fb3164a1887b6d1364a69eb2076fe040",
    "references": [],
    "s2FieldsOfStudy": [
        {
            "category": "Computer Science",
            "source": "external"
        },
        {
            "category": "Computer Science",
            "source": "s2-fos-model"
        }
    ],
    "title": "Search4Code: Code Search Intent Classification Using Weak Supervision",
    "topics": [],
    "url": "https://www.semanticscholar.org/paper/2ef70115fb3164a1887b6d1364a69eb2076fe040",
    "venue": "IEEE Working Conference on Mining Software Repositories",
    "year": 2021
}