{
    "abstract": "Software engineering and evolution techniques have recently started to exploit the natural language information in source code. A key step in doing so is splitting identifiers into their constituent words. While simple in concept, identifier splitting raises several challenging issues, leading to a range of splitting techniques. Consequently, the research community would benefit from a dataset (i.e., a gold set) that facilitates comparative studies of identifier splitting techniques. A gold set of 2,663 split identifiers was constructed from 8,522 individual human splitting judgements and can be obtained from www.cs.loyola.edu/~binkley/ludiso. This set's construction and observations aimed at its effective use are described.",
    "arxivId": null,
    "authors": [
        {
            "authorId": "3408880",
            "name": "D. Binkley",
            "url": "https://www.semanticscholar.org/author/3408880"
        },
        {
            "authorId": "2539674",
            "name": "Dawn J Lawrie",
            "url": "https://www.semanticscholar.org/author/2539674"
        },
        {
            "authorId": "1699934",
            "name": "L. Pollock",
            "url": "https://www.semanticscholar.org/author/1699934"
        },
        {
            "authorId": "144172502",
            "name": "Emily Hill",
            "url": "https://www.semanticscholar.org/author/144172502"
        },
        {
            "authorId": "1400820110",
            "name": "K. Vijay-Shanker",
            "url": "https://www.semanticscholar.org/author/1400820110"
        }
    ],
    "citationVelocity": 0,
    "citations": [
        {
            "arxivId": null,
            "authors": [
                {
                    "authorId": "2146402217",
                    "name": "Yu Liu"
                },
                {
                    "authorId": "3153237",
                    "name": "Rahulkrishna Yandrapally"
                },
                {
                    "authorId": "35140726",
                    "name": "A. Kalia"
                },
                {
                    "authorId": "2114123962",
                    "name": "S. Sinha"
                },
                {
                    "authorId": "2956789",
                    "name": "Rachel Tzoref"
                },
                {
                    "authorId": "1853199",
                    "name": "A. Mesbah"
                }
            ],
            "doi": "10.1145/3524481.3527229",
            "intent": [
                "methodology"
            ],
            "isInfluential": false,
            "paperId": "e5a0065f850c8f23a80be278a54a3680825c3e45",
            "title": "CRAWLABEL: Computing Natural-Language Labels for UI Test Cases",
            "url": "https://www.semanticscholar.org/paper/e5a0065f850c8f23a80be278a54a3680825c3e45",
            "venue": "2022 IEEE/ACM International Conference on Automation of Software Test (AST)",
            "year": 2022
        },
        {
            "arxivId": "2111.14583",
            "authors": [
                {
                    "authorId": "148430293",
                    "name": "Zoe Kotti"
                },
                {
                    "authorId": "2937511",
                    "name": "Konstantinos Kravvaritis"
                },
                {
                    "authorId": "41095366",
                    "name": "Konstantina Dritsa"
                },
                {
                    "authorId": "1740799",
                    "name": "D. Spinellis"
                }
            ],
            "doi": "10.1007/s10664-020-09834-7",
            "intent": [
                "background"
            ],
            "isInfluential": false,
            "paperId": "7889d09a8d6c1fc0089ad645b5fda0dae57a6314",
            "title": "Standing on shoulders or feet? An extended study on the usage of the MSR data papers",
            "url": "https://www.semanticscholar.org/paper/7889d09a8d6c1fc0089ad645b5fda0dae57a6314",
            "venue": "Empirical Software Engineering",
            "year": 2020
        },
        {
            "arxivId": null,
            "authors": [
                {
                    "authorId": "1950163930",
                    "name": "Che Shian Hung"
                },
                {
                    "authorId": "145310968",
                    "name": "Robert Dyer"
                }
            ],
            "doi": "10.1145/3379597.3387480",
            "intent": [],
            "isInfluential": false,
            "paperId": "f19c85d8821877ea56c182ff9fbf753cac79d0a5",
            "title": "Boa Views: Easy Modularization and Sharing of MSR Analyses",
            "url": "https://www.semanticscholar.org/paper/f19c85d8821877ea56c182ff9fbf753cac79d0a5",
            "venue": "2020 IEEE/ACM 17th International Conference on Mining Software Repositories (MSR)",
            "year": 2020
        },
        {
            "arxivId": null,
            "authors": [
                {
                    "authorId": "2826421",
                    "name": "Hirohisa Aman"
                },
                {
                    "authorId": "3340955",
                    "name": "S. Amasaki"
                },
                {
                    "authorId": "40470001",
                    "name": "Tomoyuki Yokogawa"
                },
                {
                    "authorId": "2509395",
                    "name": "Minoru Kawahara"
                }
            ],
            "doi": "10.1002/smr.2220",
            "intent": [],
            "isInfluential": false,
            "paperId": "5fbb246b5901608d0c69bcb00d10bdc55aef8b92",
            "title": "Empirical study of abnormality in local variables and its application to fault\u2010prone Java method analysis",
            "url": "https://www.semanticscholar.org/paper/5fbb246b5901608d0c69bcb00d10bdc55aef8b92",
            "venue": "J. Softw. Evol. Process.",
            "year": 2020
        },
        {
            "arxivId": null,
            "authors": [
                {
                    "authorId": "148430293",
                    "name": "Zoe Kotti"
                },
                {
                    "authorId": "1740799",
                    "name": "D. Spinellis"
                }
            ],
            "doi": "10.1109/MSR.2019.00085",
            "intent": [],
            "isInfluential": false,
            "paperId": "43148fabe2636026e07ca04974aff40d204bfb6b",
            "title": "Standing on Shoulders or Feet? The Usage of the MSR Data Papers",
            "url": "https://www.semanticscholar.org/paper/43148fabe2636026e07ca04974aff40d204bfb6b",
            "venue": "2019 IEEE/ACM 16th International Conference on Mining Software Repositories (MSR)",
            "year": 2019
        },
        {
            "arxivId": null,
            "authors": [
                {
                    "authorId": "2826421",
                    "name": "Hirohisa Aman"
                },
                {
                    "authorId": "3340955",
                    "name": "S. Amasaki"
                },
                {
                    "authorId": "40470001",
                    "name": "Tomoyuki Yokogawa"
                },
                {
                    "authorId": "2509395",
                    "name": "Minoru Kawahara"
                }
            ],
            "doi": "10.1109/APSEC.2018.00082",
            "intent": [],
            "isInfluential": false,
            "paperId": "49636b7d3d0f7c46d044caa6635e8e905dedc66f",
            "title": "A Doc2Vec-Based Assessment of Comments and Its Application to Change-Prone Method Analysis",
            "url": "https://www.semanticscholar.org/paper/49636b7d3d0f7c46d044caa6635e8e905dedc66f",
            "venue": "2018 25th Asia-Pacific Software Engineering Conference (APSEC)",
            "year": 2018
        },
        {
            "arxivId": null,
            "authors": [
                {
                    "authorId": "81752601",
                    "name": "Jiechu Li"
                },
                {
                    "authorId": "2508149",
                    "name": "Qingfeng Du"
                },
                {
                    "authorId": "2065392231",
                    "name": "Kun Shi"
                },
                {
                    "authorId": "2119287775",
                    "name": "Yu He"
                },
                {
                    "authorId": "47118929",
                    "name": "Xin Wang"
                },
                {
                    "authorId": "1720735789",
                    "name": "Jincheng Xu"
                }
            ],
            "doi": "10.18293/SEKE2018-167",
            "intent": [
                "methodology"
            ],
            "isInfluential": true,
            "paperId": "ec8759286fd431ff864c093657742519f2d5a9c4",
            "title": "Helpful or Not? An investigation on the feasibility of identifier splitting via CNN-BiLSTM-CRF",
            "url": "https://www.semanticscholar.org/paper/ec8759286fd431ff864c093657742519f2d5a9c4",
            "venue": "SEKE",
            "year": 2018
        },
        {
            "arxivId": null,
            "authors": [
                {
                    "authorId": "2406512",
                    "name": "M. Hucka"
                }
            ],
            "doi": "10.21105/JOSS.00596",
            "intent": [
                "background",
                "methodology"
            ],
            "isInfluential": true,
            "paperId": "e38c6f18f483938cd4bd5b627eb8f8ad1473d268",
            "title": "Nostril: A nonsense string evaluator written in Python",
            "url": "https://www.semanticscholar.org/paper/e38c6f18f483938cd4bd5b627eb8f8ad1473d268",
            "venue": "J. Open Source Softw.",
            "year": 2018
        },
        {
            "arxivId": null,
            "authors": [
                {
                    "authorId": "21216319",
                    "name": "Christian D. Newman"
                },
                {
                    "authorId": "3395640",
                    "name": "Reem S. Alsuhaibani"
                },
                {
                    "authorId": "35436408",
                    "name": "Michael L. Collard"
                },
                {
                    "authorId": "2518515",
                    "name": "Jonathan I. Maletic"
                }
            ],
            "doi": "10.1109/SANER.2017.7884624",
            "intent": [],
            "isInfluential": false,
            "paperId": "58c6760d6e15b09e252443e841ba7251da7b972c",
            "title": "Lexical categories for source code identifiers",
            "url": "https://www.semanticscholar.org/paper/58c6760d6e15b09e252443e841ba7251da7b972c",
            "venue": "2017 IEEE 24th International Conference on Software Analysis, Evolution and Reengineering (SANER)",
            "year": 2017
        },
        {
            "arxivId": null,
            "authors": [
                {
                    "authorId": "13851143",
                    "name": "A. Corazza"
                },
                {
                    "authorId": "1697502",
                    "name": "Valerio Maggio"
                },
                {
                    "authorId": "1730059",
                    "name": "G. Scanniello"
                }
            ],
            "doi": "10.1007/s11219-016-9347-1",
            "intent": [
                "methodology"
            ],
            "isInfluential": false,
            "paperId": "88c72198dc0592a8891c15e224bd1bb211cce1e3",
            "title": "Coherence of comments and method implementations: a dataset and an empirical investigation",
            "url": "https://www.semanticscholar.org/paper/88c72198dc0592a8891c15e224bd1bb211cce1e3",
            "venue": "Software Quality Journal",
            "year": 2016
        },
        {
            "arxivId": null,
            "authors": [
                {
                    "authorId": "4898852",
                    "name": "Simon Butler"
                }
            ],
            "doi": null,
            "intent": [
                "methodology"
            ],
            "isInfluential": false,
            "paperId": "161ddf5fb3d6090152846813b921a91e157b68cd",
            "title": "Analysing Java identifier names",
            "url": "https://www.semanticscholar.org/paper/161ddf5fb3d6090152846813b921a91e157b68cd",
            "venue": "",
            "year": 2016
        },
        {
            "arxivId": null,
            "authors": [
                {
                    "authorId": "3395640",
                    "name": "Reem S. Alsuhaibani"
                },
                {
                    "authorId": "21216319",
                    "name": "Christian D. Newman"
                },
                {
                    "authorId": "35436408",
                    "name": "Michael L. Collard"
                },
                {
                    "authorId": "2518515",
                    "name": "Jonathan I. Maletic"
                }
            ],
            "doi": "10.1109/MUD.2015.7327960",
            "intent": [
                "background"
            ],
            "isInfluential": false,
            "paperId": "228596bf2e9105f0360772dc63b040c3af8e312c",
            "title": "Heuristic-based part-of-speech tagging of source code identifiers and comments",
            "url": "https://www.semanticscholar.org/paper/228596bf2e9105f0360772dc63b040c3af8e312c",
            "venue": "2015 IEEE 5th Workshop on Mining Unstructured Data (MUD)",
            "year": 2015
        },
        {
            "arxivId": null,
            "authors": [
                {
                    "authorId": "13851143",
                    "name": "A. Corazza"
                },
                {
                    "authorId": "1697502",
                    "name": "Valerio Maggio"
                },
                {
                    "authorId": "1730059",
                    "name": "G. Scanniello"
                }
            ],
            "doi": "10.1109/SEAA.2015.20",
            "intent": [],
            "isInfluential": false,
            "paperId": "d67a8e141aff2dc4d2315e43c57c668ef312e0ef",
            "title": "On the Coherence between Comments and Implementations in Source Code",
            "url": "https://www.semanticscholar.org/paper/d67a8e141aff2dc4d2315e43c57c668ef312e0ef",
            "venue": "2015 41st Euromicro Conference on Software Engineering and Advanced Applications",
            "year": 2015
        },
        {
            "arxivId": null,
            "authors": [
                {
                    "authorId": "3395640",
                    "name": "Reem S. Alsuhaibani"
                }
            ],
            "doi": null,
            "intent": [],
            "isInfluential": false,
            "paperId": "ab097ccd87e6066f59ef7ae6eeb848a7fa85c680",
            "title": "Part-of-Speech Tagging of Source Code Identifiers using Programming Language Context Versus Natural Language Context",
            "url": "https://www.semanticscholar.org/paper/ab097ccd87e6066f59ef7ae6eeb848a7fa85c680",
            "venue": "",
            "year": 2015
        }
    ],
    "corpusId": 1005622,
    "doi": "10.1109/MSR.2013.6624055",
    "fieldsOfStudy": [
        "Computer Science"
    ],
    "influentialCitationCount": 2,
    "isOpenAccess": false,
    "isPublisherLicensed": true,
    "is_open_access": false,
    "is_publisher_licensed": true,
    "numCitedBy": 14,
    "numCiting": 13,
    "paperId": "a144bb4acf43bdde69f850c65f3519dba8b5501f",
    "references": [
        {
            "arxivId": null,
            "authors": [
                {
                    "authorId": "1782697",
                    "name": "Latifa Guerrouj"
                },
                {
                    "authorId": "1719962",
                    "name": "M. D. Penta"
                },
                {
                    "authorId": "1692292",
                    "name": "G. Antoniol"
                },
                {
                    "authorId": "1718050",
                    "name": "Yann-Ga\u00ebl Gu\u00e9h\u00e9neuc"
                }
            ],
            "doi": "10.1002/smr.539",
            "intent": [
                "methodology"
            ],
            "isInfluential": false,
            "paperId": "f9c8d239059c0c5c1f6a5cc53258b7dbbc272448",
            "title": "TIDIER: an identifier splitting approach using speech recognition techniques",
            "url": "https://www.semanticscholar.org/paper/f9c8d239059c0c5c1f6a5cc53258b7dbbc272448",
            "venue": "J. Softw. Evol. Process.",
            "year": 2013
        },
        {
            "arxivId": null,
            "authors": [
                {
                    "authorId": "13851143",
                    "name": "A. Corazza"
                },
                {
                    "authorId": "2517508",
                    "name": "S. Martino"
                },
                {
                    "authorId": "1697502",
                    "name": "Valerio Maggio"
                }
            ],
            "doi": "10.1109/ICSM.2012.6405277",
            "intent": [],
            "isInfluential": false,
            "paperId": "781f29d48046aefef0b0cdfaf5f97dce5ca3d798",
            "title": "LINSEN: An efficient approach to split identifiers and expand abbreviations",
            "url": "https://www.semanticscholar.org/paper/781f29d48046aefef0b0cdfaf5f97dce5ca3d798",
            "venue": "2012 28th IEEE International Conference on Software Maintenance (ICSM)",
            "year": 2012
        },
        {
            "arxivId": null,
            "authors": [
                {
                    "authorId": "4898852",
                    "name": "Simon Butler"
                },
                {
                    "authorId": "1770749",
                    "name": "M. Wermelinger"
                },
                {
                    "authorId": "1718749",
                    "name": "Y. Yu"
                },
                {
                    "authorId": "145574559",
                    "name": "H. Sharp"
                }
            ],
            "doi": "10.1007/978-3-642-22655-7_7",
            "intent": [
                "methodology",
                "background"
            ],
            "isInfluential": false,
            "paperId": "b8379a66d113849a6079327cc6e3f00db308bdc6",
            "title": "Improving the Tokenisation of Identifier Names",
            "url": "https://www.semanticscholar.org/paper/b8379a66d113849a6079327cc6e3f00db308bdc6",
            "venue": "ECOOP",
            "year": 2011
        },
        {
            "arxivId": null,
            "authors": [
                {
                    "authorId": "2539674",
                    "name": "Dawn J Lawrie"
                },
                {
                    "authorId": "3408880",
                    "name": "D. Binkley"
                },
                {
                    "authorId": "2081201944",
                    "name": "Christopher Morrell"
                }
            ],
            "doi": "10.1109/WCRE.2010.10",
            "intent": [
                "methodology"
            ],
            "isInfluential": false,
            "paperId": "42b0a782febde2986cf572cc530363e0da75b197",
            "title": "Normalizing Source Code Vocabulary",
            "url": "https://www.semanticscholar.org/paper/42b0a782febde2986cf572cc530363e0da75b197",
            "venue": "2010 17th Working Conference on Reverse Engineering",
            "year": 2010
        },
        {
            "arxivId": null,
            "authors": [
                {
                    "authorId": "2359849",
                    "name": "Nioosha Madani"
                },
                {
                    "authorId": "1782697",
                    "name": "Latifa Guerrouj"
                },
                {
                    "authorId": "1719962",
                    "name": "M. D. Penta"
                },
                {
                    "authorId": "1718050",
                    "name": "Yann-Ga\u00ebl Gu\u00e9h\u00e9neuc"
                },
                {
                    "authorId": "1692292",
                    "name": "G. Antoniol"
                }
            ],
            "doi": "10.1109/CSMR.2010.31",
            "intent": [
                "methodology"
            ],
            "isInfluential": false,
            "paperId": "e1ec794c7bb3cc53250d8eb6c702b65e2ac34dc4",
            "title": "Recognizing Words from Source Code Identifiers Using Speech Recognition Techniques",
            "url": "https://www.semanticscholar.org/paper/e1ec794c7bb3cc53250d8eb6c702b65e2ac34dc4",
            "venue": "2010 14th European Conference on Software Maintenance and Reengineering",
            "year": 2010
        },
        {
            "arxivId": null,
            "authors": [
                {
                    "authorId": "2005354",
                    "name": "Eric Enslen"
                },
                {
                    "authorId": "144172502",
                    "name": "Emily Hill"
                },
                {
                    "authorId": "1699934",
                    "name": "L. Pollock"
                },
                {
                    "authorId": "1400820110",
                    "name": "K. Vijay-Shanker"
                }
            ],
            "doi": "10.1109/MSR.2009.5069482",
            "intent": [
                "methodology"
            ],
            "isInfluential": false,
            "paperId": "868119a15a67f8d7d6ffd01face416142b838c0c",
            "title": "Mining source code to automatically split identifiers for software analysis",
            "url": "https://www.semanticscholar.org/paper/868119a15a67f8d7d6ffd01face416142b838c0c",
            "venue": "2009 6th IEEE International Working Conference on Mining Software Repositories",
            "year": 2009
        },
        {
            "arxivId": null,
            "authors": [
                {
                    "authorId": "3408880",
                    "name": "D. Binkley"
                },
                {
                    "authorId": "2539674",
                    "name": "Dawn J Lawrie"
                },
                {
                    "authorId": "2006717549",
                    "name": "Steven A. Maex"
                },
                {
                    "authorId": "2081201944",
                    "name": "Christopher Morrell"
                }
            ],
            "doi": "10.1016/j.scico.2009.02.006",
            "intent": [
                "background"
            ],
            "isInfluential": false,
            "paperId": "bacb7a66ec5e2995009cef058491e267ce85fbb2",
            "title": "Identifier length and limited programmer memory",
            "url": "https://www.semanticscholar.org/paper/bacb7a66ec5e2995009cef058491e267ce85fbb2",
            "venue": "Sci. Comput. Program.",
            "year": 2009
        },
        {
            "arxivId": null,
            "authors": [
                {
                    "authorId": "2539674",
                    "name": "Dawn J Lawrie"
                },
                {
                    "authorId": "2420310",
                    "name": "H. Feild"
                },
                {
                    "authorId": "3408880",
                    "name": "D. Binkley"
                }
            ],
            "doi": "10.1007/s10664-006-9032-2",
            "intent": [
                "background",
                "methodology"
            ],
            "isInfluential": false,
            "paperId": "e8cfe4a354f3a68738e98ca527331e83dc6b774c",
            "title": "Quantifying identifier quality: an analysis of trends",
            "url": "https://www.semanticscholar.org/paper/e8cfe4a354f3a68738e98ca527331e83dc6b774c",
            "venue": "Empirical Software Engineering",
            "year": 2006
        },
        {
            "arxivId": null,
            "authors": [
                {
                    "authorId": "1697640",
                    "name": "B. Liblit"
                },
                {
                    "authorId": "1776779",
                    "name": "Andrew Begel"
                },
                {
                    "authorId": "3480001",
                    "name": "Eve Sweetser"
                }
            ],
            "doi": null,
            "intent": [],
            "isInfluential": false,
            "paperId": "d58ccccd7d3e109fb42549b4c5c15148502c275c",
            "title": "Cognitive Perspectives on the Role of Naming in Computer Programs",
            "url": "https://www.semanticscholar.org/paper/d58ccccd7d3e109fb42549b4c5c15148502c275c",
            "venue": "PPIG",
            "year": 2006
        },
        {
            "arxivId": null,
            "authors": [
                {
                    "authorId": "1750958",
                    "name": "F. Dei\u00dfenb\u00f6ck"
                },
                {
                    "authorId": "2188316",
                    "name": "M. Pizka"
                }
            ],
            "doi": "10.1007/s11219-006-9219-1",
            "intent": [
                "background"
            ],
            "isInfluential": false,
            "paperId": "ca221a1cc608f4c330e1b185b402cb616dd8429d",
            "title": "Concise and consistent naming",
            "url": "https://www.semanticscholar.org/paper/ca221a1cc608f4c330e1b185b402cb616dd8429d",
            "venue": "13th International Workshop on Program Comprehension (IWPC'05)",
            "year": 2005
        },
        {
            "arxivId": null,
            "authors": [
                {
                    "authorId": "2076400",
                    "name": "B. Caprile"
                },
                {
                    "authorId": "1769017",
                    "name": "P. Tonella"
                }
            ],
            "doi": "10.1109/WCRE.1999.806952",
            "intent": [
                "background"
            ],
            "isInfluential": false,
            "paperId": "b8c4c811808f77905459dba863651d6a2f940d21",
            "title": "Nomen est omen: analyzing the language of function identifiers",
            "url": "https://www.semanticscholar.org/paper/b8c4c811808f77905459dba863651d6a2f940d21",
            "venue": "Sixth Working Conference on Reverse Engineering (Cat. No.PR00303)",
            "year": 1999
        },
        {
            "arxivId": null,
            "authors": [
                {
                    "authorId": "2329984",
                    "name": "N. Anquetil"
                },
                {
                    "authorId": "145712621",
                    "name": "T. Lethbridge"
                }
            ],
            "doi": "10.1145/783160.783164",
            "intent": [
                "background"
            ],
            "isInfluential": false,
            "paperId": "3f6fc1373c50699b5aa7c88c53b186fba60bc5d3",
            "title": "Assessing the relevance of identifier names in a legacy software system",
            "url": "https://www.semanticscholar.org/paper/3f6fc1373c50699b5aa7c88c53b186fba60bc5d3",
            "venue": "CASCON",
            "year": 1998
        },
        {
            "arxivId": null,
            "authors": [
                {
                    "authorId": "2420310",
                    "name": "H. Feild"
                },
                {
                    "authorId": "3408880",
                    "name": "D. Binkley"
                },
                {
                    "authorId": "2539674",
                    "name": "Dawn J Lawrie"
                }
            ],
            "doi": null,
            "intent": [
                "methodology",
                "background"
            ],
            "isInfluential": false,
            "paperId": "928e78ea8035a1d63a4926b43a6b4b58f916af7e",
            "title": "AN EMPIRICAL COMPARISON OF TECHNIQUES FOR EXTRACTING CONCEPT ABBREVIATIONS FROM IDENTIFIERS",
            "url": "https://www.semanticscholar.org/paper/928e78ea8035a1d63a4926b43a6b4b58f916af7e",
            "venue": "",
            "year": 2006
        }
    ],
    "s2FieldsOfStudy": [
        {
            "category": "Computer Science",
            "source": "external"
        },
        {
            "category": "Computer Science",
            "source": "s2-fos-model"
        }
    ],
    "title": "A dataset for evaluating identifier splitters",
    "topics": [
        {
            "topic": "Identifier",
            "topicId": "10057",
            "url": "https://www.semanticscholar.org/topic/10057"
        },
        {
            "topic": "Software engineering",
            "topicId": "7832",
            "url": "https://www.semanticscholar.org/topic/7832"
        },
        {
            "topic": "Natural language",
            "topicId": "1911",
            "url": "https://www.semanticscholar.org/topic/1911"
        }
    ],
    "url": "https://www.semanticscholar.org/paper/a144bb4acf43bdde69f850c65f3519dba8b5501f",
    "venue": "IEEE Working Conference on Mining Software Repositories",
    "year": 2013
}