{
    "abstract": "Open-source Software (OSS) has become a valuable resource in both industry and academia over the last few decades. Despite the innovative structures they develop to support the projects, OSS projects and their communities have complex needs and face risks such as getting abandoned. To manage the internal social dynamics and community evolution, OSS developer communities have started relying on written governance documents that assign roles and responsibilities to different community actors.To facilitate the study of the impact and effectiveness of formal governance documents on OSS projects and communities, we present a longitudinal dataset of 710 GitHub-hosted OSS projects with GOVERNANCE.MD governance files. This dataset includes all commits made to the repository, all issues and comments created on GitHub, and all revisions made to the governance file. We hope its availability will foster more research interest in studying how OSS communities govern their projects and the impact of governance files on communities.",
    "arxivId": "2304.00460",
    "authors": [
        {
            "authorId": "2161310026",
            "name": "Yibo Yan",
            "url": "https://www.semanticscholar.org/author/2161310026"
        },
        {
            "authorId": "34811200",
            "name": "Seth Frey",
            "url": "https://www.semanticscholar.org/author/34811200"
        },
        {
            "authorId": "2153659810",
            "name": "Amy Zhang",
            "url": "https://www.semanticscholar.org/author/2153659810"
        },
        {
            "authorId": "3179220",
            "name": "V. Filkov",
            "url": "https://www.semanticscholar.org/author/3179220"
        },
        {
            "authorId": "46190374",
            "name": "Likang Yin",
            "url": "https://www.semanticscholar.org/author/46190374"
        }
    ],
    "citationVelocity": 0,
    "citations": [
        {
            "arxivId": "2405.05541",
            "authors": [
                {
                    "authorId": "2300370621",
                    "name": "Philip Oliver"
                },
                {
                    "authorId": "2300371031",
                    "name": "Jens Dietrich"
                },
                {
                    "authorId": "1741672",
                    "name": "C. Anslow"
                },
                {
                    "authorId": "2239110364",
                    "name": "Michael Homer"
                }
            ],
            "doi": "10.1145/3643991.3644912",
            "intent": [
                "background"
            ],
            "isInfluential": false,
            "paperId": "aee4ae2631ef612458fead210ce214b3ffb1d6dd",
            "title": "CrashJS: A NodeJS Benchmark for Automated Crash Reproduction",
            "url": "https://www.semanticscholar.org/paper/aee4ae2631ef612458fead210ce214b3ffb1d6dd",
            "venue": "2024 IEEE/ACM 21st International Conference on Mining Software Repositories (MSR)",
            "year": 2024
        }
    ],
    "corpusId": 257912713,
    "doi": "10.1109/MSR59073.2023.00089",
    "fieldsOfStudy": [
        "Computer Science"
    ],
    "influentialCitationCount": 0,
    "isOpenAccess": true,
    "isPublisherLicensed": true,
    "is_open_access": true,
    "is_publisher_licensed": true,
    "numCitedBy": 1,
    "numCiting": 26,
    "paperId": "cdd493c8ed9b702662dfb72c1bdfd541938cdc36",
    "references": [
        {
            "arxivId": null,
            "authors": [
                {
                    "authorId": "1929447",
                    "name": "Stefan Stanciulescu"
                },
                {
                    "authorId": "46190374",
                    "name": "Likang Yin"
                },
                {
                    "authorId": "3179220",
                    "name": "V. Filkov"
                }
            ],
            "doi": "10.1145/3540250.3549132",
            "intent": [],
            "isInfluential": false,
            "paperId": "a9d5fff09a4dc91de3326404b5ff58a519d924cc",
            "title": "Code, quality, and process metrics in graduated and retired ASFI projects",
            "url": "https://www.semanticscholar.org/paper/a9d5fff09a4dc91de3326404b5ff58a519d924cc",
            "venue": "ESEC/SIGSOFT FSE",
            "year": 2022
        },
        {
            "arxivId": "2203.03144",
            "authors": [
                {
                    "authorId": "46190374",
                    "name": "Likang Yin"
                },
                {
                    "authorId": "1409495734",
                    "name": "Mahasweta Chakraborti"
                },
                {
                    "authorId": "2441057",
                    "name": "C. Schweik"
                },
                {
                    "authorId": "34811200",
                    "name": "Seth Frey"
                },
                {
                    "authorId": "3179220",
                    "name": "V. Filkov"
                }
            ],
            "doi": "10.1145/3555129",
            "intent": [
                "methodology"
            ],
            "isInfluential": false,
            "paperId": "493985387a335b247c588c15f73e0f0c132ce0f6",
            "title": "Open Source Software Sustainability: Combining Institutional Analysis and Socio-Technical Networks",
            "url": "https://www.semanticscholar.org/paper/493985387a335b247c588c15f73e0f0c132ce0f6",
            "venue": "Proc. ACM Hum. Comput. Interact.",
            "year": 2022
        },
        {
            "arxivId": "2105.14252",
            "authors": [
                {
                    "authorId": "46190374",
                    "name": "Likang Yin"
                },
                {
                    "authorId": "9220941",
                    "name": "Zhuangzhi Chen"
                },
                {
                    "authorId": "2552865",
                    "name": "Qi Xuan"
                },
                {
                    "authorId": "3179220",
                    "name": "V. Filkov"
                }
            ],
            "doi": "10.1145/3468264.3468563",
            "intent": [
                "background"
            ],
            "isInfluential": false,
            "paperId": "1787d1a1b6928c5c8dffb87f9411b620747dc9a2",
            "title": "Sustainability forecasting for Apache incubator projects",
            "url": "https://www.semanticscholar.org/paper/1787d1a1b6928c5c8dffb87f9411b620747dc9a2",
            "venue": "ESEC/SIGSOFT FSE",
            "year": 2021
        },
        {
            "arxivId": null,
            "authors": [
                {
                    "authorId": "46190374",
                    "name": "Likang Yin"
                },
                {
                    "authorId": "2117993075",
                    "name": "Zhiyuan Zhang"
                },
                {
                    "authorId": "2552865",
                    "name": "Qi Xuan"
                },
                {
                    "authorId": "3179220",
                    "name": "V. Filkov"
                }
            ],
            "doi": "10.1109/MSR52588.2021.00081",
            "intent": [
                "background"
            ],
            "isInfluential": false,
            "paperId": "87966d0ad4be995d10c40802adf80cada58619dd",
            "title": "Apache Software Foundation Incubator Project Sustainability Dataset",
            "url": "https://www.semanticscholar.org/paper/87966d0ad4be995d10c40802adf80cada58619dd",
            "venue": "2021 IEEE/ACM 18th International Conference on Mining Software Repositories (MSR)",
            "year": 2021
        },
        {
            "arxivId": null,
            "authors": [
                {
                    "authorId": "2116260443",
                    "name": "Renee Li"
                },
                {
                    "authorId": "2080430102",
                    "name": "Pavitthra Pandurangan"
                },
                {
                    "authorId": "2080429332",
                    "name": "Hana Frluckaj"
                },
                {
                    "authorId": "1784365",
                    "name": "Laura A. Dabbish"
                }
            ],
            "doi": "10.1145/3449093",
            "intent": [
                "background"
            ],
            "isInfluential": false,
            "paperId": "b02133faa5c07432f667b1036d6c83964058a83b",
            "title": "Code of Conduct Conversations in Open Source Software Projects on Github",
            "url": "https://www.semanticscholar.org/paper/b02133faa5c07432f667b1036d6c83964058a83b",
            "venue": "Proc. ACM Hum. Comput. Interact.",
            "year": 2021
        },
        {
            "arxivId": null,
            "authors": [
                {
                    "authorId": "145254207",
                    "name": "Nathan Schneider"
                }
            ],
            "doi": "10.33767/osf.io/dk5tb",
            "intent": [],
            "isInfluential": false,
            "paperId": "2b02c788606e75f8a4208b3b42b061977a21aa6a",
            "title": "Designing Community Self-Governance with CommunityRule",
            "url": "https://www.semanticscholar.org/paper/2b02c788606e75f8a4208b3b42b061977a21aa6a",
            "venue": "",
            "year": 2020
        },
        {
            "arxivId": "2008.04236",
            "authors": [
                {
                    "authorId": "144518215",
                    "name": "Amy X. Zhang"
                },
                {
                    "authorId": "1582163896",
                    "name": "Grant Hugh"
                },
                {
                    "authorId": "145879842",
                    "name": "Michael S. Bernstein"
                }
            ],
            "doi": "10.1145/3379337.3415858",
            "intent": [
                "background"
            ],
            "isInfluential": false,
            "paperId": "3050565cd6df133b82150871df38ac2687209e83",
            "title": "PolicyKit: Building Governance in Online Communities",
            "url": "https://www.semanticscholar.org/paper/3050565cd6df133b82150871df38ac2687209e83",
            "venue": "UIST",
            "year": 2020
        },
        {
            "arxivId": null,
            "authors": [
                {
                    "authorId": "34811200",
                    "name": "Seth Frey"
                },
                {
                    "authorId": "143782314",
                    "name": "P. Krafft"
                },
                {
                    "authorId": "145832870",
                    "name": "Brian Keegan"
                }
            ],
            "doi": "10.1145/3359134",
            "intent": [
                "background"
            ],
            "isInfluential": false,
            "paperId": "f6703c2cc722a0c893d1d3d5f672498ba48ff3e2",
            "title": "\"This Place Does What It Was Built For\"",
            "url": "https://www.semanticscholar.org/paper/f6703c2cc722a0c893d1d3d5f672498ba48ff3e2",
            "venue": "Proc. ACM Hum. Comput. Interact.",
            "year": 2019
        },
        {
            "arxivId": null,
            "authors": [
                {
                    "authorId": "19165535",
                    "name": "D. Spadini"
                },
                {
                    "authorId": "2289215",
                    "name": "M. Aniche"
                },
                {
                    "authorId": "1686038",
                    "name": "Alberto Bacchelli"
                }
            ],
            "doi": "10.1145/3236024.3264598",
            "intent": [],
            "isInfluential": false,
            "paperId": "7b5f909e1ab4d076116d11e1e7754b3c12471db8",
            "title": "PyDriller: Python framework for mining software repositories",
            "url": "https://www.semanticscholar.org/paper/7b5f909e1ab4d076116d11e1e7754b3c12471db8",
            "venue": "ESEC/SIGSOFT FSE",
            "year": 2018
        },
        {
            "arxivId": null,
            "authors": [
                {
                    "authorId": "144125116",
                    "name": "Santiago Due\u00f1as"
                },
                {
                    "authorId": "34820138",
                    "name": "Valerio Cosentino"
                },
                {
                    "authorId": "143684601",
                    "name": "G. Robles"
                },
                {
                    "authorId": "1397826059",
                    "name": "Jesus M. Gonzalez-Barahona"
                }
            ],
            "doi": "10.1145/3183440.3183475",
            "intent": [],
            "isInfluential": false,
            "paperId": "d2efef27cc5a10d61c50a5298019cbd6991fe42d",
            "title": "Perceval: Software Project Data at Your Will",
            "url": "https://www.semanticscholar.org/paper/d2efef27cc5a10d61c50a5298019cbd6991fe42d",
            "venue": "2018 IEEE/ACM 40th International Conference on Software Engineering: Companion (ICSE-Companion)",
            "year": 2018
        },
        {
            "arxivId": "1804.10312",
            "authors": [
                {
                    "authorId": "34811200",
                    "name": "Seth Frey"
                },
                {
                    "authorId": "1693475",
                    "name": "R. Sumner"
                }
            ],
            "doi": "10.1371/journal.pone.0216335",
            "intent": [
                "background"
            ],
            "isInfluential": false,
            "paperId": "09036fab172d635b4c798ed046c857908eae905e",
            "title": "Emergence of integrated institutions in a large population of self-governing communities",
            "url": "https://www.semanticscholar.org/paper/09036fab172d635b4c798ed046c857908eae905e",
            "venue": "PloS one",
            "year": 2018
        },
        {
            "arxivId": null,
            "authors": [
                {
                    "authorId": "144272262",
                    "name": "Javier Luis C\u00e1novas Izquierdo"
                },
                {
                    "authorId": "1705375",
                    "name": "Jordi Cabot"
                }
            ],
            "doi": "10.1109/ICSE.2015.184",
            "intent": [],
            "isInfluential": false,
            "paperId": "a13c2e0ed2bf4683716161f936f63f1c8745e349",
            "title": "Enabling the Definition and Enforcement of Governance Rules in Open Source Systems",
            "url": "https://www.semanticscholar.org/paper/a13c2e0ed2bf4683716161f936f63f1c8745e349",
            "venue": "2015 IEEE/ACM 37th IEEE International Conference on Software Engineering",
            "year": 2015
        },
        {
            "arxivId": null,
            "authors": [
                {
                    "authorId": "1710951",
                    "name": "Jonas Gamalielsson"
                },
                {
                    "authorId": "2399883",
                    "name": "B. Lundell"
                }
            ],
            "doi": "10.1016/j.jss.2013.11.1077",
            "intent": [],
            "isInfluential": false,
            "paperId": "c066a79a6f18fe62b76c864d85698e89c81780bf",
            "title": "Sustainability of Open Source software communities beyond a fork: How and why has the LibreOffice project evolved?",
            "url": "https://www.semanticscholar.org/paper/c066a79a6f18fe62b76c864d85698e89c81780bf",
            "venue": "J. Syst. Softw.",
            "year": 2014
        },
        {
            "arxivId": null,
            "authors": [
                {
                    "authorId": "2211882",
                    "name": "Georgios Gousios"
                }
            ],
            "doi": "10.1109/MSR.2013.6624034",
            "intent": [
                "methodology"
            ],
            "isInfluential": false,
            "paperId": "2867eb64cc4bb1945363fdae12a168962ea823aa",
            "title": "The GHTorent dataset and tool suite",
            "url": "https://www.semanticscholar.org/paper/2867eb64cc4bb1945363fdae12a168962ea823aa",
            "venue": "2013 10th Working Conference on Mining Software Repositories (MSR)",
            "year": 2013
        },
        {
            "arxivId": null,
            "authors": [
                {
                    "authorId": "2297368",
                    "name": "W. Tibben"
                }
            ],
            "doi": "10.1080/08109028.2013.767423",
            "intent": [],
            "isInfluential": false,
            "paperId": "1a75d484c337398fb3bef8a46c74bb0f07a8dfde",
            "title": "Internet success: a study of open-source software commons",
            "url": "https://www.semanticscholar.org/paper/1a75d484c337398fb3bef8a46c74bb0f07a8dfde",
            "venue": "",
            "year": 2013
        },
        {
            "arxivId": null,
            "authors": [
                {
                    "authorId": "145193818",
                    "name": "C. Bird"
                }
            ],
            "doi": "10.1109/ICSM.2011.6080832",
            "intent": [
                "background"
            ],
            "isInfluential": false,
            "paperId": "2a22042bbb55e6bb3e0d1866d3dd8d616c67aef3",
            "title": "Sociotechnical coordination and collaboration in open source software",
            "url": "https://www.semanticscholar.org/paper/2a22042bbb55e6bb3e0d1866d3dd8d616c67aef3",
            "venue": "2011 27th IEEE International Conference on Software Maintenance (ICSM)",
            "year": 2011
        },
        {
            "arxivId": null,
            "authors": [
                {
                    "authorId": "2615528",
                    "name": "A. Ghapanchi"
                },
                {
                    "authorId": "1733061",
                    "name": "A. Aurum"
                },
                {
                    "authorId": "1998066",
                    "name": "G. Low"
                }
            ],
            "doi": "10.5210/fm.v16i8.3558",
            "intent": [
                "background"
            ],
            "isInfluential": false,
            "paperId": "5c9bda239ef11ae281b049e2f1e42e2e48c4eba7",
            "title": "A taxonomy for measuring the success of open source software projects",
            "url": "https://www.semanticscholar.org/paper/5c9bda239ef11ae281b049e2f1e42e2e48c4eba7",
            "venue": "First Monday",
            "year": 2011
        },
        {
            "arxivId": null,
            "authors": [
                {
                    "authorId": "1398723331",
                    "name": "I. Chengalur-Smith"
                },
                {
                    "authorId": "143875211",
                    "name": "A. Sidorova"
                },
                {
                    "authorId": "145829379",
                    "name": "Sherae L. Daniel"
                }
            ],
            "doi": "10.17705/1jais.00244",
            "intent": [
                "background"
            ],
            "isInfluential": false,
            "paperId": "934e0e87df10ca51138e3fe857a2de216787cbef",
            "title": "Sustainability of Free/Libre Open Source Projects: A Longitudinal Study",
            "url": "https://www.semanticscholar.org/paper/934e0e87df10ca51138e3fe857a2de216787cbef",
            "venue": "J. Assoc. Inf. Syst.",
            "year": 2010
        },
        {
            "arxivId": null,
            "authors": [
                {
                    "authorId": "145193818",
                    "name": "C. Bird"
                },
                {
                    "authorId": "1693689",
                    "name": "Nachiappan Nagappan"
                },
                {
                    "authorId": "50355692",
                    "name": "H. Gall"
                },
                {
                    "authorId": "49358427",
                    "name": "Brendan Murphy"
                },
                {
                    "authorId": "1730296",
                    "name": "Premkumar T. Devanbu"
                }
            ],
            "doi": "10.1109/ISSRE.2009.17",
            "intent": [
                "background"
            ],
            "isInfluential": false,
            "paperId": "9efcf4effd644259278e789bd126273c6a0d7f48",
            "title": "Putting It All Together: Using Socio-technical Networks to Predict Failures",
            "url": "https://www.semanticscholar.org/paper/9efcf4effd644259278e789bd126273c6a0d7f48",
            "venue": "2009 20th International Symposium on Software Reliability Engineering",
            "year": 2009
        },
        {
            "arxivId": null,
            "authors": [
                {
                    "authorId": "1705550",
                    "name": "J. Herbsleb"
                }
            ],
            "doi": "10.1109/FOSE.2007.11",
            "intent": [],
            "isInfluential": false,
            "paperId": "3621eac63003c54f20ab387f6d4b5fbfd0624cfd",
            "title": "Global Software Engineering: The Future of Socio-technical Coordination",
            "url": "https://www.semanticscholar.org/paper/3621eac63003c54f20ab387f6d4b5fbfd0624cfd",
            "venue": "Future of Software Engineering (FOSE '07)",
            "year": 2007
        },
        {
            "arxivId": null,
            "authors": [
                {
                    "authorId": "1697237",
                    "name": "Nicolas Ducheneaut"
                }
            ],
            "doi": "10.1007/s10606-005-9000-1",
            "intent": [
                "background"
            ],
            "isInfluential": false,
            "paperId": "9e13b0df8c772d05019d54c453a51942151938ca",
            "title": "Socialization in an Open Source Software Community: A Socio-Technical Analysis",
            "url": "https://www.semanticscholar.org/paper/9e13b0df8c772d05019d54c453a51942151938ca",
            "venue": "Computer Supported Cooperative Work (CSCW)",
            "year": 2005
        },
        {
            "arxivId": null,
            "authors": [
                {
                    "authorId": "15204283",
                    "name": "G. Brady"
                }
            ],
            "doi": "10.2307/1059950",
            "intent": [],
            "isInfluential": false,
            "paperId": "f1f7964241c12d4c55e2c46195791c115f754080",
            "title": "Governing the Commons: The Evolution of Institutions for Collective Action",
            "url": "https://www.semanticscholar.org/paper/f1f7964241c12d4c55e2c46195791c115f754080",
            "venue": "",
            "year": 1993
        },
        {
            "arxivId": null,
            "authors": [
                {
                    "authorId": "1488661098",
                    "name": "Yao Lu"
                },
                {
                    "authorId": "39389365",
                    "name": "Xinjun Mao"
                },
                {
                    "authorId": "2109644296",
                    "name": "Zude Li"
                },
                {
                    "authorId": "46867931",
                    "name": "Yang Zhang"
                },
                {
                    "authorId": "39082503",
                    "name": "Tao Wang"
                },
                {
                    "authorId": "143634613",
                    "name": "Gang Yin"
                }
            ],
            "doi": "10.1109/APSEC.2016.018",
            "intent": [
                "background"
            ],
            "isInfluential": false,
            "paperId": "7b9ba59b7e147e2bfcb4220bad5595ca414537a3",
            "title": "Does the Role Matter? An Investigation of the Code Quality of Casual Contributors in GitHub",
            "url": "https://www.semanticscholar.org/paper/7b9ba59b7e147e2bfcb4220bad5595ca414537a3",
            "venue": "2016 23rd Asia-Pacific Software Engineering Conference (APSEC)",
            "year": 2016
        },
        {
            "arxivId": null,
            "authors": [
                {
                    "authorId": "2068535657",
                    "name": "Amrollahi Alireza"
                },
                {
                    "authorId": "89790068",
                    "name": "Khansari Mohammad"
                },
                {
                    "authorId": "121526662",
                    "name": "Manian Amir"
                }
            ],
            "doi": null,
            "intent": [
                "background"
            ],
            "isInfluential": false,
            "paperId": "544e62cf25fd9c78bb9734177607bb89c6622098",
            "title": "HOW OPEN SOURCE SOFTWARE SUCCEEDS? A REVIEW OF RESEARCH ON SUCCESS OF OPEN SOURCE SOFTWARE",
            "url": "https://www.semanticscholar.org/paper/544e62cf25fd9c78bb9734177607bb89c6622098",
            "venue": "",
            "year": 2014
        },
        {
            "arxivId": null,
            "authors": [
                {
                    "authorId": "1736292",
                    "name": "W. Scacchi"
                }
            ],
            "doi": "10.1007/0-387-24262-7_1",
            "intent": [
                "background"
            ],
            "isInfluential": false,
            "paperId": "cf10f1474775d5bb513f5f62f0cb79e08a2712c5",
            "title": "Socio-Technical Interaction Networks in Free/Open Source Software Development Processes",
            "url": "https://www.semanticscholar.org/paper/cf10f1474775d5bb513f5f62f0cb79e08a2712c5",
            "venue": "",
            "year": 2005
        },
        {
            "arxivId": null,
            "authors": [],
            "doi": null,
            "intent": [],
            "isInfluential": false,
            "paperId": "",
            "title": "results like \u2018Governance-Committee Charter.md\u2019, \u2018IPEP-29:- Project-Governance.md\u2019, and \u2018GovernancePolicy.md\u2019, etc., exist",
            "url": "",
            "venue": "github",
            "year": null
        }
    ],
    "s2FieldsOfStudy": [
        {
            "category": "Computer Science",
            "source": "external"
        },
        {
            "category": "Computer Science",
            "source": "s2-fos-model"
        }
    ],
    "title": "GitHub OSS Governance File Dataset",
    "topics": [],
    "url": "https://www.semanticscholar.org/paper/cdd493c8ed9b702662dfb72c1bdfd541938cdc36",
    "venue": "IEEE Working Conference on Mining Software Repositories",
    "year": 2023
}