{
    "abstract": "INVocD is a database of the identifier name declarations and vocabulary found in 60 FLOSS Java projects where the source code structure is recorded and the identifier name vocabulary is made directly available, offering advantages for identifier name research over conventional source code models. The database has been used to support a range of research projects from identifier name analysis to concept location, and provides many opportunities to researchers. INVocD may be downloaded from http://oro.open.ac.uk/36992.",
    "arxivId": null,
    "authors": [
        {
            "authorId": "4898852",
            "name": "Simon Butler",
            "url": "https://www.semanticscholar.org/author/4898852"
        },
        {
            "authorId": "1770749",
            "name": "M. Wermelinger",
            "url": "https://www.semanticscholar.org/author/1770749"
        },
        {
            "authorId": "1718749",
            "name": "Y. Yu",
            "url": "https://www.semanticscholar.org/author/1718749"
        },
        {
            "authorId": "145574559",
            "name": "H. Sharp",
            "url": "https://www.semanticscholar.org/author/145574559"
        }
    ],
    "citationVelocity": 0,
    "citations": [
        {
            "arxivId": null,
            "authors": [
                {
                    "authorId": "49811642",
                    "name": "Jun-yong Luo"
                },
                {
                    "authorId": "2144177754",
                    "name": "Jingxuan Zhang"
                },
                {
                    "authorId": "1713329",
                    "name": "Zhiqiu Huang"
                },
                {
                    "authorId": "2146647614",
                    "name": "Yong Xu"
                },
                {
                    "authorId": "2155083153",
                    "name": "Chenxing Sun"
                }
            ],
            "doi": "10.1631/FITEE.2100470",
            "intent": [
                "background"
            ],
            "isInfluential": false,
            "paperId": "01d6054c98aa0200afb7987ad9717f88ae570692",
            "title": "Toward an accurate method renaming approach via structural and lexical analyses",
            "url": "https://www.semanticscholar.org/paper/01d6054c98aa0200afb7987ad9717f88ae570692",
            "venue": "Frontiers of Information Technology & Electronic Engineering",
            "year": 2022
        },
        {
            "arxivId": "2203.00113",
            "authors": [
                {
                    "authorId": "2134588372",
                    "name": "Anthony Peruma"
                },
                {
                    "authorId": "21216319",
                    "name": "Christian D. Newman"
                }
            ],
            "doi": "10.1145/3528588.3528657",
            "intent": [
                "background"
            ],
            "isInfluential": false,
            "paperId": "323628b128464378de22316c861549f773c591ab",
            "title": "Understanding Digits in Identifier Names: An Exploratory Study",
            "url": "https://www.semanticscholar.org/paper/323628b128464378de22316c861549f773c591ab",
            "venue": "2022 IEEE/ACM 1st International Workshop on Natural Language-Based Software Engineering (NLBSE)",
            "year": 2022
        },
        {
            "arxivId": null,
            "authors": [
                {
                    "authorId": "49184504",
                    "name": "Shangwen Wang"
                },
                {
                    "authorId": "38784613",
                    "name": "Ming Wen"
                },
                {
                    "authorId": "2068283803",
                    "name": "Bo Lin"
                },
                {
                    "authorId": "8191582",
                    "name": "Xiaoguang Mao"
                }
            ],
            "doi": "10.1145/3468264.3468567",
            "intent": [],
            "isInfluential": false,
            "paperId": "e9f79bae3269e8c3aa14a76e6b6ed6acd0d36e3e",
            "title": "Lightweight global and local contexts guided method name recommendation with prior knowledge",
            "url": "https://www.semanticscholar.org/paper/e9f79bae3269e8c3aa14a76e6b6ed6acd0d36e3e",
            "venue": "ESEC/SIGSOFT FSE",
            "year": 2021
        },
        {
            "arxivId": "2111.14583",
            "authors": [
                {
                    "authorId": "148430293",
                    "name": "Zoe Kotti"
                },
                {
                    "authorId": "2937511",
                    "name": "Konstantinos Kravvaritis"
                },
                {
                    "authorId": "41095366",
                    "name": "Konstantina Dritsa"
                },
                {
                    "authorId": "1740799",
                    "name": "D. Spinellis"
                }
            ],
            "doi": "10.1007/s10664-020-09834-7",
            "intent": [
                "background"
            ],
            "isInfluential": false,
            "paperId": "7889d09a8d6c1fc0089ad645b5fda0dae57a6314",
            "title": "Standing on shoulders or feet? An extended study on the usage of the MSR data papers",
            "url": "https://www.semanticscholar.org/paper/7889d09a8d6c1fc0089ad645b5fda0dae57a6314",
            "venue": "Empirical Software Engineering",
            "year": 2020
        },
        {
            "arxivId": null,
            "authors": [
                {
                    "authorId": "144868059",
                    "name": "Guangjie Li"
                },
                {
                    "authorId": "2146673922",
                    "name": "Hui Liu"
                },
                {
                    "authorId": "3164530",
                    "name": "Ally S. Nyamawe"
                }
            ],
            "doi": "10.1145/3379443",
            "intent": [
                "background"
            ],
            "isInfluential": false,
            "paperId": "33e3df1976268b0382736e7d09cf637a6426bd50",
            "title": "A Survey on Renamings of Software Entities",
            "url": "https://www.semanticscholar.org/paper/33e3df1976268b0382736e7d09cf637a6426bd50",
            "venue": "ACM Comput. Surv.",
            "year": 2020
        },
        {
            "arxivId": null,
            "authors": [
                {
                    "authorId": "145407228",
                    "name": "Kui Liu"
                },
                {
                    "authorId": "144213448",
                    "name": "Dongsun Kim"
                },
                {
                    "authorId": "3023999",
                    "name": "T\u00e9gawend\u00e9 F. Bissyand\u00e9"
                },
                {
                    "authorId": "2111033142",
                    "name": "Tae-young Kim"
                },
                {
                    "authorId": "35276441",
                    "name": "Kisub Kim"
                },
                {
                    "authorId": "31491515",
                    "name": "Anil Koyuncu"
                },
                {
                    "authorId": "153274545",
                    "name": "Suntae Kim"
                },
                {
                    "authorId": "47681863",
                    "name": "Y. L. Traon"
                }
            ],
            "doi": "10.1109/ICSE.2019.00019",
            "intent": [
                "background"
            ],
            "isInfluential": false,
            "paperId": "0073547de99221662cc1dd3ea4babab91a2512f6",
            "title": "Learning to Spot and Refactor Inconsistent Method Names",
            "url": "https://www.semanticscholar.org/paper/0073547de99221662cc1dd3ea4babab91a2512f6",
            "venue": "2019 IEEE/ACM 41st International Conference on Software Engineering (ICSE)",
            "year": 2019
        },
        {
            "arxivId": null,
            "authors": [
                {
                    "authorId": "148430293",
                    "name": "Zoe Kotti"
                },
                {
                    "authorId": "1740799",
                    "name": "D. Spinellis"
                }
            ],
            "doi": "10.1109/MSR.2019.00085",
            "intent": [],
            "isInfluential": false,
            "paperId": "43148fabe2636026e07ca04974aff40d204bfb6b",
            "title": "Standing on Shoulders or Feet? The Usage of the MSR Data Papers",
            "url": "https://www.semanticscholar.org/paper/43148fabe2636026e07ca04974aff40d204bfb6b",
            "venue": "2019 IEEE/ACM 16th International Conference on Mining Software Repositories (MSR)",
            "year": 2019
        },
        {
            "arxivId": "1805.11651",
            "authors": [
                {
                    "authorId": "2092112186",
                    "name": "Vadim Markovtsev"
                },
                {
                    "authorId": "40899253",
                    "name": "Waren Long"
                },
                {
                    "authorId": "145175137",
                    "name": "Egor Bulychev"
                },
                {
                    "authorId": "46238807",
                    "name": "Romain Keramitas"
                },
                {
                    "authorId": "29927852",
                    "name": "Konstantin Slavnov"
                },
                {
                    "authorId": "46254772",
                    "name": "Gabor Markowski"
                }
            ],
            "doi": null,
            "intent": [],
            "isInfluential": false,
            "paperId": "97c21e0aacb1d0714fcdffb5eac5d80ff245001e",
            "title": "Splitting source code identifiers using Bidirectional LSTM Recurrent Neural Network",
            "url": "https://www.semanticscholar.org/paper/97c21e0aacb1d0714fcdffb5eac5d80ff245001e",
            "venue": "ArXiv",
            "year": 2018
        },
        {
            "arxivId": null,
            "authors": [
                {
                    "authorId": "2067113898",
                    "name": "Na Ta"
                },
                {
                    "authorId": "1771100",
                    "name": "N. Funabiki"
                },
                {
                    "authorId": "36563518",
                    "name": "Khin Khin Zaw"
                },
                {
                    "authorId": "145047127",
                    "name": "N. Ishihara"
                },
                {
                    "authorId": "2115823655",
                    "name": "Shinpei Matsumoto"
                },
                {
                    "authorId": "1854324",
                    "name": "W. Kao"
                }
            ],
            "doi": "10.1108/IJWIS-12-2016-0076",
            "intent": [],
            "isInfluential": false,
            "paperId": "632a6403f9ee4e13a2e7a32efeca57ab0b7c6b50",
            "title": "A fill-in-blank problem workbook for Java programming learning assistant system",
            "url": "https://www.semanticscholar.org/paper/632a6403f9ee4e13a2e7a32efeca57ab0b7c6b50",
            "venue": "Int. J. Web Inf. Syst.",
            "year": 2017
        },
        {
            "arxivId": null,
            "authors": [
                {
                    "authorId": "4898852",
                    "name": "Simon Butler"
                }
            ],
            "doi": null,
            "intent": [],
            "isInfluential": false,
            "paperId": "161ddf5fb3d6090152846813b921a91e157b68cd",
            "title": "Analysing Java identifier names",
            "url": "https://www.semanticscholar.org/paper/161ddf5fb3d6090152846813b921a91e157b68cd",
            "venue": "",
            "year": 2016
        },
        {
            "arxivId": null,
            "authors": [
                {
                    "authorId": "4898852",
                    "name": "Simon Butler"
                },
                {
                    "authorId": "1770749",
                    "name": "M. Wermelinger"
                },
                {
                    "authorId": "1718749",
                    "name": "Y. Yu"
                }
            ],
            "doi": "10.1109/ICSM.2015.7332450",
            "intent": [
                "methodology",
                "background"
            ],
            "isInfluential": true,
            "paperId": "e89e9219b6bb06a898e1a81f11973ab0dd29e099",
            "title": "Investigating naming convention adherence in Java references",
            "url": "https://www.semanticscholar.org/paper/e89e9219b6bb06a898e1a81f11973ab0dd29e099",
            "venue": "2015 IEEE International Conference on Software Maintenance and Evolution (ICSME)",
            "year": 2015
        },
        {
            "arxivId": null,
            "authors": [
                {
                    "authorId": "4898852",
                    "name": "Simon Butler"
                },
                {
                    "authorId": "1770749",
                    "name": "M. Wermelinger"
                },
                {
                    "authorId": "1718749",
                    "name": "Y. Yu"
                }
            ],
            "doi": "10.1109/ICPC.2015.30",
            "intent": [],
            "isInfluential": false,
            "paperId": "da09d16a09b98675f39c71e835bdcfa15e973ed9",
            "title": "A Survey of the Forms of Java Reference Names",
            "url": "https://www.semanticscholar.org/paper/da09d16a09b98675f39c71e835bdcfa15e973ed9",
            "venue": "2015 IEEE 23rd International Conference on Program Comprehension",
            "year": 2015
        },
        {
            "arxivId": null,
            "authors": [
                {
                    "authorId": "4898852",
                    "name": "Simon Butler"
                },
                {
                    "authorId": "1770749",
                    "name": "M. Wermelinger"
                },
                {
                    "authorId": "47111898",
                    "name": "Yijun Yu"
                }
            ],
            "doi": null,
            "intent": [
                "methodology",
                "background"
            ],
            "isInfluential": true,
            "paperId": "55cd0221e0b9f03d9c50156a5dad979106e7235c",
            "title": "Investigating naming convention adherence in Java references Conference or Workshop Item",
            "url": "https://www.semanticscholar.org/paper/55cd0221e0b9f03d9c50156a5dad979106e7235c",
            "venue": "",
            "year": 2018
        },
        {
            "arxivId": null,
            "authors": [
                {
                    "authorId": "4898852",
                    "name": "Simon Butler"
                },
                {
                    "authorId": "1770749",
                    "name": "M. Wermelinger"
                },
                {
                    "authorId": "47111898",
                    "name": "Yijun Yu"
                }
            ],
            "doi": null,
            "intent": [],
            "isInfluential": false,
            "paperId": "5b46e67d0c0107dd410998bdfb983f7a05224d65",
            "title": "The Open University \u2019 s repository of research publications and other research outputs Investigating naming convention adherence in Java",
            "url": "https://www.semanticscholar.org/paper/5b46e67d0c0107dd410998bdfb983f7a05224d65",
            "venue": "",
            "year": 2017
        },
        {
            "arxivId": null,
            "authors": [
                {
                    "authorId": "4898852",
                    "name": "Simon Butler"
                },
                {
                    "authorId": "1770749",
                    "name": "M. Wermelinger"
                },
                {
                    "authorId": "47111898",
                    "name": "Yijun Yu"
                }
            ],
            "doi": null,
            "intent": [],
            "isInfluential": false,
            "paperId": "5337c568000888e2e10a7337092410a7736f22d8",
            "title": "Investigating Naming Convention Adherence in Java",
            "url": "https://www.semanticscholar.org/paper/5337c568000888e2e10a7337092410a7736f22d8",
            "venue": "",
            "year": 2016
        },
        {
            "arxivId": null,
            "authors": [
                {
                    "authorId": "4898852",
                    "name": "Simon Butler"
                },
                {
                    "authorId": "1770749",
                    "name": "M. Wermelinger"
                },
                {
                    "authorId": "47111898",
                    "name": "Yijun Yu"
                }
            ],
            "doi": null,
            "intent": [],
            "isInfluential": false,
            "paperId": "af833d9177a28ccb6679f509377c63e4fb4e6383",
            "title": "outputs Investigating naming convention adherence in Java",
            "url": "https://www.semanticscholar.org/paper/af833d9177a28ccb6679f509377c63e4fb4e6383",
            "venue": "",
            "year": 2016
        },
        {
            "arxivId": null,
            "authors": [
                {
                    "authorId": "2066352730",
                    "name": "Sujata S. Deshmukh"
                },
                {
                    "authorId": "71459709",
                    "name": "S. Singh"
                }
            ],
            "doi": null,
            "intent": [],
            "isInfluential": false,
            "paperId": "85f95a106f3387feb1d064154fce3cec580a5085",
            "title": "IDETIFIER ANALYSIS THROUGH CODE INSPECTION",
            "url": "https://www.semanticscholar.org/paper/85f95a106f3387feb1d064154fce3cec580a5085",
            "venue": "",
            "year": 2016
        },
        {
            "arxivId": null,
            "authors": [
                {
                    "authorId": "4898852",
                    "name": "Simon Butler"
                },
                {
                    "authorId": "1770749",
                    "name": "M. Wermelinger"
                },
                {
                    "authorId": "47111898",
                    "name": "Yijun Yu"
                }
            ],
            "doi": null,
            "intent": [],
            "isInfluential": false,
            "paperId": "f4a87966db12bbe01be280708e6e8b54b4f7e744",
            "title": "The Open University \u2019 s repository of research publications and other research outputs Investigating naming convention adherence in Java references Conference Item",
            "url": "https://www.semanticscholar.org/paper/f4a87966db12bbe01be280708e6e8b54b4f7e744",
            "venue": "",
            "year": 2015
        },
        {
            "arxivId": null,
            "authors": [
                {
                    "authorId": "4898852",
                    "name": "Simon Butler"
                }
            ],
            "doi": null,
            "intent": [
                "background"
            ],
            "isInfluential": false,
            "paperId": "d618080b6b0a9b04802e5aeb3e59141f3467a09d",
            "title": "Analysing Java Identifier Names in the Wild",
            "url": "https://www.semanticscholar.org/paper/d618080b6b0a9b04802e5aeb3e59141f3467a09d",
            "venue": "PPIG",
            "year": 2015
        }
    ],
    "corpusId": 8630705,
    "doi": "10.1109/MSR.2013.6624056",
    "fieldsOfStudy": [
        "Computer Science"
    ],
    "influentialCitationCount": 0,
    "isOpenAccess": true,
    "isPublisherLicensed": true,
    "is_open_access": true,
    "is_publisher_licensed": true,
    "numCitedBy": 19,
    "numCiting": 9,
    "paperId": "c925b0f2c7956cabd9ce75bb41c33be0a587e63a",
    "references": [
        {
            "arxivId": null,
            "authors": [
                {
                    "authorId": "1780562",
                    "name": "S. Abebe"
                },
                {
                    "authorId": "3133380",
                    "name": "Venera Arnaoudova"
                },
                {
                    "authorId": "1769017",
                    "name": "P. Tonella"
                },
                {
                    "authorId": "1692292",
                    "name": "G. Antoniol"
                },
                {
                    "authorId": "1718050",
                    "name": "Yann-Ga\u00ebl Gu\u00e9h\u00e9neuc"
                }
            ],
            "doi": "10.1109/WCRE.2012.33",
            "intent": [],
            "isInfluential": false,
            "paperId": "d8668c154de5a0e00b0c35e8ccb17782d84cd005",
            "title": "Can Lexicon Bad Smells Improve Fault Prediction?",
            "url": "https://www.semanticscholar.org/paper/d8668c154de5a0e00b0c35e8ccb17782d84cd005",
            "venue": "2012 19th Working Conference on Reverse Engineering",
            "year": 2012
        },
        {
            "arxivId": null,
            "authors": [
                {
                    "authorId": "1797322",
                    "name": "St\u00e9phane Ducasse"
                },
                {
                    "authorId": "2329984",
                    "name": "N. Anquetil"
                },
                {
                    "authorId": "2891762",
                    "name": "M. U. Bhatti"
                },
                {
                    "authorId": "143857974",
                    "name": "Andr\u00e9 C. Hora"
                },
                {
                    "authorId": "38211995",
                    "name": "Jannik Laval"
                },
                {
                    "authorId": "1795069",
                    "name": "Tudor G\u00eerba"
                }
            ],
            "doi": null,
            "intent": [
                "methodology"
            ],
            "isInfluential": false,
            "paperId": "a948eba958977645bda9c9ad08b6321ac60ae7c6",
            "title": "MSE and FAMIX 3.0: an Interexchange Format and Source Code Model Family",
            "url": "https://www.semanticscholar.org/paper/a948eba958977645bda9c9ad08b6321ac60ae7c6",
            "venue": "",
            "year": 2011
        },
        {
            "arxivId": null,
            "authors": [
                {
                    "authorId": "2418438",
                    "name": "Tezcan Dilshener"
                },
                {
                    "authorId": "1770749",
                    "name": "M. Wermelinger"
                }
            ],
            "doi": "10.1109/ICSM.2011.6080808",
            "intent": [
                "methodology"
            ],
            "isInfluential": false,
            "paperId": "1417bd398070db658ddb954649957c6614693f74",
            "title": "Relating developers' concepts and artefact vocabulary in a financial software module",
            "url": "https://www.semanticscholar.org/paper/1417bd398070db658ddb954649957c6614693f74",
            "venue": "2011 27th IEEE International Conference on Software Maintenance (ICSM)",
            "year": 2011
        },
        {
            "arxivId": null,
            "authors": [
                {
                    "authorId": "4898852",
                    "name": "Simon Butler"
                },
                {
                    "authorId": "1770749",
                    "name": "M. Wermelinger"
                },
                {
                    "authorId": "1718749",
                    "name": "Y. Yu"
                },
                {
                    "authorId": "145574559",
                    "name": "H. Sharp"
                }
            ],
            "doi": "10.1109/ICSM.2011.6080776",
            "intent": [
                "methodology"
            ],
            "isInfluential": false,
            "paperId": "18328c5cbd525cf388ed4c0b32c8c59ac2de1b26",
            "title": "Mining java class naming conventions",
            "url": "https://www.semanticscholar.org/paper/18328c5cbd525cf388ed4c0b32c8c59ac2de1b26",
            "venue": "2011 27th IEEE International Conference on Software Maintenance (ICSM)",
            "year": 2011
        },
        {
            "arxivId": null,
            "authors": [
                {
                    "authorId": "4898852",
                    "name": "Simon Butler"
                },
                {
                    "authorId": "1770749",
                    "name": "M. Wermelinger"
                },
                {
                    "authorId": "1718749",
                    "name": "Y. Yu"
                },
                {
                    "authorId": "145574559",
                    "name": "H. Sharp"
                }
            ],
            "doi": "10.1007/978-3-642-22655-7_7",
            "intent": [
                "methodology"
            ],
            "isInfluential": true,
            "paperId": "b8379a66d113849a6079327cc6e3f00db308bdc6",
            "title": "Improving the Tokenisation of Identifier Names",
            "url": "https://www.semanticscholar.org/paper/b8379a66d113849a6079327cc6e3f00db308bdc6",
            "venue": "ECOOP",
            "year": 2011
        },
        {
            "arxivId": null,
            "authors": [
                {
                    "authorId": "1403747947",
                    "name": "Einar W. H\u00f8st"
                },
                {
                    "authorId": "1700079",
                    "name": "Bjarte M. \u00d8stvold"
                }
            ],
            "doi": "10.1007/978-3-642-00434-6_20",
            "intent": [],
            "isInfluential": false,
            "paperId": "f1c055d40476fd37c2748d82276d8ea8f5c7cfb1",
            "title": "The Java Programmer's Phrase Book",
            "url": "https://www.semanticscholar.org/paper/f1c055d40476fd37c2748d82276d8ea8f5c7cfb1",
            "venue": "SLE",
            "year": 2009
        },
        {
            "arxivId": null,
            "authors": [
                {
                    "authorId": "145712621",
                    "name": "T. Lethbridge"
                },
                {
                    "authorId": "3177929",
                    "name": "S. Tichelaar"
                },
                {
                    "authorId": "2083115446",
                    "name": "E. Pl\u00f6dereder"
                }
            ],
            "doi": "10.1016/J.ENTCS.2004.01.008",
            "intent": [
                "methodology"
            ],
            "isInfluential": false,
            "paperId": "bab81bf5bd18081cd5064e8c4fbdf98169737e98",
            "title": "The Dagstuhl Middle Metamodel: A Schema For Reverse Engineering",
            "url": "https://www.semanticscholar.org/paper/bab81bf5bd18081cd5064e8c4fbdf98169737e98",
            "venue": "ateM",
            "year": 2004
        },
        {
            "arxivId": null,
            "authors": [],
            "doi": null,
            "intent": [],
            "isInfluential": false,
            "paperId": "",
            "title": "Available: http://hal.archives-ouvertes.fr/index.php?halsid= bvn39r6d5ucvb6e95asroiipj6&view this doc=hal-00646884&version=1",
            "url": "",
            "venue": "Available: http://hal.archives-ouvertes.fr/index.php?halsid= bvn39r6d5ucvb6e95asroiipj6&view this doc=hal-00646884&version=1",
            "year": null
        },
        {
            "arxivId": null,
            "authors": [],
            "doi": null,
            "intent": [],
            "isInfluential": false,
            "paperId": "",
            "title": "Improving the tokeni - sation of identifier names , \u201d in 25 th European Conf . on Object - Oriented Programming , ser",
            "url": "",
            "venue": "",
            "year": null
        }
    ],
    "s2FieldsOfStudy": [
        {
            "category": "Computer Science",
            "source": "external"
        },
        {
            "category": "Computer Science",
            "source": "s2-fos-model"
        }
    ],
    "title": "INVocD: Identifier name vocabulary dataset",
    "topics": [],
    "url": "https://www.semanticscholar.org/paper/c925b0f2c7956cabd9ce75bb41c33be0a587e63a",
    "venue": "IEEE Working Conference on Mining Software Repositories",
    "year": 2013
}