{
    "abstract": "In model driven engineering (MDE), meta-models are the central artifacts. As a complement, the Object Constraint Language (OCL) is a language used to express constraints and operations on meta-models. The Eclipse Modeling Framework (EMF) provides an implementation of OCL, enabling OCL-annotated meta-models. Existing empirical studies of the OCL have been conducted on small collections of data. To facilitate empirical research into the OCL on a larger scale, we present the first publicly available data set of OCL expressions. The data set contains 9188 OCL expressions originating from 504 EMF meta-models in 245 systematically selected GitHub repositories. Both the original meta-models and the generated abstract syntax trees are included, allowing for a variety of empirical studies of the OCL. To illustrate the applicability of this data set in practice, we performed three case studies.",
    "arxivId": null,
    "authors": [
        {
            "authorId": "50135282",
            "name": "Jeroen Noten",
            "url": "https://www.semanticscholar.org/author/50135282"
        },
        {
            "authorId": "2436060",
            "name": "J. Mengerink",
            "url": "https://www.semanticscholar.org/author/2436060"
        },
        {
            "authorId": "1747171",
            "name": "Alexander Serebrenik",
            "url": "https://www.semanticscholar.org/author/1747171"
        }
    ],
    "citationVelocity": 0,
    "citations": [
        {
            "arxivId": null,
            "authors": [
                {
                    "authorId": "1937761",
                    "name": "T. P. Sales"
                },
                {
                    "authorId": "1682625",
                    "name": "Pedro Paulo F. Barcelos"
                },
                {
                    "authorId": "32847213",
                    "name": "Claudenir M. Fonseca"
                },
                {
                    "authorId": "2228584437",
                    "name": "Isadora Valle Souza"
                },
                {
                    "authorId": "2157638510",
                    "name": "Elena Romanenko"
                },
                {
                    "authorId": "83208499",
                    "name": "C. Bernab\u00e9"
                },
                {
                    "authorId": "2245021876",
                    "name": "Luiz Olavo Bonino da Silva Santos"
                },
                {
                    "authorId": "2037028807",
                    "name": "Mattia Fumagalli"
                },
                {
                    "authorId": "1393219997",
                    "name": "J. Kritz"
                },
                {
                    "authorId": "2186079855",
                    "name": "Jo\u00e3o Paulo A. Almeida"
                },
                {
                    "authorId": "1732239",
                    "name": "G. Guizzardi"
                }
            ],
            "doi": "10.1016/j.datak.2023.102210",
            "intent": [],
            "isInfluential": false,
            "paperId": "b47bbe430e44a253382ea3eed87f77d926d0a212",
            "title": "A FAIR catalog of ontology-driven conceptual models",
            "url": "https://www.semanticscholar.org/paper/b47bbe430e44a253382ea3eed87f77d926d0a212",
            "venue": "Data Knowl. Eng.",
            "year": 2023
        },
        {
            "arxivId": "2303.16244",
            "authors": [
                {
                    "authorId": "2213030346",
                    "name": "Seif Abukhalaf"
                },
                {
                    "authorId": "1770180",
                    "name": "Mohammad Hamdaqa"
                },
                {
                    "authorId": "1703493",
                    "name": "Foutse Khomh"
                }
            ],
            "doi": "10.1109/MSR59073.2023.00033",
            "intent": [
                "background"
            ],
            "isInfluential": false,
            "paperId": "0a0d6a98bd246a82aaaa9d33ec0eadf4ceae69dc",
            "title": "On Codex Prompt Engineering for OCL Generation: An Empirical Study",
            "url": "https://www.semanticscholar.org/paper/0a0d6a98bd246a82aaaa9d33ec0eadf4ceae69dc",
            "venue": "2023 IEEE/ACM 20th International Conference on Mining Software Repositories (MSR)",
            "year": 2023
        },
        {
            "arxivId": "2203.17112",
            "authors": [
                {
                    "authorId": "51248180",
                    "name": "S. L. Shrestha"
                },
                {
                    "authorId": "21511788",
                    "name": "Shafiul Azam Chowdhury"
                },
                {
                    "authorId": "2926604",
                    "name": "Christoph Csallner"
                }
            ],
            "doi": "10.1145/3524842.3528001",
            "intent": [
                "background"
            ],
            "isInfluential": false,
            "paperId": "a124e7e816f3f0097abbed7f34124745dcbf11af",
            "title": "SLNET: A Redistributable Corpus of 3rd-party Simulink Models",
            "url": "https://www.semanticscholar.org/paper/a124e7e816f3f0097abbed7f34124745dcbf11af",
            "venue": "2022 IEEE/ACM 19th International Conference on Mining Software Repositories (MSR)",
            "year": 2022
        },
        {
            "arxivId": null,
            "authors": [
                {
                    "authorId": "2028614539",
                    "name": "Jorge Perianez-Pascual"
                },
                {
                    "authorId": "1402330235",
                    "name": "Roberto Rodr\u00edguez-Echeverr\u00eda"
                },
                {
                    "authorId": "3093085",
                    "name": "Loli Burgue\u00f1o"
                },
                {
                    "authorId": "144220398",
                    "name": "Jordi Cabot"
                }
            ],
            "doi": "10.1145/3426425.3426937",
            "intent": [
                "methodology"
            ],
            "isInfluential": false,
            "paperId": "6f2131c1a6205eefc88105ba45ab9df3a1a6b4ed",
            "title": "Towards the optical character recognition of DSLs",
            "url": "https://www.semanticscholar.org/paper/6f2131c1a6205eefc88105ba45ab9df3a1a6b4ed",
            "venue": "SLE",
            "year": 2020
        },
        {
            "arxivId": null,
            "authors": [
                {
                    "authorId": "36607258",
                    "name": "Sayed Mohsin Reza"
                },
                {
                    "authorId": "2674902",
                    "name": "O. Badreddin"
                },
                {
                    "authorId": "9093188",
                    "name": "Khandoker Rahad"
                }
            ],
            "doi": "10.1145/3417990.3422006",
            "intent": [
                "background"
            ],
            "isInfluential": false,
            "paperId": "d3b0b50c22c709401f8c1debb4a84f4fa4d681d0",
            "title": "ModelMine: a tool to facilitate mining models from open source repositories",
            "url": "https://www.semanticscholar.org/paper/d3b0b50c22c709401f8c1debb4a84f4fa4d681d0",
            "venue": "MoDELS",
            "year": 2020
        },
        {
            "arxivId": "2111.14583",
            "authors": [
                {
                    "authorId": "148430293",
                    "name": "Zoe Kotti"
                },
                {
                    "authorId": "2937511",
                    "name": "Konstantinos Kravvaritis"
                },
                {
                    "authorId": "41095366",
                    "name": "Konstantina Dritsa"
                },
                {
                    "authorId": "1740799",
                    "name": "D. Spinellis"
                }
            ],
            "doi": "10.1007/s10664-020-09834-7",
            "intent": [],
            "isInfluential": false,
            "paperId": "7889d09a8d6c1fc0089ad645b5fda0dae57a6314",
            "title": "Standing on shoulders or feet? An extended study on the usage of the MSR data papers",
            "url": "https://www.semanticscholar.org/paper/7889d09a8d6c1fc0089ad645b5fda0dae57a6314",
            "venue": "Empirical Software Engineering",
            "year": 2020
        },
        {
            "arxivId": null,
            "authors": [
                {
                    "authorId": "121373582",
                    "name": "H. Truong"
                }
            ],
            "doi": null,
            "intent": [
                "methodology"
            ],
            "isInfluential": false,
            "paperId": "19c959208ac959de357041ca5b1adb61c961cdab",
            "title": "Empowering Empirical Research in Software Design: Construction and Studies on a Large-Scale Corpus of UML Models",
            "url": "https://www.semanticscholar.org/paper/19c959208ac959de357041ca5b1adb61c961cdab",
            "venue": "",
            "year": 2019
        },
        {
            "arxivId": null,
            "authors": [
                {
                    "authorId": "148430293",
                    "name": "Zoe Kotti"
                },
                {
                    "authorId": "1740799",
                    "name": "D. Spinellis"
                }
            ],
            "doi": "10.1109/MSR.2019.00085",
            "intent": [],
            "isInfluential": false,
            "paperId": "43148fabe2636026e07ca04974aff40d204bfb6b",
            "title": "Standing on Shoulders or Feet? The Usage of the MSR Data Papers",
            "url": "https://www.semanticscholar.org/paper/43148fabe2636026e07ca04974aff40d204bfb6b",
            "venue": "2019 IEEE/ACM 16th International Conference on Mining Software Repositories (MSR)",
            "year": 2019
        },
        {
            "arxivId": null,
            "authors": [
                {
                    "authorId": "1405330418",
                    "name": "Truong Ho-Quang"
                },
                {
                    "authorId": "144836037",
                    "name": "M. Chaudron"
                },
                {
                    "authorId": "143684601",
                    "name": "G. Robles"
                },
                {
                    "authorId": "52163497",
                    "name": "Guntur Budi Herwanto"
                }
            ],
            "doi": "10.1109/ECASE.2019.00014",
            "intent": [
                "methodology"
            ],
            "isInfluential": false,
            "paperId": "541aca3942ad22ff2432c0b8f7d09eb4d6dd3fc6",
            "title": "Towards an Infrastructure for Empirical Research into Software Architecture: Challenges and Directions",
            "url": "https://www.semanticscholar.org/paper/541aca3942ad22ff2432c0b8f7d09eb4d6dd3fc6",
            "venue": "2019 IEEE/ACM 2nd International Workshop on Establishing the Community-Wide Infrastructure for Architecture-Based Software Engineering (ECASE)",
            "year": 2019
        },
        {
            "arxivId": "1904.11164",
            "authors": [
                {
                    "authorId": "80177375",
                    "name": "P. Pickerill"
                },
                {
                    "authorId": "81323265",
                    "name": "Heiko Joshua Jungen"
                },
                {
                    "authorId": "2723325",
                    "name": "Miros\u0142aw Ochodek"
                },
                {
                    "authorId": "1787356",
                    "name": "M. Staron"
                }
            ],
            "doi": "10.1007/s10664-020-09825-8",
            "intent": [
                "background"
            ],
            "isInfluential": false,
            "paperId": "51497665d475eb53a5818251a1202e0db93c9b59",
            "title": "PHANTOM: Curating GitHub for engineered software projects using time-series clustering",
            "url": "https://www.semanticscholar.org/paper/51497665d475eb53a5818251a1202e0db93c9b59",
            "venue": "Empirical Software Engineering",
            "year": 2019
        },
        {
            "arxivId": null,
            "authors": [
                {
                    "authorId": "2436060",
                    "name": "J. Mengerink"
                }
            ],
            "doi": null,
            "intent": [
                "background",
                "methodology"
            ],
            "isInfluential": false,
            "paperId": "be5114b027cb7c2cd2bab8d5e5d938f97c140de6",
            "title": "The DSL/Model co-evolution problem in industrial MDE ecosystems",
            "url": "https://www.semanticscholar.org/paper/be5114b027cb7c2cd2bab8d5e5d938f97c140de6",
            "venue": "",
            "year": 2018
        },
        {
            "arxivId": null,
            "authors": [
                {
                    "authorId": "2436060",
                    "name": "J. Mengerink"
                },
                {
                    "authorId": "50135282",
                    "name": "Jeroen Noten"
                },
                {
                    "authorId": "1747171",
                    "name": "Alexander Serebrenik"
                }
            ],
            "doi": "10.1007/s10664-018-9641-6",
            "intent": [
                "methodology",
                "result"
            ],
            "isInfluential": true,
            "paperId": "b20aabce8a81a02436c148641dc3041d196a9bab",
            "title": "Empowering OCL research: a large-scale corpus of open-source data from GitHub",
            "url": "https://www.semanticscholar.org/paper/b20aabce8a81a02436c148641dc3041d196a9bab",
            "venue": "Empirical Software Engineering",
            "year": 2018
        },
        {
            "arxivId": null,
            "authors": [
                {
                    "authorId": "2436060",
                    "name": "J. Mengerink"
                },
                {
                    "authorId": "1747171",
                    "name": "Alexander Serebrenik"
                },
                {
                    "authorId": "1719856",
                    "name": "R. Schiffelers"
                },
                {
                    "authorId": "1718306",
                    "name": "M. Brand"
                }
            ],
            "doi": "10.1145/3143434.3143442",
            "intent": [
                "background",
                "methodology"
            ],
            "isInfluential": true,
            "paperId": "b94b1e83d335068e7136547eaa500f3b0947286f",
            "title": "Automated analyses of model-driven artifacts: obtaining insights into industrial application of MDE",
            "url": "https://www.semanticscholar.org/paper/b94b1e83d335068e7136547eaa500f3b0947286f",
            "venue": "IWSM-Mensura",
            "year": 2017
        },
        {
            "arxivId": null,
            "authors": [
                {
                    "authorId": "2046888428",
                    "name": "Hao Wu"
                }
            ],
            "doi": "10.1007/978-3-319-74730-9_31",
            "intent": [
                "background"
            ],
            "isInfluential": false,
            "paperId": "55e4137fc650b89153251662c525c042496082a1",
            "title": "Step 0: An Idea for Automatic OCL Benchmark Generation",
            "url": "https://www.semanticscholar.org/paper/55e4137fc650b89153251662c525c042496082a1",
            "venue": "STAF Workshops",
            "year": 2017
        },
        {
            "arxivId": null,
            "authors": [
                {
                    "authorId": "14341949",
                    "name": "Rahad Khandoker"
                },
                {
                    "authorId": "2674902",
                    "name": "O. Badreddin"
                },
                {
                    "authorId": "36607258",
                    "name": "Sayed Mohsin Reza"
                }
            ],
            "doi": "10.5220/0010266802540261",
            "intent": [
                "background"
            ],
            "isInfluential": false,
            "paperId": "602c2d8f11c9558839cc89e844265af11bb8a734",
            "title": "Characterization of Software Design and Collaborative Modeling in Open Source Projects",
            "url": "https://www.semanticscholar.org/paper/602c2d8f11c9558839cc89e844265af11bb8a734",
            "venue": "MODELSWARD",
            "year": 2021
        },
        {
            "arxivId": null,
            "authors": [
                {
                    "authorId": "2844700",
                    "name": "Azzam Maraee"
                },
                {
                    "authorId": "1739139815",
                    "name": "Eliran Nachmani"
                },
                {
                    "authorId": "15405409",
                    "name": "Arnon Sturm"
                }
            ],
            "doi": "10.5381/jot.2020.19.3.a16",
            "intent": [],
            "isInfluential": false,
            "paperId": "835d715fa4f1c70332ce6c9055b969f2577204af",
            "title": "Constraints Specification Via Tool Support: A Controlled Experiment",
            "url": "https://www.semanticscholar.org/paper/835d715fa4f1c70332ce6c9055b969f2577204af",
            "venue": "J. Object Technol.",
            "year": 2020
        },
        {
            "arxivId": null,
            "authors": [
                {
                    "authorId": "1742213",
                    "name": "J. Cuadrado"
                },
                {
                    "authorId": "1719007",
                    "name": "Martin Gogolla"
                }
            ],
            "doi": "10.5381/jot.2020.19.2.a10",
            "intent": [
                "methodology"
            ],
            "isInfluential": false,
            "paperId": "ec44938ce93cfef6fcbb8516ae9c881d3a6d6b1a",
            "title": "Model Finding in the EMF Ecosystem",
            "url": "https://www.semanticscholar.org/paper/ec44938ce93cfef6fcbb8516ae9c881d3a6d6b1a",
            "venue": "J. Object Technol.",
            "year": 2020
        },
        {
            "arxivId": null,
            "authors": [
                {
                    "authorId": "69036849",
                    "name": "P. Thijssen"
                },
                {
                    "authorId": "145331758",
                    "name": "L. F. Pires"
                }
            ],
            "doi": null,
            "intent": [],
            "isInfluential": false,
            "paperId": "442daff3f9432ad7efea797c10d7ade59e1351cd",
            "title": "OCL constraints in GROOVE",
            "url": "https://www.semanticscholar.org/paper/442daff3f9432ad7efea797c10d7ade59e1351cd",
            "venue": "",
            "year": 2020
        },
        {
            "arxivId": null,
            "authors": [
                {
                    "authorId": "1405330418",
                    "name": "Truong Ho-Quang"
                },
                {
                    "authorId": "144836037",
                    "name": "M. Chaudron"
                },
                {
                    "authorId": "3072628",
                    "name": "R. Hebig"
                },
                {
                    "authorId": "143684601",
                    "name": "G. Robles"
                }
            ],
            "doi": "10.1016/b978-0-12-816649-9.00010-7",
            "intent": [],
            "isInfluential": false,
            "paperId": "be1309eafd67ebbaa0c9741d76147322f7efd45b",
            "title": "Challenges and directions for a community infrastructure for Big Data-driven research in software architecture",
            "url": "https://www.semanticscholar.org/paper/be1309eafd67ebbaa0c9741d76147322f7efd45b",
            "venue": "",
            "year": 2020
        },
        {
            "arxivId": null,
            "authors": [
                {
                    "authorId": "1719856",
                    "name": "R. Schiffelers"
                },
                {
                    "authorId": "49513465",
                    "name": "Yaping Luo"
                },
                {
                    "authorId": "2436060",
                    "name": "J. Mengerink"
                },
                {
                    "authorId": "1718306",
                    "name": "M. Brand"
                }
            ],
            "doi": "10.5220/0006749407430751",
            "intent": [
                "background"
            ],
            "isInfluential": false,
            "paperId": "35d664f634a0f4a66579210bf1236d906f751ad8",
            "title": "Towards Automated Analysis of Model-Driven Artifacts in Industry",
            "url": "https://www.semanticscholar.org/paper/35d664f634a0f4a66579210bf1236d906f751ad8",
            "venue": "MODELSWARD",
            "year": 2018
        },
        {
            "arxivId": null,
            "authors": [
                {
                    "authorId": "81323265",
                    "name": "Heiko Joshua Jungen"
                },
                {
                    "authorId": "80177375",
                    "name": "P. Pickerill"
                }
            ],
            "doi": null,
            "intent": [
                "background"
            ],
            "isInfluential": false,
            "paperId": "55cb2cff59499e50d514411ae05531e45041f8d8",
            "title": "Clustering software projects at large-scale using time-series",
            "url": "https://www.semanticscholar.org/paper/55cb2cff59499e50d514411ae05531e45041f8d8",
            "venue": "",
            "year": 2018
        },
        {
            "arxivId": null,
            "authors": [
                {
                    "authorId": "2436060",
                    "name": "J. Mengerink"
                },
                {
                    "authorId": "50135282",
                    "name": "Jeroen Noten"
                },
                {
                    "authorId": "1719856",
                    "name": "R. Schiffelers"
                },
                {
                    "authorId": "1718306",
                    "name": "M. Brand"
                },
                {
                    "authorId": "1747171",
                    "name": "Alexander Serebrenik"
                }
            ],
            "doi": null,
            "intent": [
                "background",
                "methodology"
            ],
            "isInfluential": true,
            "paperId": "1056c9baac52e10ff44d9efed6355711b0051719",
            "title": "A Case of Industrial vs. Open-source OCL: Not So Different After All",
            "url": "https://www.semanticscholar.org/paper/1056c9baac52e10ff44d9efed6355711b0051719",
            "venue": "MoDELS",
            "year": 2017
        }
    ],
    "corpusId": 20637083,
    "doi": "10.1109/MSR.2017.52",
    "fieldsOfStudy": [
        "Computer Science"
    ],
    "influentialCitationCount": 0,
    "isOpenAccess": false,
    "isPublisherLicensed": true,
    "is_open_access": false,
    "is_publisher_licensed": true,
    "numCitedBy": 22,
    "numCiting": 24,
    "paperId": "0d9faaf7f95d47f029aa2ba950edb9ee0c127f9e",
    "references": [
        {
            "arxivId": null,
            "authors": [
                {
                    "authorId": "3072628",
                    "name": "R. Hebig"
                },
                {
                    "authorId": "1405330418",
                    "name": "Truong Ho-Quang"
                },
                {
                    "authorId": "144836037",
                    "name": "M. Chaudron"
                },
                {
                    "authorId": "143684601",
                    "name": "G. Robles"
                },
                {
                    "authorId": "123122439",
                    "name": "M. A. Fern\u00e1ndez"
                }
            ],
            "doi": "10.1145/2976767.2976778",
            "intent": [
                "methodology"
            ],
            "isInfluential": false,
            "paperId": "1e652afcf23e647d477be599f236813c738f3ea1",
            "title": "The quest for open source projects that use UML: mining GitHub",
            "url": "https://www.semanticscholar.org/paper/1e652afcf23e647d477be599f236813c738f3ea1",
            "venue": "MoDELS",
            "year": 2016
        },
        {
            "arxivId": null,
            "authors": [
                {
                    "authorId": "38981385",
                    "name": "J. Cadavid"
                },
                {
                    "authorId": "1744336",
                    "name": "B. Combemale"
                },
                {
                    "authorId": "1730420",
                    "name": "B. Baudry"
                }
            ],
            "doi": "10.1016/j.cl.2015.02.002",
            "intent": [
                "background",
                "methodology",
                "result"
            ],
            "isInfluential": true,
            "paperId": "39dcc6c9825c9e5ab9e8b82020e9b7d244a67ba3",
            "title": "An analysis of metamodeling practices for MOF and OCL",
            "url": "https://www.semanticscholar.org/paper/39dcc6c9825c9e5ab9e8b82020e9b7d244a67ba3",
            "venue": "Comput. Lang. Syst. Struct.",
            "year": 2015
        },
        {
            "arxivId": null,
            "authors": [
                {
                    "authorId": "144931204",
                    "name": "Paloma Oliveira"
                },
                {
                    "authorId": "2056648038",
                    "name": "F. Lima"
                },
                {
                    "authorId": "1757592",
                    "name": "M. T. Valente"
                },
                {
                    "authorId": "1747171",
                    "name": "Alexander Serebrenik"
                }
            ],
            "doi": "10.1109/ICSME.2014.112",
            "intent": [
                "background"
            ],
            "isInfluential": false,
            "paperId": "e9bdadea149b446a8b6f7aee35a01ba69d8d3dbb",
            "title": "RTTool: A Tool for Extracting Relative Thresholds for Source Code Metrics",
            "url": "https://www.semanticscholar.org/paper/e9bdadea149b446a8b6f7aee35a01ba69d8d3dbb",
            "venue": "2014 IEEE International Conference on Software Maintenance and Evolution",
            "year": 2014
        },
        {
            "arxivId": null,
            "authors": [
                {
                    "authorId": "1795817",
                    "name": "J. Whittle"
                },
                {
                    "authorId": "3447210",
                    "name": "J. Hutchinson"
                },
                {
                    "authorId": "2089073",
                    "name": "M. Rouncefield"
                }
            ],
            "doi": "10.1109/MS.2013.65",
            "intent": [
                "background"
            ],
            "isInfluential": false,
            "paperId": "08b64030f5a95401473710521f650ad57cd15f71",
            "title": "The State of Practice in Model-Driven Engineering",
            "url": "https://www.semanticscholar.org/paper/08b64030f5a95401473710521f650ad57cd15f71",
            "venue": "IEEE Software",
            "year": 2014
        },
        {
            "arxivId": null,
            "authors": [
                {
                    "authorId": "1683003",
                    "name": "M. Petre"
                }
            ],
            "doi": "10.1109/ICSE.2013.6606618",
            "intent": [
                "background"
            ],
            "isInfluential": false,
            "paperId": "3befaef04ff0c435cb0a31e7a35d5229bc122c43",
            "title": "UML in practice",
            "url": "https://www.semanticscholar.org/paper/3befaef04ff0c435cb0a31e7a35d5229bc122c43",
            "venue": "2013 35th International Conference on Software Engineering (ICSE)",
            "year": 2013
        },
        {
            "arxivId": null,
            "authors": [
                {
                    "authorId": "1798426",
                    "name": "Parastoo Mohagheghi"
                },
                {
                    "authorId": "1706996",
                    "name": "Wasif Gilani"
                },
                {
                    "authorId": "1772521",
                    "name": "Alin Stefanescu"
                },
                {
                    "authorId": "123122439",
                    "name": "M. A. Fern\u00e1ndez"
                }
            ],
            "doi": "10.1007/s10664-012-9196-x",
            "intent": [
                "background"
            ],
            "isInfluential": false,
            "paperId": "1642075c783e70c642e6507756757ae7bd5d295b",
            "title": "An empirical study of the state of the practice and acceptance of model-driven engineering in four industrial cases",
            "url": "https://www.semanticscholar.org/paper/1642075c783e70c642e6507756757ae7bd5d295b",
            "venue": "Empirical Software Engineering",
            "year": 2013
        },
        {
            "arxivId": null,
            "authors": [
                {
                    "authorId": "1699912",
                    "name": "Mirco Kuhlmann"
                },
                {
                    "authorId": "1705000",
                    "name": "Lars Hamann"
                },
                {
                    "authorId": "1719007",
                    "name": "Martin Gogolla"
                }
            ],
            "doi": "10.1007/978-3-642-21952-8_21",
            "intent": [],
            "isInfluential": false,
            "paperId": "88e92bd715a4b83e4458819823802284470ea0f0",
            "title": "Extensive Validation of OCL Models by Integrating SAT Solving into USE",
            "url": "https://www.semanticscholar.org/paper/88e92bd715a4b83e4458819823802284470ea0f0",
            "venue": "TOOLS",
            "year": 2011
        },
        {
            "arxivId": null,
            "authors": [
                {
                    "authorId": "3447210",
                    "name": "J. Hutchinson"
                },
                {
                    "authorId": "1795817",
                    "name": "J. Whittle"
                },
                {
                    "authorId": "2089073",
                    "name": "M. Rouncefield"
                },
                {
                    "authorId": "2268860",
                    "name": "S. Kristoffersen"
                }
            ],
            "doi": "10.1145/1985793.1985858",
            "intent": [
                "background"
            ],
            "isInfluential": false,
            "paperId": "606872f2aadaefb6177127f16fac6ad09bbda292",
            "title": "Empirical assessment of MDE in industry",
            "url": "https://www.semanticscholar.org/paper/606872f2aadaefb6177127f16fac6ad09bbda292",
            "venue": "2011 33rd International Conference on Software Engineering (ICSE)",
            "year": 2011
        },
        {
            "arxivId": null,
            "authors": [
                {
                    "authorId": "3447210",
                    "name": "J. Hutchinson"
                },
                {
                    "authorId": "2089073",
                    "name": "M. Rouncefield"
                },
                {
                    "authorId": "1795817",
                    "name": "J. Whittle"
                }
            ],
            "doi": "10.1145/1985793.1985882",
            "intent": [
                "background"
            ],
            "isInfluential": false,
            "paperId": "e71d3838c71c019824a4230834a00a4cb957eb66",
            "title": "Model-driven engineering practices in industry",
            "url": "https://www.semanticscholar.org/paper/e71d3838c71c019824a4230834a00a4cb957eb66",
            "venue": "2011 33rd International Conference on Software Engineering (ICSE)",
            "year": 2011
        },
        {
            "arxivId": null,
            "authors": [
                {
                    "authorId": "1688711",
                    "name": "F. Hermans"
                },
                {
                    "authorId": "1775709",
                    "name": "M. Pinzger"
                },
                {
                    "authorId": "1737202",
                    "name": "A. Deursen"
                }
            ],
            "doi": "10.1007/978-3-642-04425-0_33",
            "intent": [],
            "isInfluential": false,
            "paperId": "cc26fcee0fe3fd6f2a2234bd9766e2eddddd8b53",
            "title": "Domain-Specific Languages in Practice: A User Study on the Success Factors",
            "url": "https://www.semanticscholar.org/paper/cc26fcee0fe3fd6f2a2234bd9766e2eddddd8b53",
            "venue": "MoDELS",
            "year": 2009
        },
        {
            "arxivId": null,
            "authors": [
                {
                    "authorId": "1734481",
                    "name": "Eirini Kalliamvakou"
                },
                {
                    "authorId": "2211882",
                    "name": "Georgios Gousios"
                },
                {
                    "authorId": "1715864",
                    "name": "Kelly Blincoe"
                },
                {
                    "authorId": "18264995",
                    "name": "Leif Singer"
                },
                {
                    "authorId": "2131161",
                    "name": "D. Germ\u00e1n"
                },
                {
                    "authorId": "1741744",
                    "name": "D. Damian"
                }
            ],
            "doi": "10.1145/2597073.2597074",
            "intent": [
                "background"
            ],
            "isInfluential": false,
            "paperId": "d80d307a463df3526bf12ef1974afa7352f7b863",
            "title": "The promises and perils of mining GitHub",
            "url": "https://www.semanticscholar.org/paper/d80d307a463df3526bf12ef1974afa7352f7b863",
            "venue": "MSR 2014",
            "year": 2009
        },
        {
            "arxivId": null,
            "authors": [
                {
                    "authorId": "1723491",
                    "name": "F. Shull"
                },
                {
                    "authorId": "1680416",
                    "name": "Jeffrey C. Carver"
                },
                {
                    "authorId": "2831847",
                    "name": "S. Vegas"
                },
                {
                    "authorId": "1682367",
                    "name": "Natalia Juristo Juzgado"
                }
            ],
            "doi": "10.1007/s10664-008-9060-1",
            "intent": [
                "methodology"
            ],
            "isInfluential": false,
            "paperId": "1edc7f14653fa2d89343b62bb7254297b107bff3",
            "title": "The role of replications in Empirical Software Engineering",
            "url": "https://www.semanticscholar.org/paper/1edc7f14653fa2d89343b62bb7254297b107bff3",
            "venue": "Empirical Software Engineering",
            "year": 2008
        },
        {
            "arxivId": null,
            "authors": [
                {
                    "authorId": "2961940",
                    "name": "A. L. Correa"
                },
                {
                    "authorId": "143787855",
                    "name": "C. Werner"
                },
                {
                    "authorId": "2227642",
                    "name": "M. Barros"
                }
            ],
            "doi": "10.1007/978-3-540-75209-7_6",
            "intent": [
                "background",
                "methodology"
            ],
            "isInfluential": false,
            "paperId": "1e6473e46ca5c9af915e00cd1a1db2925becbc6c",
            "title": "An empirical study of the impact of OCL smells and refactorings on the understandability of OCL specifications",
            "url": "https://www.semanticscholar.org/paper/1e6473e46ca5c9af915e00cd1a1db2925becbc6c",
            "venue": "MODELS'07",
            "year": 2007
        },
        {
            "arxivId": null,
            "authors": [
                {
                    "authorId": "145660998",
                    "name": "L. Reynoso"
                },
                {
                    "authorId": "1678733",
                    "name": "M. Genero"
                },
                {
                    "authorId": "1702096",
                    "name": "M. Piattini"
                },
                {
                    "authorId": "46235683",
                    "name": "E. Manso"
                }
            ],
            "doi": "10.1145/1141277.1141686",
            "intent": [
                "background",
                "methodology"
            ],
            "isInfluential": false,
            "paperId": "891ba6fa84932857d0df553e6fb89150d3821bce",
            "title": "Does object coupling really affect the understanding and modifying of OCL expressions?",
            "url": "https://www.semanticscholar.org/paper/891ba6fa84932857d0df553e6fb89150d3821bce",
            "venue": "SAC",
            "year": 2006
        },
        {
            "arxivId": null,
            "authors": [
                {
                    "authorId": "145861369",
                    "name": "J. Warmer"
                },
                {
                    "authorId": "1782272",
                    "name": "Anneke Kleppe"
                }
            ],
            "doi": null,
            "intent": [
                "background"
            ],
            "isInfluential": false,
            "paperId": "6514076ec5ccbed39ea5c9220400d74fdf5ca59c",
            "title": "The Object Constraint Language: Getting Your Models Ready for MDA",
            "url": "https://www.semanticscholar.org/paper/6514076ec5ccbed39ea5c9220400d74fdf5ca59c",
            "venue": "",
            "year": 2003
        },
        {
            "arxivId": null,
            "authors": [
                {
                    "authorId": "1781927",
                    "name": "Paolo Bottoni"
                },
                {
                    "authorId": "49872013",
                    "name": "M. Koch"
                },
                {
                    "authorId": "1398207081",
                    "name": "F. Parisi-Presicce"
                },
                {
                    "authorId": "1797021",
                    "name": "G. Taentzer"
                }
            ],
            "doi": "10.1007/3-540-45441-1_20",
            "intent": [],
            "isInfluential": false,
            "paperId": "f0e7b9f5b733b1f255b21514a310aa3c46fb47c8",
            "title": "A Visualization of OCL Using Collaborations",
            "url": "https://www.semanticscholar.org/paper/f0e7b9f5b733b1f255b21514a310aa3c46fb47c8",
            "venue": "UML",
            "year": 2001
        },
        {
            "arxivId": null,
            "authors": [
                {
                    "authorId": "2680461",
                    "name": "M. Richters"
                },
                {
                    "authorId": "1719007",
                    "name": "Martin Gogolla"
                }
            ],
            "doi": "10.1007/978-3-540-49524-6_35",
            "intent": [
                "background"
            ],
            "isInfluential": false,
            "paperId": "9d2b486afa4c994bd3492afa7115c69fdbe8d362",
            "title": "On Formalizing the UML Object Constraint Language OCL",
            "url": "https://www.semanticscholar.org/paper/9d2b486afa4c994bd3492afa7115c69fdbe8d362",
            "venue": "ER",
            "year": 1998
        },
        {
            "arxivId": null,
            "authors": [
                {
                    "authorId": "1798552",
                    "name": "D. Kolovos"
                },
                {
                    "authorId": "144955759",
                    "name": "N. Matragkas"
                },
                {
                    "authorId": "2076561",
                    "name": "Ioannis Korkontzelos"
                },
                {
                    "authorId": "1881965",
                    "name": "S. Ananiadou"
                },
                {
                    "authorId": "1739513",
                    "name": "R. Paige"
                }
            ],
            "doi": null,
            "intent": [
                "background",
                "methodology"
            ],
            "isInfluential": false,
            "paperId": "7f9a735742caca4110c1e856b871e52106f2d3bd",
            "title": "Assessing the Use of Eclipse MDE Technologies in Open-Source Software Projects",
            "url": "https://www.semanticscholar.org/paper/7f9a735742caca4110c1e856b871e52106f2d3bd",
            "venue": "OSS4MDE@MoDELS",
            "year": 2015
        },
        {
            "arxivId": null,
            "authors": [],
            "doi": null,
            "intent": [
                "methodology"
            ],
            "isInfluential": false,
            "paperId": "",
            "title": "Aligning OCL with UML",
            "url": "",
            "venue": "ECEASST",
            "year": 2011
        },
        {
            "arxivId": null,
            "authors": [
                {
                    "authorId": "145193818",
                    "name": "C. Bird"
                },
                {
                    "authorId": "39374345",
                    "name": "Peter C. Rigby"
                },
                {
                    "authorId": "1757975",
                    "name": "Earl T. Barr"
                },
                {
                    "authorId": "2052972168",
                    "name": "David J. Hamilton"
                },
                {
                    "authorId": "2131161",
                    "name": "D. Germ\u00e1n"
                },
                {
                    "authorId": "1730296",
                    "name": "Premkumar T. Devanbu"
                }
            ],
            "doi": "10.1109/msr.2009.5069475",
            "intent": [
                "background"
            ],
            "isInfluential": false,
            "paperId": "3d7f482edc1844d85319b26ee5a2df8aac20ce89",
            "title": "The promises and perils of mining git",
            "url": "https://www.semanticscholar.org/paper/3d7f482edc1844d85319b26ee5a2df8aac20ce89",
            "venue": "2009 6th IEEE International Working Conference on Mining Software Repositories",
            "year": 2009
        },
        {
            "arxivId": null,
            "authors": [
                {
                    "authorId": "2644471",
                    "name": "K. Anastasakis"
                },
                {
                    "authorId": "1782928",
                    "name": "B. Bordbar"
                },
                {
                    "authorId": "40653596",
                    "name": "Geri Georg"
                },
                {
                    "authorId": "144039860",
                    "name": "I. Ray"
                }
            ],
            "doi": "10.1007/s10270-008-0110-3",
            "intent": [
                "background",
                "methodology"
            ],
            "isInfluential": false,
            "paperId": "4493f3ffdec6f18855b7dda638ec49c2c0ebf260",
            "title": "On challenges of model transformation from UML to Alloy",
            "url": "https://www.semanticscholar.org/paper/4493f3ffdec6f18855b7dda638ec49c2c0ebf260",
            "venue": "Software & Systems Modeling",
            "year": 2008
        },
        {
            "arxivId": null,
            "authors": [
                {
                    "authorId": "2401283",
                    "name": "I. Heitlager"
                },
                {
                    "authorId": "49643916",
                    "name": "T. Kuipers"
                },
                {
                    "authorId": "145039625",
                    "name": "Joost Visser"
                }
            ],
            "doi": null,
            "intent": [
                "background"
            ],
            "isInfluential": false,
            "paperId": "696ef1806cc4f8e7e679b2f8f9f8348c600a73cf",
            "title": "A Practical Model for Measuring Maintainability",
            "url": "https://www.semanticscholar.org/paper/696ef1806cc4f8e7e679b2f8f9f8348c600a73cf",
            "venue": "6th International Conference on the Quality of Information and Communications Technology (QUATIC 2007)",
            "year": 2007
        },
        {
            "arxivId": null,
            "authors": [
                {
                    "authorId": "143922602",
                    "name": "Ang\u00e9lica Caro"
                },
                {
                    "authorId": "1736121",
                    "name": "C. Calero"
                },
                {
                    "authorId": "144414111",
                    "name": "E. Mendes"
                },
                {
                    "authorId": "1702096",
                    "name": "M. Piattini"
                }
            ],
            "doi": null,
            "intent": [],
            "isInfluential": false,
            "paperId": "7df3464c563f2f04738fe97465612ca7b82c863d",
            "title": "A Probabilistic Approach to Web Portal's Data Quality Evaluation",
            "url": "https://www.semanticscholar.org/paper/7df3464c563f2f04738fe97465612ca7b82c863d",
            "venue": "6th International Conference on the Quality of Information and Communications Technology (QUATIC 2007)",
            "year": 2007
        },
        {
            "arxivId": null,
            "authors": [],
            "doi": null,
            "intent": [
                "background"
            ],
            "isInfluential": false,
            "paperId": "",
            "title": "GitHub help \u2014 searching code",
            "url": "",
            "venue": "help.github.com/articles/ searching-code/",
            "year": null
        }
    ],
    "s2FieldsOfStudy": [
        {
            "category": "Computer Science",
            "source": "external"
        },
        {
            "category": "Computer Science",
            "source": "s2-fos-model"
        }
    ],
    "title": "A Data Set of OCL Expressions on GitHub",
    "topics": [
        {
            "topic": "Eclipse Modeling Framework",
            "topicId": "192637",
            "url": "https://www.semanticscholar.org/topic/192637"
        },
        {
            "topic": "Object Constraint Language",
            "topicId": "97245",
            "url": "https://www.semanticscholar.org/topic/97245"
        },
        {
            "topic": "Model-driven engineering",
            "topicId": "53656",
            "url": "https://www.semanticscholar.org/topic/53656"
        },
        {
            "topic": "XML Metadata Interchange",
            "topicId": "607290",
            "url": "https://www.semanticscholar.org/topic/607290"
        },
        {
            "topic": "Abstract syntax tree",
            "topicId": "1274",
            "url": "https://www.semanticscholar.org/topic/1274"
        },
        {
            "topic": "SourceForge",
            "topicId": "115278",
            "url": "https://www.semanticscholar.org/topic/115278"
        },
        {
            "topic": "Google Developers",
            "topicId": "574904",
            "url": "https://www.semanticscholar.org/topic/574904"
        },
        {
            "topic": "Metamodeling",
            "topicId": "15232",
            "url": "https://www.semanticscholar.org/topic/15232"
        }
    ],
    "url": "https://www.semanticscholar.org/paper/0d9faaf7f95d47f029aa2ba950edb9ee0c127f9e",
    "venue": "IEEE Working Conference on Mining Software Repositories",
    "year": 2017
}