{
    "abstract": "There is currently a vast array of open source projects available on the web, and although they are searchable by name or description in the search engines, there is no way to search for projects by how well they perform on a given set of quality attributes (e.g. usability or maintainability). With OpenHub, we present a scalable and extensible architecture for the static and runtime analysis of open source repositories written in Python, presenting the architecture and pinpointing future possibilities with it.",
    "arxivId": null,
    "authors": [
        {
            "authorId": "36244672",
            "name": "G. Farah",
            "url": "https://www.semanticscholar.org/author/36244672"
        },
        {
            "authorId": "2264030",
            "name": "Juan Sebastian Tejada",
            "url": "https://www.semanticscholar.org/author/2264030"
        },
        {
            "authorId": "3164293",
            "name": "Dar\u00edo Correal",
            "url": "https://www.semanticscholar.org/author/3164293"
        }
    ],
    "citationVelocity": 0,
    "citations": [
        {
            "arxivId": "2305.01311",
            "authors": [
                {
                    "authorId": "51175172",
                    "name": "Tobias Dam"
                },
                {
                    "authorId": "3006074",
                    "name": "Lukas Daniel Klausner"
                },
                {
                    "authorId": "38640960",
                    "name": "S. Neumaier"
                }
            ],
            "doi": "10.1145/3543873.3587336",
            "intent": [
                "methodology"
            ],
            "isInfluential": false,
            "paperId": "a58ebbd04ea688513c3972ac67fba452e674c1e4",
            "title": "Towards a Critical Open-Source Software Database",
            "url": "https://www.semanticscholar.org/paper/a58ebbd04ea688513c3972ac67fba452e674c1e4",
            "venue": "WWW",
            "year": 2023
        },
        {
            "arxivId": "2209.04511",
            "authors": [
                {
                    "authorId": "2056767397",
                    "name": "Samuel W. Flint"
                },
                {
                    "authorId": "2056766928",
                    "name": "Jigyasa Chauhan"
                },
                {
                    "authorId": "2256709693",
                    "name": "Robert Dyer"
                }
            ],
            "doi": "10.1007/s10664-022-10200-y",
            "intent": [],
            "isInfluential": false,
            "paperId": "d1988265d634962b4682dc2b1ff8200cbf0eb9eb",
            "title": "Pitfalls and guidelines for using time-based Git data",
            "url": "https://www.semanticscholar.org/paper/d1988265d634962b4682dc2b1ff8200cbf0eb9eb",
            "venue": "Empirical Software Engineering",
            "year": 2022
        },
        {
            "arxivId": null,
            "authors": [
                {
                    "authorId": "144125116",
                    "name": "Santiago Due\u00f1as"
                },
                {
                    "authorId": "34820138",
                    "name": "Valerio Cosentino"
                },
                {
                    "authorId": "1397826059",
                    "name": "Jesus M. Gonzalez-Barahona"
                },
                {
                    "authorId": "2120374921",
                    "name": "Alvaro del Castillo San Felix"
                },
                {
                    "authorId": "1384382015",
                    "name": "Daniel Izquierdo-Cortazar"
                },
                {
                    "authorId": "2120340149",
                    "name": "Luis Ca\u00f1as-D\u00edaz"
                },
                {
                    "authorId": "2120359686",
                    "name": "Alberto P\u00e9rez Garc\u00eda-Plaza"
                }
            ],
            "doi": "10.7717/peerj-cs.601",
            "intent": [],
            "isInfluential": false,
            "paperId": "7e383ddd9aaecc4c700f47ad824f4dfb711e5c14",
            "title": "GrimoireLab: A toolset for software development analytics",
            "url": "https://www.semanticscholar.org/paper/7e383ddd9aaecc4c700f47ad824f4dfb711e5c14",
            "venue": "PeerJ Comput. Sci.",
            "year": 2021
        },
        {
            "arxivId": null,
            "authors": [
                {
                    "authorId": "145145554",
                    "name": "Michael Dorner"
                },
                {
                    "authorId": "39918790",
                    "name": "Maximilian Capraro"
                },
                {
                    "authorId": "2286393",
                    "name": "Ann Barcomb"
                }
            ],
            "doi": null,
            "intent": [
                "methodology"
            ],
            "isInfluential": false,
            "paperId": "00b95542fb64b64f0004c23ffdbabe7f4c0df8ea",
            "title": "Quo Vadis, Open Source? The Limits of Open Source Growth",
            "url": "https://www.semanticscholar.org/paper/00b95542fb64b64f0004c23ffdbabe7f4c0df8ea",
            "venue": "ArXiv",
            "year": 2020
        },
        {
            "arxivId": "2008.07753",
            "authors": [
                {
                    "authorId": "145145554",
                    "name": "Michael Dorner"
                },
                {
                    "authorId": "39918790",
                    "name": "Maximilian Capraro"
                },
                {
                    "authorId": "2286393",
                    "name": "Ann Barcomb"
                },
                {
                    "authorId": "1776164",
                    "name": "K. Wnuk"
                }
            ],
            "doi": null,
            "intent": [
                "methodology"
            ],
            "isInfluential": false,
            "paperId": "b1cc6cecdb05cbc5ecf1e0e9602d928b218b9785",
            "title": "A Replication Study on Measuring the Growth of Open Source",
            "url": "https://www.semanticscholar.org/paper/b1cc6cecdb05cbc5ecf1e0e9602d928b218b9785",
            "venue": "",
            "year": 2020
        },
        {
            "arxivId": "2111.14583",
            "authors": [
                {
                    "authorId": "148430293",
                    "name": "Zoe Kotti"
                },
                {
                    "authorId": "2937511",
                    "name": "Konstantinos Kravvaritis"
                },
                {
                    "authorId": "41095366",
                    "name": "Konstantina Dritsa"
                },
                {
                    "authorId": "1740799",
                    "name": "D. Spinellis"
                }
            ],
            "doi": "10.1007/s10664-020-09834-7",
            "intent": [
                "background"
            ],
            "isInfluential": false,
            "paperId": "7889d09a8d6c1fc0089ad645b5fda0dae57a6314",
            "title": "Standing on shoulders or feet? An extended study on the usage of the MSR data papers",
            "url": "https://www.semanticscholar.org/paper/7889d09a8d6c1fc0089ad645b5fda0dae57a6314",
            "venue": "Empirical Software Engineering",
            "year": 2020
        },
        {
            "arxivId": null,
            "authors": [
                {
                    "authorId": "143966957",
                    "name": "Shan Jiang"
                },
                {
                    "authorId": "145128217",
                    "name": "Jian Cao"
                },
                {
                    "authorId": "145499331",
                    "name": "M. Prasad"
                }
            ],
            "doi": "10.1007/978-981-15-1377-0_56",
            "intent": [],
            "isInfluential": false,
            "paperId": "328d12a5ccb512a6aeec9d780be747bbc6146d05",
            "title": "The Metrics to Evaluate the Health Status of OSS Projects Based on Factor Analysis",
            "url": "https://www.semanticscholar.org/paper/328d12a5ccb512a6aeec9d780be747bbc6146d05",
            "venue": "ChineseCSCW",
            "year": 2019
        },
        {
            "arxivId": null,
            "authors": [
                {
                    "authorId": "2555876",
                    "name": "Sumon Biswas"
                },
                {
                    "authorId": "48489351",
                    "name": "Md Johirul Islam"
                },
                {
                    "authorId": "2108597316",
                    "name": "Yijia Huang"
                },
                {
                    "authorId": "144212535",
                    "name": "Hridesh Rajan"
                }
            ],
            "doi": "10.1109/MSR.2019.00086",
            "intent": [
                "methodology"
            ],
            "isInfluential": false,
            "paperId": "df3f507f3d46dece98a527999676b978af4ae987",
            "title": "Boa Meets Python: A Boa Dataset of Data Science Software in Python Language",
            "url": "https://www.semanticscholar.org/paper/df3f507f3d46dece98a527999676b978af4ae987",
            "venue": "2019 IEEE/ACM 16th International Conference on Mining Software Repositories (MSR)",
            "year": 2019
        },
        {
            "arxivId": null,
            "authors": [
                {
                    "authorId": "148430293",
                    "name": "Zoe Kotti"
                },
                {
                    "authorId": "1740799",
                    "name": "D. Spinellis"
                }
            ],
            "doi": "10.1109/MSR.2019.00085",
            "intent": [],
            "isInfluential": false,
            "paperId": "43148fabe2636026e07ca04974aff40d204bfb6b",
            "title": "Standing on Shoulders or Feet? The Usage of the MSR Data Papers",
            "url": "https://www.semanticscholar.org/paper/43148fabe2636026e07ca04974aff40d204bfb6b",
            "venue": "2019 IEEE/ACM 16th International Conference on Mining Software Repositories (MSR)",
            "year": 2019
        },
        {
            "arxivId": null,
            "authors": [
                {
                    "authorId": "9269126",
                    "name": "Suryadiputra Liawatimena"
                },
                {
                    "authorId": "38711228",
                    "name": "Harco Leslie Hendric Spits Warnars"
                },
                {
                    "authorId": "1795597",
                    "name": "A. Trisetyarso"
                },
                {
                    "authorId": "47247250",
                    "name": "Edi Abdurahman"
                },
                {
                    "authorId": "50038540",
                    "name": "B. Soewito"
                },
                {
                    "authorId": "2080163122",
                    "name": "A. Wibowo"
                },
                {
                    "authorId": "1794392",
                    "name": "F. Gaol"
                },
                {
                    "authorId": "2552622",
                    "name": "B. S. Abbas"
                }
            ],
            "doi": "10.1109/INAPR.2018.8627009",
            "intent": [
                "methodology"
            ],
            "isInfluential": false,
            "paperId": "eb66c410bcdffd856cac42e59ec707df743f8020",
            "title": "Django Web Framework Software Metrics Measurement Using Radon and Pylint",
            "url": "https://www.semanticscholar.org/paper/eb66c410bcdffd856cac42e59ec707df743f8020",
            "venue": "2018 Indonesian Association for Pattern Recognition International Conference (INAPR)",
            "year": 2018
        },
        {
            "arxivId": null,
            "authors": [
                {
                    "authorId": "2578361",
                    "name": "Matteo Orr\u00f9"
                },
                {
                    "authorId": "1795768",
                    "name": "E. Tempero"
                },
                {
                    "authorId": "144083401",
                    "name": "M. Marchesi"
                },
                {
                    "authorId": "2192634",
                    "name": "R. Tonelli"
                }
            ],
            "doi": "10.1109/APSEC.2015.51",
            "intent": [
                "background"
            ],
            "isInfluential": false,
            "paperId": "7a43bbd85579d21bb5a89272092d44860d5ffff1",
            "title": "How Do Python Programs Use Inheritance? A Replication Study",
            "url": "https://www.semanticscholar.org/paper/7a43bbd85579d21bb5a89272092d44860d5ffff1",
            "venue": "2015 Asia-Pacific Software Engineering Conference (APSEC)",
            "year": 2015
        },
        {
            "arxivId": null,
            "authors": [
                {
                    "authorId": "2578361",
                    "name": "Matteo Orr\u00f9"
                },
                {
                    "authorId": "1795768",
                    "name": "E. Tempero"
                },
                {
                    "authorId": "144083401",
                    "name": "M. Marchesi"
                },
                {
                    "authorId": "2192634",
                    "name": "R. Tonelli"
                },
                {
                    "authorId": "2048851",
                    "name": "Giuseppe Destefanis"
                }
            ],
            "doi": "10.1145/2810146.2810148",
            "intent": [
                "background"
            ],
            "isInfluential": false,
            "paperId": "5d5cfeaafad6d7991898f6044cd1c48a1c801189",
            "title": "A Curated Benchmark Collection of Python Systems for Empirical Studies on Software Engineering",
            "url": "https://www.semanticscholar.org/paper/5d5cfeaafad6d7991898f6044cd1c48a1c801189",
            "venue": "PROMISE",
            "year": 2015
        },
        {
            "arxivId": null,
            "authors": [
                {
                    "authorId": "9249255",
                    "name": "Ana Mar\u00eda Bautista"
                },
                {
                    "authorId": "21168884",
                    "name": "T. San Feliu"
                }
            ],
            "doi": "10.1109/CISTI.2015.7170552",
            "intent": [],
            "isInfluential": false,
            "paperId": "38d494810fd59bf29f0ed26121f4f01507e45fd4",
            "title": "A process to mining issues of software repositories",
            "url": "https://www.semanticscholar.org/paper/38d494810fd59bf29f0ed26121f4f01507e45fd4",
            "venue": "2015 10th Iberian Conference on Information Systems and Technologies (CISTI)",
            "year": 2015
        },
        {
            "arxivId": null,
            "authors": [
                {
                    "authorId": "3043608",
                    "name": "Oskar Jarczyk"
                },
                {
                    "authorId": "3327211",
                    "name": "Blazej Gruszka"
                },
                {
                    "authorId": "2088276",
                    "name": "S. Jaroszewicz"
                },
                {
                    "authorId": "39170344",
                    "name": "Leszek Bukowski"
                },
                {
                    "authorId": "28065542",
                    "name": "Adam Wierzbicki"
                }
            ],
            "doi": "10.1007/978-3-319-13734-6_6",
            "intent": [
                "methodology"
            ],
            "isInfluential": false,
            "paperId": "1fb136795f4da6f8ee3e348b088910805d4d00b5",
            "title": "GitHub Projects. Quality Analysis of Open-Source Software",
            "url": "https://www.semanticscholar.org/paper/1fb136795f4da6f8ee3e348b088910805d4d00b5",
            "venue": "SocInfo",
            "year": 2014
        },
        {
            "arxivId": null,
            "authors": [
                {
                    "authorId": "33787987",
                    "name": "Sven Amann"
                },
                {
                    "authorId": "1839778",
                    "name": "S. Beyer"
                },
                {
                    "authorId": "3194068",
                    "name": "Katja Kevic"
                },
                {
                    "authorId": "50355692",
                    "name": "H. Gall"
                }
            ],
            "doi": "10.1007/978-3-319-28406-4_5",
            "intent": [
                "background"
            ],
            "isInfluential": false,
            "paperId": "178a226a4fa68d80f709d0cfff5f5458df0daad3",
            "title": "Software Mining Studies: Goals, Approaches, Artifacts, and Replicability",
            "url": "https://www.semanticscholar.org/paper/178a226a4fa68d80f709d0cfff5f5458df0daad3",
            "venue": "LASER Summer School",
            "year": 2013
        },
        {
            "arxivId": null,
            "authors": [
                {
                    "authorId": "35135495",
                    "name": "N. M. Sabri"
                },
                {
                    "authorId": "2064885",
                    "name": "N. Emran"
                },
                {
                    "authorId": "38991778",
                    "name": "N. Abdullah"
                }
            ],
            "doi": null,
            "intent": [
                "background"
            ],
            "isInfluential": false,
            "paperId": "d690879fe74fae9b56d7de46b0673f1d59d2e7f0",
            "title": "Quality-Based Open Data Source Selection Using Ant Colony Optimization (ACO) Algorithm",
            "url": "https://www.semanticscholar.org/paper/d690879fe74fae9b56d7de46b0673f1d59d2e7f0",
            "venue": "",
            "year": 2020
        },
        {
            "arxivId": null,
            "authors": [
                {
                    "authorId": "2061273125",
                    "name": "P. Alves"
                },
                {
                    "authorId": "1740802413",
                    "name": "Ronnie Paskin"
                },
                {
                    "authorId": "150133992",
                    "name": "I. Frajhof"
                },
                {
                    "authorId": "1741019696",
                    "name": "Y. R. Miranda"
                },
                {
                    "authorId": "1740802470",
                    "name": "Jo\u00e3o Gabriel Jardim"
                },
                {
                    "authorId": "1739195172",
                    "name": "Jose Jorge Brum Cardoso"
                },
                {
                    "authorId": "1740886407",
                    "name": "Eduardo Henrique Haddad Tress"
                },
                {
                    "authorId": "1740896516",
                    "name": "Rog\u00e9rio Ferreira da Cunha"
                },
                {
                    "authorId": "3264924",
                    "name": "R. Nasser"
                },
                {
                    "authorId": "30652080",
                    "name": "G. Robichez"
                }
            ],
            "doi": "10.5220/0009565108170825",
            "intent": [
                "background"
            ],
            "isInfluential": false,
            "paperId": "092a41dbaebfd2a323585deae05dc7dc7af11574",
            "title": "Exploring Blockchain Technology to Improve Multi-party Relationship in Business Process Management Systems",
            "url": "https://www.semanticscholar.org/paper/092a41dbaebfd2a323585deae05dc7dc7af11574",
            "venue": "ICEIS",
            "year": 2020
        }
    ],
    "corpusId": 17531725,
    "doi": "10.1145/2597073.2597135",
    "fieldsOfStudy": [
        "Computer Science"
    ],
    "influentialCitationCount": 0,
    "isOpenAccess": false,
    "isPublisherLicensed": true,
    "is_open_access": false,
    "is_publisher_licensed": true,
    "numCitedBy": 17,
    "numCiting": 5,
    "paperId": "2061f3c7300f84fdde9de617351c36cf14b6a144",
    "references": [
        {
            "arxivId": null,
            "authors": [
                {
                    "authorId": "2211882",
                    "name": "Georgios Gousios"
                }
            ],
            "doi": "10.1109/MSR.2013.6624034",
            "intent": [],
            "isInfluential": false,
            "paperId": "2867eb64cc4bb1945363fdae12a168962ea823aa",
            "title": "The GHTorent dataset and tool suite",
            "url": "https://www.semanticscholar.org/paper/2867eb64cc4bb1945363fdae12a168962ea823aa",
            "venue": "2013 10th Working Conference on Mining Software Repositories (MSR)",
            "year": 2013
        },
        {
            "arxivId": null,
            "authors": [
                {
                    "authorId": "3340472",
                    "name": "R. Kannavara"
                }
            ],
            "doi": "10.1109/ICST.2012.123",
            "intent": [],
            "isInfluential": false,
            "paperId": "2fafa1ec5ee902d4f2f6b6835908fc50a3bdcbf8",
            "title": "Securing Opensource Code via Static Analysis",
            "url": "https://www.semanticscholar.org/paper/2fafa1ec5ee902d4f2f6b6835908fc50a3bdcbf8",
            "venue": "2012 IEEE Fifth International Conference on Software Testing, Verification and Validation",
            "year": 2012
        },
        {
            "arxivId": null,
            "authors": [
                {
                    "authorId": "30008780",
                    "name": "J. Novak"
                },
                {
                    "authorId": "2317152",
                    "name": "A. Krajnc"
                },
                {
                    "authorId": "1933632",
                    "name": "Rok Zontar"
                }
            ],
            "doi": null,
            "intent": [],
            "isInfluential": false,
            "paperId": "13a690909731c81a43d736e54d02994430fdb2ac",
            "title": "Taxonomy of static code analysis tools",
            "url": "https://www.semanticscholar.org/paper/13a690909731c81a43d736e54d02994430fdb2ac",
            "venue": "The 33rd International Convention MIPRO",
            "year": 2010
        },
        {
            "arxivId": null,
            "authors": [
                {
                    "authorId": "145906750",
                    "name": "Tao Xie"
                },
                {
                    "authorId": "145525190",
                    "name": "J. Pei"
                }
            ],
            "doi": "10.1145/1137983.1137997",
            "intent": [],
            "isInfluential": false,
            "paperId": "523a4342478c553115e896a88c178a5996ef7a4a",
            "title": "MAPO: mining API usages from open source repositories",
            "url": "https://www.semanticscholar.org/paper/523a4342478c553115e896a88c178a5996ef7a4a",
            "venue": "MSR '06",
            "year": 2006
        },
        {
            "arxivId": null,
            "authors": [
                {
                    "authorId": "1768591",
                    "name": "L. Bass"
                },
                {
                    "authorId": "1734918",
                    "name": "P. Clements"
                },
                {
                    "authorId": "1699020",
                    "name": "R. Kazman"
                }
            ],
            "doi": null,
            "intent": [
                "methodology"
            ],
            "isInfluential": false,
            "paperId": "bbb9a237eb0cb75812d05c2d6428253bb1627a56",
            "title": "Software architecture in practice",
            "url": "https://www.semanticscholar.org/paper/bbb9a237eb0cb75812d05c2d6428253bb1627a56",
            "venue": "SEI series in software engineering",
            "year": 1999
        }
    ],
    "s2FieldsOfStudy": [
        {
            "category": "Computer Science",
            "source": "external"
        },
        {
            "category": "Computer Science",
            "source": "s2-fos-model"
        }
    ],
    "title": "OpenHub: a scalable architecture for the analysis of software quality attributes",
    "topics": [
        {
            "topic": "(formerly Ohloh)",
            "topicId": "1491954",
            "url": "https://www.semanticscholar.org/topic/1491954"
        },
        {
            "topic": "List of system quality attributes",
            "topicId": "183884",
            "url": "https://www.semanticscholar.org/topic/183884"
        },
        {
            "topic": "Scalability",
            "topicId": "1360",
            "url": "https://www.semanticscholar.org/topic/1360"
        },
        {
            "topic": "Software quality",
            "topicId": "26008",
            "url": "https://www.semanticscholar.org/topic/26008"
        },
        {
            "topic": "Usability",
            "topicId": "460",
            "url": "https://www.semanticscholar.org/topic/460"
        },
        {
            "topic": "Open-source software",
            "topicId": "8878",
            "url": "https://www.semanticscholar.org/topic/8878"
        },
        {
            "topic": "Python",
            "topicId": "3739",
            "url": "https://www.semanticscholar.org/topic/3739"
        },
        {
            "topic": "Analysis of algorithms",
            "topicId": "13372",
            "url": "https://www.semanticscholar.org/topic/13372"
        },
        {
            "topic": "Web search engine",
            "topicId": "4943",
            "url": "https://www.semanticscholar.org/topic/4943"
        },
        {
            "topic": "Non-functional requirement",
            "topicId": "27937",
            "url": "https://www.semanticscholar.org/topic/27937"
        }
    ],
    "url": "https://www.semanticscholar.org/paper/2061f3c7300f84fdde9de617351c36cf14b6a144",
    "venue": "IEEE Working Conference on Mining Software Repositories",
    "year": 2014
}