{
    "abstract": "It is critical for research to have an open, well-curated, representative set of apps for analysis. We present a collection of open-source Android apps collected from several sources, including Github. Our dataset, AndroZooOpen, currently contains over 45,000 app artefacts, a representative picture of Github-hosted Android apps. For apps released on Google Play, metadata including categories, ratings and user reviews, are also stored. We share this new dataset as part of our ongoing research to better support and enable new research topics involving Android app artefact analysis, and as a supplement dataset for AndroZoo, a well-known app collection of close-sourced Android apps.",
    "arxivId": null,
    "authors": [
        {
            "authorId": "2113250846",
            "name": "Pei Liu",
            "url": "https://www.semanticscholar.org/author/2113250846"
        },
        {
            "authorId": "2156057192",
            "name": "Li Li",
            "url": "https://www.semanticscholar.org/author/2156057192"
        },
        {
            "authorId": "2109712263",
            "name": "Yanjie Zhao",
            "url": "https://www.semanticscholar.org/author/2109712263"
        },
        {
            "authorId": "2112561483",
            "name": "Xiaoyu Sun",
            "url": "https://www.semanticscholar.org/author/2112561483"
        },
        {
            "authorId": "1687239",
            "name": "J. Grundy",
            "url": "https://www.semanticscholar.org/author/1687239"
        }
    ],
    "citationVelocity": 11,
    "citations": [
        {
            "arxivId": null,
            "authors": [
                {
                    "authorId": "1817470",
                    "name": "David Broneske"
                },
                {
                    "authorId": "2311223875",
                    "name": "Sebastian Kittan"
                },
                {
                    "authorId": "2294487423",
                    "name": "Jacob Kr\u00fcger"
                }
            ],
            "doi": "10.1145/3660798",
            "intent": [],
            "isInfluential": false,
            "paperId": "6f30b34e9e923168baa57f2edc5233577d778292",
            "title": "Sharing Software-Evolution Datasets: Practices, Challenges, and Recommendations",
            "url": "https://www.semanticscholar.org/paper/6f30b34e9e923168baa57f2edc5233577d778292",
            "venue": "Proceedings of the ACM on Software Engineering",
            "year": 2024
        },
        {
            "arxivId": "2406.17431",
            "authors": [
                {
                    "authorId": "2111780741",
                    "name": "Shidong Pan"
                },
                {
                    "authorId": "2308235375",
                    "name": "Tianchen Guo"
                },
                {
                    "authorId": "2308232756",
                    "name": "Lihong Zhang"
                },
                {
                    "authorId": "2308227036",
                    "name": "Pei Liu"
                },
                {
                    "authorId": "2284985405",
                    "name": "Zhenchang Xing"
                },
                {
                    "authorId": "2290024155",
                    "name": "Xiaoyu Sun"
                }
            ],
            "doi": "10.48550/arXiv.2406.17431",
            "intent": [
                "methodology"
            ],
            "isInfluential": false,
            "paperId": "3cf64bc1600c1c31a62be560aff170dcb271d995",
            "title": "A Large-scale Investigation of Semantically Incompatible APIs behind Compatibility Issues in Android Apps",
            "url": "https://www.semanticscholar.org/paper/3cf64bc1600c1c31a62be560aff170dcb271d995",
            "venue": "ArXiv",
            "year": 2024
        },
        {
            "arxivId": null,
            "authors": [
                {
                    "authorId": "2089317801",
                    "name": "Yusfrizal Yusfrizal"
                },
                {
                    "authorId": "2306521321",
                    "name": "Andrian Syahputra"
                },
                {
                    "authorId": "2306523758",
                    "name": "Yahya Tanjung"
                },
                {
                    "authorId": "2306522698",
                    "name": "Safrizal"
                }
            ],
            "doi": "10.59934/jaiea.v3i3.506",
            "intent": [
                "background"
            ],
            "isInfluential": false,
            "paperId": "a64e229edecee28e4ef7122a1dc8918c368341d1",
            "title": "Analysis of Markov Blanket Based Feature Ranking for Android Malware Detection",
            "url": "https://www.semanticscholar.org/paper/a64e229edecee28e4ef7122a1dc8918c368341d1",
            "venue": "Journal of Artificial Intelligence and Engineering Applications (JAIEA)",
            "year": 2024
        },
        {
            "arxivId": "2406.08340",
            "authors": [
                {
                    "authorId": "150311588",
                    "name": "Shengcheng Yu"
                },
                {
                    "authorId": "7595994",
                    "name": "Chunrong Fang"
                },
                {
                    "authorId": "2275055132",
                    "name": "Mingzhe Du"
                },
                {
                    "authorId": "2306996229",
                    "name": "Zimin Ding"
                },
                {
                    "authorId": "2238950128",
                    "name": "Zhenyu Chen"
                },
                {
                    "authorId": "2261330137",
                    "name": "Zhendong Su"
                }
            ],
            "doi": "10.1109/TSE.2024.3414672",
            "intent": [
                "methodology"
            ],
            "isInfluential": false,
            "paperId": "0f78bbe1fbc85434a1a794e391bc7bf5b3898d22",
            "title": "Practical, Automated Scenario-Based Mobile App Testing",
            "url": "https://www.semanticscholar.org/paper/0f78bbe1fbc85434a1a794e391bc7bf5b3898d22",
            "venue": "IEEE Transactions on Software Engineering",
            "year": 2024
        },
        {
            "arxivId": null,
            "authors": [
                {
                    "authorId": "2234350611",
                    "name": "Yasaman Abedini"
                },
                {
                    "authorId": "2307278871",
                    "name": "Mohammad Hadi Hajihosseini"
                },
                {
                    "authorId": "2305843296",
                    "name": "Abbas Heydarnoori"
                }
            ],
            "doi": "10.1145/3643991.3644892",
            "intent": [],
            "isInfluential": false,
            "paperId": "21aae94367493762eaa354f6163ff210a49660ef",
            "title": "DATAR: A Dataset for Tracking App Releases",
            "url": "https://www.semanticscholar.org/paper/21aae94367493762eaa354f6163ff210a49660ef",
            "venue": "2024 IEEE/ACM 21st International Conference on Mining Software Repositories (MSR)",
            "year": 2024
        },
        {
            "arxivId": null,
            "authors": [
                {
                    "authorId": "2213778809",
                    "name": "Xiao-Hui Wang"
                },
                {
                    "authorId": "2146342853",
                    "name": "Tao Zhang"
                },
                {
                    "authorId": "1643390875",
                    "name": "Youshuai Tan"
                },
                {
                    "authorId": "2294250937",
                    "name": "Weiyi Shang"
                },
                {
                    "authorId": "2191624492",
                    "name": "Yao Li"
                }
            ],
            "doi": "10.1016/j.jss.2024.112040",
            "intent": [],
            "isInfluential": false,
            "paperId": "e6808dc2f22f029818a1631a62054d13cbd3fa2b",
            "title": "How to effectively mine app reviews concerning software ecosystem? A survey of review characteristics",
            "url": "https://www.semanticscholar.org/paper/e6808dc2f22f029818a1631a62054d13cbd3fa2b",
            "venue": "J. Syst. Softw.",
            "year": 2024
        },
        {
            "arxivId": null,
            "authors": [
                {
                    "authorId": "37685890",
                    "name": "Rui Rua"
                },
                {
                    "authorId": "2274006680",
                    "name": "Jo\u00e3o Saraiva"
                }
            ],
            "doi": "10.1007/s10664-023-10391-y",
            "intent": [],
            "isInfluential": false,
            "paperId": "55ad3d628bf43bc84b1183940f5250ca24243bd2",
            "title": "A large-scale empirical study on mobile performance: energy, run-time and memory",
            "url": "https://www.semanticscholar.org/paper/55ad3d628bf43bc84b1183940f5250ca24243bd2",
            "venue": "Empir. Softw. Eng.",
            "year": 2023
        },
        {
            "arxivId": "2311.01311",
            "authors": [
                {
                    "authorId": "2293364656",
                    "name": "Li Li"
                },
                {
                    "authorId": "2293549142",
                    "name": "Xiang Gao"
                },
                {
                    "authorId": "2265305015",
                    "name": "Hailong Sun"
                },
                {
                    "authorId": "2264711920",
                    "name": "Chunming Hu"
                },
                {
                    "authorId": "2112561483",
                    "name": "Xiaoyu Sun"
                },
                {
                    "authorId": "2264450697",
                    "name": "Haoyu Wang"
                },
                {
                    "authorId": "2257046205",
                    "name": "Haipeng Cai"
                },
                {
                    "authorId": "2264933824",
                    "name": "Ting Su"
                },
                {
                    "authorId": "2241568071",
                    "name": "Xiapu Luo"
                },
                {
                    "authorId": "2199740497",
                    "name": "Tegawend'e F. Bissyand'e"
                },
                {
                    "authorId": "2256993923",
                    "name": "Jacques Klein"
                },
                {
                    "authorId": "2095462233",
                    "name": "John C. Grundy"
                },
                {
                    "authorId": "2264570522",
                    "name": "Tao Xie"
                },
                {
                    "authorId": "2265213029",
                    "name": "Haibo Chen"
                },
                {
                    "authorId": "2264413566",
                    "name": "Huaimin Wang"
                }
            ],
            "doi": "10.48550/arXiv.2311.01311",
            "intent": [
                "background"
            ],
            "isInfluential": false,
            "paperId": "8d5dcac22283b373d4ac13c69956adb4ce0e7141",
            "title": "Software Engineering for OpenHarmony: A Research Roadmap",
            "url": "https://www.semanticscholar.org/paper/8d5dcac22283b373d4ac13c69956adb4ce0e7141",
            "venue": "ArXiv",
            "year": 2023
        },
        {
            "arxivId": null,
            "authors": [
                {
                    "authorId": "37685890",
                    "name": "Rui Rua"
                },
                {
                    "authorId": "2274006680",
                    "name": "Jo\u00e3o Saraiva"
                }
            ],
            "doi": "10.1109/ICSME58846.2023.00077",
            "intent": [],
            "isInfluential": false,
            "paperId": "47e518d4a2d92206762f9f706511e4f77e426870",
            "title": "PyAnaDroid: A fully-customizable execution pipeline for benchmarking Android Applications",
            "url": "https://www.semanticscholar.org/paper/47e518d4a2d92206762f9f706511e4f77e426870",
            "venue": "2023 IEEE International Conference on Software Maintenance and Evolution (ICSME)",
            "year": 2023
        },
        {
            "arxivId": "2308.14211",
            "authors": [
                {
                    "authorId": "2234350611",
                    "name": "Yasaman Abedini"
                },
                {
                    "authorId": "1798455",
                    "name": "A. Heydarnoori"
                }
            ],
            "doi": "10.1145/3678170",
            "intent": [
                "background"
            ],
            "isInfluential": false,
            "paperId": "c50da0086e1cc493c513a5e9c4ab86a101c60c82",
            "title": "Can GitHub Issues Help in App Review Classifications?",
            "url": "https://www.semanticscholar.org/paper/c50da0086e1cc493c513a5e9c4ab86a101c60c82",
            "venue": "ACM Transactions on Software Engineering and Methodology",
            "year": 2023
        },
        {
            "arxivId": null,
            "authors": [
                {
                    "authorId": "2113250846",
                    "name": "Pei Liu"
                },
                {
                    "authorId": "2156057814",
                    "name": "Li Li"
                },
                {
                    "authorId": "145407228",
                    "name": "Kui Liu"
                },
                {
                    "authorId": "1725534",
                    "name": "Shane McIntosh"
                },
                {
                    "authorId": "2095462233",
                    "name": "John C. Grundy"
                }
            ],
            "doi": "10.1002/smr.2602",
            "intent": [],
            "isInfluential": false,
            "paperId": "50df3ef1209d88518c5cd4ce9a1289db73d5ed6d",
            "title": "Understanding the quality and evolution of Android app build systems",
            "url": "https://www.semanticscholar.org/paper/50df3ef1209d88518c5cd4ce9a1289db73d5ed6d",
            "venue": "J. Softw. Evol. Process.",
            "year": 2023
        },
        {
            "arxivId": "2306.11391",
            "authors": [
                {
                    "authorId": "2200182953",
                    "name": "Romain Lefeuvre"
                },
                {
                    "authorId": "2037477411",
                    "name": "Jessie Galasso"
                },
                {
                    "authorId": "1744336",
                    "name": "B. Combemale"
                },
                {
                    "authorId": "9460712",
                    "name": "H. Sahraoui"
                },
                {
                    "authorId": "1682225",
                    "name": "Stefano Zacchiroli"
                }
            ],
            "doi": "10.1145/3589806.3600043",
            "intent": [],
            "isInfluential": false,
            "paperId": "8928f580221918a7ed47fd2ba5460a1dbd5b8e9f",
            "title": "Fingerprinting and Building Large Reproducible Datasets",
            "url": "https://www.semanticscholar.org/paper/8928f580221918a7ed47fd2ba5460a1dbd5b8e9f",
            "venue": "ACM-REP",
            "year": 2023
        },
        {
            "arxivId": "2306.04892",
            "authors": [
                {
                    "authorId": "2197659721",
                    "name": "Mir Sameed Ali"
                },
                {
                    "authorId": "2197582565",
                    "name": "Nikhil Manjunath"
                },
                {
                    "authorId": "1926332",
                    "name": "S. Chimalakonda"
                }
            ],
            "doi": "10.48550/arXiv.2306.04892",
            "intent": [
                "background"
            ],
            "isInfluential": false,
            "paperId": "1006367adb5eafd2a434808b8b3fa951a4e59490",
            "title": "X-COBOL: A Dataset of COBOL Repositories",
            "url": "https://www.semanticscholar.org/paper/1006367adb5eafd2a434808b8b3fa951a4e59490",
            "venue": "ArXiv",
            "year": 2023
        },
        {
            "arxivId": "2304.04347",
            "authors": [
                {
                    "authorId": "2112561483",
                    "name": "Xiaoyu Sun"
                },
                {
                    "authorId": "2117025592",
                    "name": "Xiao Chen"
                },
                {
                    "authorId": "2156610853",
                    "name": "Yonghui Liu"
                },
                {
                    "authorId": "2095462233",
                    "name": "John C. Grundy"
                },
                {
                    "authorId": "2156057192",
                    "name": "Li Li"
                }
            ],
            "doi": "10.1109/TSE.2023.3266324",
            "intent": [
                "methodology"
            ],
            "isInfluential": true,
            "paperId": "f432a946408de1f5430d4b7f0d94fb7830847d99",
            "title": "Taming Android Fragmentation Through Lightweight Crowdsourced Testing",
            "url": "https://www.semanticscholar.org/paper/f432a946408de1f5430d4b7f0d94fb7830847d99",
            "venue": "IEEE Transactions on Software Engineering",
            "year": 2023
        },
        {
            "arxivId": "2303.02258",
            "authors": [
                {
                    "authorId": "2210794388",
                    "name": "Gregory Wilder"
                },
                {
                    "authorId": "2210794526",
                    "name": "Riley Miyamoto"
                },
                {
                    "authorId": "2210794947",
                    "name": "Samuel Watson"
                },
                {
                    "authorId": "1699020",
                    "name": "R. Kazman"
                },
                {
                    "authorId": "2134588372",
                    "name": "Anthony Peruma"
                }
            ],
            "doi": "10.1109/TechDebt59074.2023.00007",
            "intent": [],
            "isInfluential": false,
            "paperId": "20148c4f1893b72b6b247f315d93551dd96047da",
            "title": "An Exploratory Study on the Occurrence of Self-Admitted Technical Debt in Android Apps",
            "url": "https://www.semanticscholar.org/paper/20148c4f1893b72b6b247f315d93551dd96047da",
            "venue": "2023 ACM/IEEE International Conference on Technical Debt (TechDebt)",
            "year": 2023
        },
        {
            "arxivId": null,
            "authors": [
                {
                    "authorId": "2055129243",
                    "name": "Ajay Kumar Jha"
                },
                {
                    "authorId": "2174794868",
                    "name": "Mohayeminul Islam"
                },
                {
                    "authorId": "1869015",
                    "name": "Sarah Nadi"
                }
            ],
            "doi": "10.1109/SANER56733.2023.00077",
            "intent": [
                "methodology"
            ],
            "isInfluential": false,
            "paperId": "e2891a6a70b03ee9daeaf07c1440f302d1087f8a",
            "title": "JTestMigBench and JTestMigTax: A benchmark and taxonomy for unit test migration",
            "url": "https://www.semanticscholar.org/paper/e2891a6a70b03ee9daeaf07c1440f302d1087f8a",
            "venue": "2023 IEEE International Conference on Software Analysis, Evolution and Reengineering (SANER)",
            "year": 2023
        },
        {
            "arxivId": null,
            "authors": [
                {
                    "authorId": "2109712263",
                    "name": "Yanjie Zhao"
                },
                {
                    "authorId": "2156057192",
                    "name": "Li Li"
                },
                {
                    "authorId": "2109570943",
                    "name": "Haoyu Wang"
                },
                {
                    "authorId": "144410992",
                    "name": "Qiang He"
                },
                {
                    "authorId": "2095462233",
                    "name": "John C. Grundy"
                }
            ],
            "doi": "10.1109/TSE.2022.3146831",
            "intent": [
                "background"
            ],
            "isInfluential": true,
            "paperId": "35847f1bd206e104927ea8833208caf9552d85a2",
            "title": "APIMatchmaker: Matching the Right APIs for Supporting the Development of Android Apps",
            "url": "https://www.semanticscholar.org/paper/35847f1bd206e104927ea8833208caf9552d85a2",
            "venue": "IEEE Transactions on Software Engineering",
            "year": 2023
        },
        {
            "arxivId": "2211.13104",
            "authors": [
                {
                    "authorId": "39753995",
                    "name": "Kaspar Hageman"
                },
                {
                    "authorId": "72785998",
                    "name": "\u00c1lvaro Feal"
                },
                {
                    "authorId": "46213185",
                    "name": "Julien Gamba"
                },
                {
                    "authorId": "2188749727",
                    "name": "Aniketh Girish"
                },
                {
                    "authorId": "90483496",
                    "name": "J. Bleier"
                },
                {
                    "authorId": "40608753",
                    "name": "Martina Lindorfer"
                },
                {
                    "authorId": "145170015",
                    "name": "J. Tapiador"
                },
                {
                    "authorId": "1398192285",
                    "name": "Narseo Vallina-Rodriguez"
                }
            ],
            "doi": "10.1109/TSE.2023.3236582",
            "intent": [],
            "isInfluential": false,
            "paperId": "65e614f957e2532548cd21f469827995be01b510",
            "title": "Mixed Signals: Analyzing Software Attribution Challenges in the Android Ecosystem",
            "url": "https://www.semanticscholar.org/paper/65e614f957e2532548cd21f469827995be01b510",
            "venue": "IEEE Transactions on Software Engineering",
            "year": 2022
        },
        {
            "arxivId": null,
            "authors": [
                {
                    "authorId": "2113250846",
                    "name": "Pei Liu"
                },
                {
                    "authorId": "2055701814",
                    "name": "Qingxin Xia"
                },
                {
                    "authorId": "145407228",
                    "name": "Kui Liu"
                },
                {
                    "authorId": "9734798",
                    "name": "Juncai Guo"
                },
                {
                    "authorId": "2153689125",
                    "name": "Xin Wang"
                },
                {
                    "authorId": "2155352529",
                    "name": "Jin Liu"
                },
                {
                    "authorId": "2095462233",
                    "name": "John C. Grundy"
                },
                {
                    "authorId": "2156057192",
                    "name": "Li Li"
                }
            ],
            "doi": "10.1016/j.jss.2022.111559",
            "intent": [],
            "isInfluential": false,
            "paperId": "bf008046d67afa00adbe5f154ae2b6448c4a5054",
            "title": "Towards automated Android app internationalisation: An exploratory study",
            "url": "https://www.semanticscholar.org/paper/bf008046d67afa00adbe5f154ae2b6448c4a5054",
            "venue": "J. Syst. Softw.",
            "year": 2022
        },
        {
            "arxivId": "2210.10997",
            "authors": [
                {
                    "authorId": "2112561483",
                    "name": "Xiaoyu Sun"
                },
                {
                    "authorId": "2117025592",
                    "name": "Xiao Chen"
                },
                {
                    "authorId": "2156057406",
                    "name": "Li Li"
                },
                {
                    "authorId": "39136735",
                    "name": "Haipeng Cai"
                },
                {
                    "authorId": "2095462233",
                    "name": "John C. Grundy"
                },
                {
                    "authorId": "1753394319",
                    "name": "Jordan Samhi"
                },
                {
                    "authorId": "2170164497",
                    "name": "Tegawend'e F. Bissyand'e"
                },
                {
                    "authorId": "2445617",
                    "name": "Jacques Klein"
                }
            ],
            "doi": "10.1145/3574158",
            "intent": [],
            "isInfluential": false,
            "paperId": "35cd046462e805d5f1c9e35156a28e5d612efe18",
            "title": "Demystifying Hidden Sensitive Operations in Android Apps",
            "url": "https://www.semanticscholar.org/paper/35cd046462e805d5f1c9e35156a28e5d612efe18",
            "venue": "ACM Trans. Softw. Eng. Methodol.",
            "year": 2022
        },
        {
            "arxivId": null,
            "authors": [
                {
                    "authorId": "2053413814",
                    "name": "Rahman Ali"
                },
                {
                    "authorId": "2112248669",
                    "name": "Asmat Ali"
                },
                {
                    "authorId": "2670601",
                    "name": "Farkhund Iqbal"
                },
                {
                    "authorId": "2004858657",
                    "name": "Mohammed Hussain"
                },
                {
                    "authorId": "48634318",
                    "name": "Farhan Ullah"
                }
            ],
            "doi": "10.1155/2022/2959222",
            "intent": [],
            "isInfluential": false,
            "paperId": "93a65b63100499c393dd5c404885cf51018eeec7",
            "title": "Deep Learning Methods for Malware and Intrusion Detection: A Systematic Literature Review",
            "url": "https://www.semanticscholar.org/paper/93a65b63100499c393dd5c404885cf51018eeec7",
            "venue": "Security and Communication Networks",
            "year": 2022
        },
        {
            "arxivId": "2210.12581",
            "authors": [
                {
                    "authorId": "2113250846",
                    "name": "Pei Liu"
                },
                {
                    "authorId": "2112561483",
                    "name": "Xiaoyu Sun"
                },
                {
                    "authorId": "2109712263",
                    "name": "Yanjie Zhao"
                },
                {
                    "authorId": "2156610853",
                    "name": "Yonghui Liu"
                },
                {
                    "authorId": "2095462233",
                    "name": "John C. Grundy"
                },
                {
                    "authorId": "2156057192",
                    "name": "Li Li"
                }
            ],
            "doi": "10.1145/3551349.3561341",
            "intent": [],
            "isInfluential": false,
            "paperId": "dd13bfd70228921f6d44f7d0dd317c55c125801c",
            "title": "A First Look at CI/CD Adoptions in Open-Source Android Apps",
            "url": "https://www.semanticscholar.org/paper/dd13bfd70228921f6d44f7d0dd317c55c125801c",
            "venue": "ASE",
            "year": 2022
        },
        {
            "arxivId": "2209.07048",
            "authors": [
                {
                    "authorId": "100576986",
                    "name": "Yue Liu"
                },
                {
                    "authorId": "1957122",
                    "name": "C. Tantithamthavorn"
                },
                {
                    "authorId": "2156610853",
                    "name": "Yonghui Liu"
                },
                {
                    "authorId": "2352093",
                    "name": "Patanamon Thongtanunam"
                },
                {
                    "authorId": "2156059416",
                    "name": "Li Li"
                }
            ],
            "doi": "10.1145/3678167",
            "intent": [
                "methodology"
            ],
            "isInfluential": false,
            "paperId": "e43e74bc1909eb41bc3261c4c9fb247d0efdbcf9",
            "title": "Automatically Recommend Code Updates: Are We There Yet?",
            "url": "https://www.semanticscholar.org/paper/e43e74bc1909eb41bc3261c4c9fb247d0efdbcf9",
            "venue": "ACM Transactions on Software Engineering and Methodology",
            "year": 2022
        },
        {
            "arxivId": "2209.04511",
            "authors": [
                {
                    "authorId": "2056767397",
                    "name": "Samuel W. Flint"
                },
                {
                    "authorId": "2056766928",
                    "name": "Jigyasa Chauhan"
                },
                {
                    "authorId": "2256709693",
                    "name": "Robert Dyer"
                }
            ],
            "doi": "10.1007/s10664-022-10200-y",
            "intent": [],
            "isInfluential": false,
            "paperId": "d1988265d634962b4682dc2b1ff8200cbf0eb9eb",
            "title": "Pitfalls and guidelines for using time-based Git data",
            "url": "https://www.semanticscholar.org/paper/d1988265d634962b4682dc2b1ff8200cbf0eb9eb",
            "venue": "Empirical Software Engineering",
            "year": 2022
        },
        {
            "arxivId": null,
            "authors": [
                {
                    "authorId": "48634318",
                    "name": "Farhan Ullah"
                },
                {
                    "authorId": "27071100",
                    "name": "Amjad Alsirhani"
                },
                {
                    "authorId": "2206286584",
                    "name": "Mohammed Mujib Alshahrani"
                },
                {
                    "authorId": "143803205",
                    "name": "Abdullah Alomari"
                },
                {
                    "authorId": "9101428",
                    "name": "Hamad Naeem"
                },
                {
                    "authorId": "26888393",
                    "name": "Syed Aziz Shah"
                }
            ],
            "doi": "10.3390/s22186766",
            "intent": [],
            "isInfluential": false,
            "paperId": "1a2544252328c377943216053ab5b5dfc7fa8228",
            "title": "Explainable Malware Detection System Using Transformers-Based Transfer Learning and Multi-Model Visual Representation",
            "url": "https://www.semanticscholar.org/paper/1a2544252328c377943216053ab5b5dfc7fa8228",
            "venue": "Sensors",
            "year": 2022
        },
        {
            "arxivId": "2208.09116",
            "authors": [
                {
                    "authorId": "150311588",
                    "name": "Shengcheng Yu"
                },
                {
                    "authorId": "7595994",
                    "name": "Chunrong Fang"
                },
                {
                    "authorId": "2177762717",
                    "name": "Xin Li"
                },
                {
                    "authorId": "2275065770",
                    "name": "Yuchen Ling"
                },
                {
                    "authorId": "2109268240",
                    "name": "Zhenyu Chen"
                },
                {
                    "authorId": "2261330137",
                    "name": "Zhendong Su"
                }
            ],
            "doi": "10.1145/3674728",
            "intent": [],
            "isInfluential": false,
            "paperId": "3513d087c678be89cd47cea79926b0d01543128c",
            "title": "Effective, Platform-Independent GUI Testing via Image Embedding and Reinforcement Learning",
            "url": "https://www.semanticscholar.org/paper/3513d087c678be89cd47cea79926b0d01543128c",
            "venue": "ACM Transactions on Software Engineering and Methodology",
            "year": 2022
        },
        {
            "arxivId": null,
            "authors": [
                {
                    "authorId": "2186224805",
                    "name": "Leigh Turnbull"
                },
                {
                    "authorId": "120636643",
                    "name": "Zhiyuan Tan"
                },
                {
                    "authorId": "122333345",
                    "name": "Kehinde O. Babaagba"
                }
            ],
            "doi": "10.1109/DSC54232.2022.9888906",
            "intent": [
                "methodology"
            ],
            "isInfluential": false,
            "paperId": "e1909aeac9938f5a7b377a060b91701be1ab6250",
            "title": "A Generative Neural Network for Enhancing Android Metamorphic Malware Detection based on Behaviour Profiling",
            "url": "https://www.semanticscholar.org/paper/e1909aeac9938f5a7b377a060b91701be1ab6250",
            "venue": "2022 IEEE Conference on Dependable and Secure Computing (DSC)",
            "year": 2022
        },
        {
            "arxivId": "2205.14576",
            "authors": [
                {
                    "authorId": "146870954",
                    "name": "Harel Berger"
                },
                {
                    "authorId": "3313085",
                    "name": "Chen Hajaj"
                },
                {
                    "authorId": "2439506",
                    "name": "A. Dvir"
                }
            ],
            "doi": "10.48550/arXiv.2205.14576",
            "intent": [
                "background"
            ],
            "isInfluential": false,
            "paperId": "6e79c672591287ccbbf9582cb6dfb1a53a338570",
            "title": "Problem-Space Evasion Attacks in the Android OS: a Survey",
            "url": "https://www.semanticscholar.org/paper/6e79c672591287ccbbf9582cb6dfb1a53a338570",
            "venue": "ArXiv",
            "year": 2022
        },
        {
            "arxivId": null,
            "authors": [
                {
                    "authorId": "2164016229",
                    "name": "Meijin Li"
                },
                {
                    "authorId": "2072875578",
                    "name": "Zhiyang Fang"
                },
                {
                    "authorId": "2155107063",
                    "name": "Junfeng Wang"
                },
                {
                    "authorId": "2158336036",
                    "name": "Luyu Cheng"
                },
                {
                    "authorId": "2163452697",
                    "name": "Qi Zeng"
                },
                {
                    "authorId": "2259714136",
                    "name": "Tao Yang"
                },
                {
                    "authorId": "48608236",
                    "name": "Y. Wu"
                },
                {
                    "authorId": "11873158",
                    "name": "Jiaxuan Geng"
                }
            ],
            "doi": "10.1080/08839514.2021.2007327",
            "intent": [
                "background"
            ],
            "isInfluential": true,
            "paperId": "e17673d1548da0661840c31fac01f9c0fa4054ce",
            "title": "A Systematic Overview of Android Malware Detection",
            "url": "https://www.semanticscholar.org/paper/e17673d1548da0661840c31fac01f9c0fa4054ce",
            "venue": "Appl. Artif. Intell.",
            "year": 2021
        },
        {
            "arxivId": null,
            "authors": [
                {
                    "authorId": "2023723083",
                    "name": "Abir Rahali"
                },
                {
                    "authorId": "2629166",
                    "name": "M. Akhloufi"
                }
            ],
            "doi": "10.1109/SMC52423.2021.9659287",
            "intent": [],
            "isInfluential": false,
            "paperId": "ee09751fab987e60d8d005ef20fe57c5defc408e",
            "title": "MalBERT: Malware Detection using Bidirectional Encoder Representations from Transformers*",
            "url": "https://www.semanticscholar.org/paper/ee09751fab987e60d8d005ef20fe57c5defc408e",
            "venue": "2021 IEEE International Conference on Systems, Man, and Cybernetics (SMC)",
            "year": 2021
        },
        {
            "arxivId": "2108.07401",
            "authors": [
                {
                    "authorId": "150311588",
                    "name": "Shengcheng Yu"
                },
                {
                    "authorId": "7595994",
                    "name": "Chunrong Fang"
                },
                {
                    "authorId": "1409701329",
                    "name": "Quanjun Zhang"
                },
                {
                    "authorId": "2152223856",
                    "name": "Zhihao Cao"
                },
                {
                    "authorId": "1871654186",
                    "name": "Yexiao Yun"
                },
                {
                    "authorId": "2113999449",
                    "name": "Zhenfei Cao"
                },
                {
                    "authorId": "2219923177",
                    "name": "Kai Mei"
                },
                {
                    "authorId": "9220930",
                    "name": "Zhenyu Chen"
                }
            ],
            "doi": "10.1109/TSE.2023.3285787",
            "intent": [
                "methodology",
                "background"
            ],
            "isInfluential": true,
            "paperId": "c6a776f06cad8e5f349eb0cca5006b54b6406ad5",
            "title": "Mobile App Crowdsourced Test Report Consistency Detection via Deep Image-and-Text Fusion Understanding",
            "url": "https://www.semanticscholar.org/paper/c6a776f06cad8e5f349eb0cca5006b54b6406ad5",
            "venue": "IEEE Transactions on Software Engineering",
            "year": 2021
        },
        {
            "arxivId": "2107.05165",
            "authors": [
                {
                    "authorId": "150311588",
                    "name": "Shengcheng Yu"
                },
                {
                    "authorId": "7595994",
                    "name": "Chunrong Fang"
                },
                {
                    "authorId": "2041224914",
                    "name": "Tongyu Li"
                },
                {
                    "authorId": "49082767",
                    "name": "Mingzhe Du"
                },
                {
                    "authorId": "2118887428",
                    "name": "Xuan Li"
                },
                {
                    "authorId": "2155698326",
                    "name": "Jing Zhang"
                },
                {
                    "authorId": "1871654186",
                    "name": "Yexiao Yun"
                },
                {
                    "authorId": "2108601468",
                    "name": "Xu Wang"
                },
                {
                    "authorId": "9220930",
                    "name": "Zhenyu Chen"
                }
            ],
            "doi": null,
            "intent": [
                "methodology"
            ],
            "isInfluential": false,
            "paperId": "f5b1a6a47c609080fe30c9b66bd1375f1ff612e7",
            "title": "Automated Mobile App Test Script Intent Generation via Image and Code Understanding",
            "url": "https://www.semanticscholar.org/paper/f5b1a6a47c609080fe30c9b66bd1375f1ff612e7",
            "venue": "ArXiv",
            "year": 2021
        },
        {
            "arxivId": null,
            "authors": [
                {
                    "authorId": "2109052025",
                    "name": "Wen Li"
                },
                {
                    "authorId": "1677649703",
                    "name": "Xiaoqin Fu"
                },
                {
                    "authorId": "39136735",
                    "name": "Haipeng Cai"
                }
            ],
            "doi": "10.1109/MSR52588.2021.00076",
            "intent": [
                "background"
            ],
            "isInfluential": false,
            "paperId": "68024158cef13941a50b2cc5226a997dbd5255bd",
            "title": "AndroCT: Ten Years of App Call Traces in Android",
            "url": "https://www.semanticscholar.org/paper/68024158cef13941a50b2cc5226a997dbd5255bd",
            "venue": "2021 IEEE/ACM 18th International Conference on Mining Software Repositories (MSR)",
            "year": 2021
        },
        {
            "arxivId": null,
            "authors": [
                {
                    "authorId": "37378795",
                    "name": "Geoffrey Hecht"
                },
                {
                    "authorId": "1790474",
                    "name": "Alexandre Bergel"
                }
            ],
            "doi": "10.1109/MobileSoft52590.2021.00019",
            "intent": [],
            "isInfluential": false,
            "paperId": "c5c6cffcb97891c7152ce41ef6b3d4481a301ebf",
            "title": "Quantifying the adoption of Kotlin on Android stores: Insight from the bytecode",
            "url": "https://www.semanticscholar.org/paper/c5c6cffcb97891c7152ce41ef6b3d4481a301ebf",
            "venue": "2021 IEEE/ACM 8th International Conference on Mobile Software Engineering and Systems (MobileSoft)",
            "year": 2021
        },
        {
            "arxivId": "2103.03806",
            "authors": [
                {
                    "authorId": "2023723083",
                    "name": "Abir Rahali"
                },
                {
                    "authorId": "2629166",
                    "name": "M. Akhloufi"
                }
            ],
            "doi": null,
            "intent": [
                "background"
            ],
            "isInfluential": false,
            "paperId": "31efcb8321e29c3b4e4431d626a2e702789ca55e",
            "title": "MalBERT: Using Transformers for Cybersecurity and Malicious Software Detection",
            "url": "https://www.semanticscholar.org/paper/31efcb8321e29c3b4e4431d626a2e702789ca55e",
            "venue": "ArXiv",
            "year": 2021
        },
        {
            "arxivId": null,
            "authors": [
                {
                    "authorId": "2156060644",
                    "name": "Li Li"
                },
                {
                    "authorId": "49952079",
                    "name": "Jun Gao"
                },
                {
                    "authorId": "1990261",
                    "name": "Pingfan Kong"
                },
                {
                    "authorId": "2287531153",
                    "name": "Haoyu Wang"
                },
                {
                    "authorId": "2287218171",
                    "name": "Mengyu Huang"
                },
                {
                    "authorId": "2287790590",
                    "name": "Yuan-Fang Li"
                },
                {
                    "authorId": "3023999",
                    "name": "T\u00e9gawend\u00e9 F. Bissyand\u00e9"
                }
            ],
            "doi": "10.1145/3417113.3422187",
            "intent": [
                "background"
            ],
            "isInfluential": false,
            "paperId": "db9a6fbb4b22b0afea401f983d8e62bd8618c386",
            "title": "KnowledgeZooClient: Constructing Knowledge Graph for Android",
            "url": "https://www.semanticscholar.org/paper/db9a6fbb4b22b0afea401f983d8e62bd8618c386",
            "venue": "2020 35th IEEE/ACM International Conference on Automated Software Engineering Workshops (ASEW)",
            "year": 2020
        },
        {
            "arxivId": "2008.03656",
            "authors": [
                {
                    "authorId": "2109105465",
                    "name": "Yanming Yang"
                },
                {
                    "authorId": "144558659",
                    "name": "Xin Xia"
                },
                {
                    "authorId": "143960552",
                    "name": "David Lo"
                },
                {
                    "authorId": "47194757",
                    "name": "Tingting Bi"
                },
                {
                    "authorId": "1687239",
                    "name": "J. Grundy"
                },
                {
                    "authorId": "1809356",
                    "name": "Xiaohu Yang"
                }
            ],
            "doi": "10.1145/3503509",
            "intent": [
                "background"
            ],
            "isInfluential": false,
            "paperId": "649f094c2d638d0b4d8e3b100bb25a4e14c58ed4",
            "title": "Predictive Models in Software Engineering: Challenges and Opportunities",
            "url": "https://www.semanticscholar.org/paper/649f094c2d638d0b4d8e3b100bb25a4e14c58ed4",
            "venue": "ACM Trans. Softw. Eng. Methodol.",
            "year": 2020
        },
        {
            "arxivId": null,
            "authors": [
                {
                    "authorId": "2262400578",
                    "name": "Yue Liu"
                },
                {
                    "authorId": "1957122",
                    "name": "C. Tantithamthavorn"
                },
                {
                    "authorId": "2156610853",
                    "name": "Yonghui Liu"
                },
                {
                    "authorId": "2352093",
                    "name": "Patanamon Thongtanunam"
                },
                {
                    "authorId": "2156059416",
                    "name": "Li Li"
                }
            ],
            "doi": "10.48550/arXiv.2209.07048",
            "intent": [
                "methodology",
                "background"
            ],
            "isInfluential": true,
            "paperId": "8bd4d5482c02ef85cd24d297853e2b76f6b7556d",
            "title": "AutoUpdate: Automatically Recommend Code Updates for Android Apps",
            "url": "https://www.semanticscholar.org/paper/8bd4d5482c02ef85cd24d297853e2b76f6b7556d",
            "venue": "ArXiv",
            "year": 2022
        },
        {
            "arxivId": null,
            "authors": [
                {
                    "authorId": "150311588",
                    "name": "Shengcheng Yu"
                },
                {
                    "authorId": "7595994",
                    "name": "Chunrong Fang"
                },
                {
                    "authorId": "2177249154",
                    "name": "Yulei Liu"
                },
                {
                    "authorId": "2314872119",
                    "name": "Ziqian Zhang"
                },
                {
                    "authorId": "1871654186",
                    "name": "Yexiao Yun"
                },
                {
                    "authorId": "2266968440",
                    "name": "Xin Li"
                },
                {
                    "authorId": "2238950128",
                    "name": "Zhenyu Chen"
                }
            ],
            "doi": "10.48550/arXiv.2208.09116",
            "intent": [
                "background"
            ],
            "isInfluential": false,
            "paperId": "0bfe2cd42dee6347984da0b262a56035b3489c17",
            "title": "Universally Adaptive Cross-Platform Reinforcement Learning Testing via GUI Image Understanding",
            "url": "https://www.semanticscholar.org/paper/0bfe2cd42dee6347984da0b262a56035b3489c17",
            "venue": "ArXiv",
            "year": 2022
        },
        {
            "arxivId": null,
            "authors": [
                {
                    "authorId": "2212620225",
                    "name": "Jawhara Z. Boodai"
                },
                {
                    "authorId": "2221450512",
                    "name": "Aminah Alqahtani"
                }
            ],
            "doi": null,
            "intent": [
                "background"
            ],
            "isInfluential": false,
            "paperId": "6feee9a083682118539f4a2f484422e6d3f36511",
            "title": "DEEP LEARNING FOR MALWARE DETECTION: LITERATURE REVIEW",
            "url": "https://www.semanticscholar.org/paper/6feee9a083682118539f4a2f484422e6d3f36511",
            "venue": "",
            "year": null
        }
    ],
    "corpusId": 221784928,
    "doi": "10.1145/3379597.3387503",
    "fieldsOfStudy": [
        "Computer Science"
    ],
    "influentialCitationCount": 3,
    "isOpenAccess": false,
    "isPublisherLicensed": true,
    "is_open_access": false,
    "is_publisher_licensed": true,
    "numCitedBy": 40,
    "numCiting": 34,
    "paperId": "b80f7cc6321ddcb59595bfb3226f233082ceb987",
    "references": [
        {
            "arxivId": null,
            "authors": [
                {
                    "authorId": "49952079",
                    "name": "Jun Gao"
                },
                {
                    "authorId": "2156057406",
                    "name": "Li Li"
                },
                {
                    "authorId": "1990261",
                    "name": "Pingfan Kong"
                },
                {
                    "authorId": "3023999",
                    "name": "T\u00e9gawend\u00e9 F. Bissyand\u00e9"
                },
                {
                    "authorId": "2445617",
                    "name": "Jacques Klein"
                }
            ],
            "doi": "10.1109/TR.2019.2956690",
            "intent": [
                "background"
            ],
            "isInfluential": false,
            "paperId": "b7548641432c05fb3ce54ed3f938eeb96983bd84",
            "title": "Understanding the Evolution of Android App Vulnerabilities",
            "url": "https://www.semanticscholar.org/paper/b7548641432c05fb3ce54ed3f938eeb96983bd84",
            "venue": "IEEE Transactions on Reliability",
            "year": 2021
        },
        {
            "arxivId": null,
            "authors": [
                {
                    "authorId": "2156057406",
                    "name": "Li Li"
                },
                {
                    "authorId": "49952079",
                    "name": "Jun Gao"
                },
                {
                    "authorId": "3023999",
                    "name": "T\u00e9gawend\u00e9 F. Bissyand\u00e9"
                },
                {
                    "authorId": "2109704522",
                    "name": "Lei Ma"
                },
                {
                    "authorId": "144558659",
                    "name": "Xin Xia"
                },
                {
                    "authorId": "2445617",
                    "name": "Jacques Klein"
                }
            ],
            "doi": "10.1007/s10664-019-09764-z",
            "intent": [
                "background"
            ],
            "isInfluential": false,
            "paperId": "b760bfe5a91363d8ed673e327419fee351d00be7",
            "title": "CDA: Characterising Deprecated Android APIs",
            "url": "https://www.semanticscholar.org/paper/b760bfe5a91363d8ed673e327419fee351d00be7",
            "venue": "Empirical Software Engineering",
            "year": 2020
        },
        {
            "arxivId": null,
            "authors": [
                {
                    "authorId": "49952079",
                    "name": "Jun Gao"
                },
                {
                    "authorId": "2156057406",
                    "name": "Li Li"
                },
                {
                    "authorId": "3023999",
                    "name": "T\u00e9gawend\u00e9 F. Bissyand\u00e9"
                },
                {
                    "authorId": "2445617",
                    "name": "Jacques Klein"
                }
            ],
            "doi": "10.1109/ICECCS.2019.00029",
            "intent": [
                "background"
            ],
            "isInfluential": false,
            "paperId": "5ca7c4fb0335dba34f3b0dee10dac5eb036fb615",
            "title": "On the Evolution of Mobile App Complexity",
            "url": "https://www.semanticscholar.org/paper/5ca7c4fb0335dba34f3b0dee10dac5eb036fb615",
            "venue": "2019 24th International Conference on Engineering of Complex Computer Systems (ICECCS)",
            "year": 2019
        },
        {
            "arxivId": "1910.08768",
            "authors": [
                {
                    "authorId": "1396390997",
                    "name": "Luis Cruz"
                },
                {
                    "authorId": "144837389",
                    "name": "Rui Abreu"
                }
            ],
            "doi": "10.1109/tse.2019.2946163",
            "intent": [
                "background"
            ],
            "isInfluential": false,
            "paperId": "dbd80c1b6497228ab49ecc9b4edee12e1291dbd6",
            "title": "On the Energy Footprint of Mobile Testing Frameworks",
            "url": "https://www.semanticscholar.org/paper/dbd80c1b6497228ab49ecc9b4edee12e1291dbd6",
            "venue": "IEEE Transactions on Software Engineering",
            "year": 2019
        },
        {
            "arxivId": "1908.08332",
            "authors": [
                {
                    "authorId": "1396390997",
                    "name": "Luis Cruz"
                },
                {
                    "authorId": "144837388",
                    "name": "R. Abreu"
                },
                {
                    "authorId": "1687239",
                    "name": "J. Grundy"
                },
                {
                    "authorId": "2156057192",
                    "name": "Li Li"
                },
                {
                    "authorId": "144558659",
                    "name": "Xin Xia"
                }
            ],
            "doi": "10.1109/ICSME.2019.00013",
            "intent": [
                "background"
            ],
            "isInfluential": false,
            "paperId": "ab3c3ccd277777a7614a364c02b4967eee00ffbf",
            "title": "Do Energy-Oriented Changes Hinder Maintainability?",
            "url": "https://www.semanticscholar.org/paper/ab3c3ccd277777a7614a364c02b4967eee00ffbf",
            "venue": "2019 IEEE International Conference on Software Maintenance and Evolution (ICSME)",
            "year": 2019
        },
        {
            "arxivId": null,
            "authors": [
                {
                    "authorId": "39136735",
                    "name": "Haipeng Cai"
                },
                {
                    "authorId": "2012413250",
                    "name": "Ziyi Zhang"
                },
                {
                    "authorId": "3913791",
                    "name": "Li Li"
                },
                {
                    "authorId": "1677649703",
                    "name": "Xiaoqin Fu"
                }
            ],
            "doi": "10.1145/3293882.3330564",
            "intent": [
                "background"
            ],
            "isInfluential": false,
            "paperId": "6a9b4f56c28555a13057e06a7a2d2bbcdec5ff5b",
            "title": "A large-scale study of application incompatibilities in Android",
            "url": "https://www.semanticscholar.org/paper/6a9b4f56c28555a13057e06a7a2d2bbcdec5ff5b",
            "venue": "ISSTA",
            "year": 2019
        },
        {
            "arxivId": null,
            "authors": [
                {
                    "authorId": "1990261",
                    "name": "Pingfan Kong"
                },
                {
                    "authorId": "2156057406",
                    "name": "Li Li"
                },
                {
                    "authorId": "49952079",
                    "name": "Jun Gao"
                },
                {
                    "authorId": "3023999",
                    "name": "T\u00e9gawend\u00e9 F. Bissyand\u00e9"
                },
                {
                    "authorId": "2445617",
                    "name": "Jacques Klein"
                }
            ],
            "doi": "10.1145/3293882.3330572",
            "intent": [
                "background"
            ],
            "isInfluential": false,
            "paperId": "28189799f85e2bfe27bd80ac112cb14d737918c8",
            "title": "Mining Android crash fixes in the absence of issue- and change-tracking systems",
            "url": "https://www.semanticscholar.org/paper/28189799f85e2bfe27bd80ac112cb14d737918c8",
            "venue": "ISSTA",
            "year": 2019
        },
        {
            "arxivId": null,
            "authors": [
                {
                    "authorId": "2110552415",
                    "name": "Lili Wei"
                },
                {
                    "authorId": "39584070",
                    "name": "Yepang Liu"
                },
                {
                    "authorId": "143608708",
                    "name": "S. Cheung"
                }
            ],
            "doi": "10.1109/ICSE.2019.00094",
            "intent": [
                "background"
            ],
            "isInfluential": false,
            "paperId": "654f9770d2ca818bb1018e45940194df48f7378e",
            "title": "PIVOT: Learning API-Device Correlations to Facilitate Android Compatibility Issue Detection",
            "url": "https://www.semanticscholar.org/paper/654f9770d2ca818bb1018e45940194df48f7378e",
            "venue": "2019 IEEE/ACM 41st International Conference on Software Engineering (ICSE)",
            "year": 2019
        },
        {
            "arxivId": null,
            "authors": [
                {
                    "authorId": "3439470",
                    "name": "Simone Scalabrino"
                },
                {
                    "authorId": "1801330",
                    "name": "G. Bavota"
                },
                {
                    "authorId": "1397411901",
                    "name": "Mario Linares-V\u00e1squez"
                },
                {
                    "authorId": "144216050",
                    "name": "Michele Lanza"
                },
                {
                    "authorId": "143764471",
                    "name": "Rocco Oliveto"
                }
            ],
            "doi": "10.1109/MSR.2019.00055",
            "intent": [
                "background"
            ],
            "isInfluential": false,
            "paperId": "30a007a63903d845f133f5965bc103b3fb3ae1cb",
            "title": "Data-Driven Solutions to Detect API Compatibility Issues in Android: An Empirical Study",
            "url": "https://www.semanticscholar.org/paper/30a007a63903d845f133f5965bc103b3fb3ae1cb",
            "venue": "2019 IEEE/ACM 16th International Conference on Mining Software Repositories (MSR)",
            "year": 2019
        },
        {
            "arxivId": null,
            "authors": [
                {
                    "authorId": "20687549",
                    "name": "Sarra Habchi"
                },
                {
                    "authorId": "2420979",
                    "name": "Naouel Moha"
                },
                {
                    "authorId": "1809154",
                    "name": "Romain Rouvoy"
                }
            ],
            "doi": "10.1109/MSR.2019.00071",
            "intent": [
                "background"
            ],
            "isInfluential": false,
            "paperId": "cb82ff20ebf59b5063eda253c42ca333327e6432",
            "title": "The Rise of Android Code Smells: Who is to Blame?",
            "url": "https://www.semanticscholar.org/paper/cb82ff20ebf59b5063eda253c42ca333327e6432",
            "venue": "2019 IEEE/ACM 16th International Conference on Mining Software Repositories (MSR)",
            "year": 2019
        },
        {
            "arxivId": null,
            "authors": [
                {
                    "authorId": "1990261",
                    "name": "Pingfan Kong"
                },
                {
                    "authorId": "2156057406",
                    "name": "Li Li"
                },
                {
                    "authorId": "49952079",
                    "name": "Jun Gao"
                },
                {
                    "authorId": "145407228",
                    "name": "Kui Liu"
                },
                {
                    "authorId": "3023999",
                    "name": "T\u00e9gawend\u00e9 F. Bissyand\u00e9"
                },
                {
                    "authorId": "2445617",
                    "name": "Jacques Klein"
                }
            ],
            "doi": "10.1109/TR.2018.2865733",
            "intent": [
                "background"
            ],
            "isInfluential": false,
            "paperId": "49fd1a89e527db3783a0a265df63f4d9d49b27fd",
            "title": "Automated Testing of Android Apps: A Systematic Literature Review",
            "url": "https://www.semanticscholar.org/paper/49fd1a89e527db3783a0a265df63f4d9d49b27fd",
            "venue": "IEEE Transactions on Reliability",
            "year": 2019
        },
        {
            "arxivId": null,
            "authors": [
                {
                    "authorId": "49339350",
                    "name": "Yanjie Zhao"
                },
                {
                    "authorId": "2109570965",
                    "name": "Haoyu Wang"
                },
                {
                    "authorId": "2109704522",
                    "name": "Lei Ma"
                },
                {
                    "authorId": "2108135919",
                    "name": "Yuxin Liu"
                },
                {
                    "authorId": "2156056522",
                    "name": "Li Li"
                },
                {
                    "authorId": "1687239",
                    "name": "J. Grundy"
                }
            ],
            "doi": "10.1109/SANER.2019.8668034",
            "intent": [
                "background"
            ],
            "isInfluential": false,
            "paperId": "2ebcb6ae10ce493adeb58898c35720f14406210f",
            "title": "Knowledge Graphing Git Repositories: A Preliminary Study",
            "url": "https://www.semanticscholar.org/paper/2ebcb6ae10ce493adeb58898c35720f14406210f",
            "venue": "2019 IEEE 26th International Conference on Software Analysis, Evolution and Reengineering (SANER)",
            "year": 2019
        },
        {
            "arxivId": "1811.08520",
            "authors": [
                {
                    "authorId": "2156057406",
                    "name": "Li Li"
                },
                {
                    "authorId": "3023999",
                    "name": "T\u00e9gawend\u00e9 F. Bissyand\u00e9"
                },
                {
                    "authorId": "2445617",
                    "name": "Jacques Klein"
                }
            ],
            "doi": "10.1109/TSE.2019.2901679",
            "intent": [
                "background"
            ],
            "isInfluential": false,
            "paperId": "272704539017d6f0ea8fa75e74898ae798d61b50",
            "title": "Rebooting Research on Detecting Repackaged Android Apps: Literature Review and Benchmark",
            "url": "https://www.semanticscholar.org/paper/272704539017d6f0ea8fa75e74898ae798d61b50",
            "venue": "IEEE Transactions on Software Engineering",
            "year": 2018
        },
        {
            "arxivId": null,
            "authors": [
                {
                    "authorId": "2156057406",
                    "name": "Li Li"
                },
                {
                    "authorId": "3023999",
                    "name": "T\u00e9gawend\u00e9 F. Bissyand\u00e9"
                },
                {
                    "authorId": "2109570965",
                    "name": "Haoyu Wang"
                },
                {
                    "authorId": "2445617",
                    "name": "Jacques Klein"
                }
            ],
            "doi": "10.1145/3213846.3213857",
            "intent": [
                "background"
            ],
            "isInfluential": false,
            "paperId": "b2b58df4810c071ffab517da5dd97663924b7461",
            "title": "CiD: automating the detection of API-related compatibility issues in Android apps",
            "url": "https://www.semanticscholar.org/paper/b2b58df4810c071ffab517da5dd97663924b7461",
            "venue": "ISSTA",
            "year": 2018
        },
        {
            "arxivId": null,
            "authors": [
                {
                    "authorId": "9461040",
                    "name": "Maleknaz Nayebi"
                },
                {
                    "authorId": "143927203",
                    "name": "Konstantin Kuznetsov"
                },
                {
                    "authorId": "2115897846",
                    "name": "Paul Chen"
                },
                {
                    "authorId": "145594351",
                    "name": "A. Zeller"
                },
                {
                    "authorId": "1730441",
                    "name": "G. Ruhe"
                }
            ],
            "doi": "10.1145/3196398.3196410",
            "intent": [
                "background"
            ],
            "isInfluential": false,
            "paperId": "1782c59686e300b78a7133a7a7d2c0168ec67b04",
            "title": "Anatomy of Functionality Deletion: An Exploratory Study on Mobile Apps",
            "url": "https://www.semanticscholar.org/paper/1782c59686e300b78a7133a7a7d2c0168ec67b04",
            "venue": "2018 IEEE/ACM 15th International Conference on Mining Software Repositories (MSR)",
            "year": 2018
        },
        {
            "arxivId": "1711.07451",
            "authors": [
                {
                    "authorId": "2018895",
                    "name": "Guozhu Meng"
                },
                {
                    "authorId": "2367687",
                    "name": "Yinxing Xue"
                },
                {
                    "authorId": "30163639",
                    "name": "J. Siow"
                },
                {
                    "authorId": "144121517",
                    "name": "Ting Su"
                },
                {
                    "authorId": "2075601",
                    "name": "A. Narayanan"
                },
                {
                    "authorId": "2152799887",
                    "name": "Yang Liu"
                }
            ],
            "doi": null,
            "intent": [
                "background"
            ],
            "isInfluential": false,
            "paperId": "a22c34f3e6ceaaca6cc0a641a1a38a83de96b061",
            "title": "AndroVault: Constructing Knowledge Graph from Millions of Android Apps for Automated Analysis",
            "url": "https://www.semanticscholar.org/paper/a22c34f3e6ceaaca6cc0a641a1a38a83de96b061",
            "venue": "ArXiv",
            "year": 2017
        },
        {
            "arxivId": "1709.05281",
            "authors": [
                {
                    "authorId": "2156057406",
                    "name": "Li Li"
                },
                {
                    "authorId": "49952079",
                    "name": "Jun Gao"
                },
                {
                    "authorId": "3416034",
                    "name": "M. Hurier"
                },
                {
                    "authorId": "1990261",
                    "name": "Pingfan Kong"
                },
                {
                    "authorId": "3023999",
                    "name": "T\u00e9gawend\u00e9 F. Bissyand\u00e9"
                },
                {
                    "authorId": "2857320",
                    "name": "Alexandre Bartel"
                },
                {
                    "authorId": "2445617",
                    "name": "Jacques Klein"
                },
                {
                    "authorId": "47681863",
                    "name": "Y. L. Traon"
                }
            ],
            "doi": null,
            "intent": [
                "background"
            ],
            "isInfluential": true,
            "paperId": "5a20c11854cd5574652b59eda2a3abf22e8778d0",
            "title": "AndroZoo++: Collecting Millions of Android Apps and Their Metadata for the Research Community",
            "url": "https://www.semanticscholar.org/paper/5a20c11854cd5574652b59eda2a3abf22e8778d0",
            "venue": "ArXiv",
            "year": 2017
        },
        {
            "arxivId": null,
            "authors": [
                {
                    "authorId": "2065125544",
                    "name": "Feng Dong"
                },
                {
                    "authorId": "2109570965",
                    "name": "Haoyu Wang"
                },
                {
                    "authorId": "2156056522",
                    "name": "Li Li"
                },
                {
                    "authorId": "145508275",
                    "name": "Yao Guo"
                },
                {
                    "authorId": "3023999",
                    "name": "T\u00e9gawend\u00e9 F. Bissyand\u00e9"
                },
                {
                    "authorId": "1486296675",
                    "name": "Tianming Liu"
                },
                {
                    "authorId": "3027277",
                    "name": "Guoai Xu"
                },
                {
                    "authorId": "2445617",
                    "name": "Jacques Klein"
                }
            ],
            "doi": "10.1145/3236024.3236045",
            "intent": [
                "background"
            ],
            "isInfluential": false,
            "paperId": "ba395665b41010675206a9d06a958241eaf84e02",
            "title": "FraudDroid: automated ad fraud detection for Android apps",
            "url": "https://www.semanticscholar.org/paper/ba395665b41010675206a9d06a958241eaf84e02",
            "venue": "ESEC/SIGSOFT FSE",
            "year": 2017
        },
        {
            "arxivId": null,
            "authors": [
                {
                    "authorId": "2068105297",
                    "name": "William J. Martin"
                },
                {
                    "authorId": "2103653",
                    "name": "Federica Sarro"
                },
                {
                    "authorId": "145401173",
                    "name": "Yue Jia"
                },
                {
                    "authorId": "2145793494",
                    "name": "Yuanyuan Zhang"
                },
                {
                    "authorId": "145836176",
                    "name": "M. Harman"
                }
            ],
            "doi": "10.1109/TSE.2016.2630689",
            "intent": [
                "background"
            ],
            "isInfluential": false,
            "paperId": "a75965753906c24a6a5715a695757a0de8447f26",
            "title": "A Survey of App Store Analysis for Software Engineering",
            "url": "https://www.semanticscholar.org/paper/a75965753906c24a6a5715a695757a0de8447f26",
            "venue": "IEEE Transactions on Software Engineering",
            "year": 2017
        },
        {
            "arxivId": null,
            "authors": [
                {
                    "authorId": "2156057406",
                    "name": "Li Li"
                }
            ],
            "doi": "10.1109/ICSME.2017.49",
            "intent": [
                "background"
            ],
            "isInfluential": false,
            "paperId": "f011ef84faaa00e00a8ae408c87e9a3d78346700",
            "title": "Mining AndroZoo: A Retrospect",
            "url": "https://www.semanticscholar.org/paper/f011ef84faaa00e00a8ae408c87e9a3d78346700",
            "venue": "2017 IEEE International Conference on Software Maintenance and Evolution (ICSME)",
            "year": 2017
        },
        {
            "arxivId": null,
            "authors": [
                {
                    "authorId": "2156057406",
                    "name": "Li Li"
                },
                {
                    "authorId": "3023999",
                    "name": "T\u00e9gawend\u00e9 F. Bissyand\u00e9"
                },
                {
                    "authorId": "37766916",
                    "name": "Mike Papadakis"
                },
                {
                    "authorId": "2864202",
                    "name": "Siegfried Rasthofer"
                },
                {
                    "authorId": "2857320",
                    "name": "Alexandre Bartel"
                },
                {
                    "authorId": "1793187",
                    "name": "Damien Octeau"
                },
                {
                    "authorId": "2445617",
                    "name": "Jacques Klein"
                },
                {
                    "authorId": "47681863",
                    "name": "Y. L. Traon"
                }
            ],
            "doi": "10.1016/J.INFSOF.2017.04.001",
            "intent": [
                "background"
            ],
            "isInfluential": false,
            "paperId": "116e047cb9076bfd95139c00680f1114f4f5fa15",
            "title": "Static analysis of android apps: A systematic literature review",
            "url": "https://www.semanticscholar.org/paper/116e047cb9076bfd95139c00680f1114f4f5fa15",
            "venue": "Inf. Softw. Technol.",
            "year": 2017
        },
        {
            "arxivId": null,
            "authors": [
                {
                    "authorId": "2156057406",
                    "name": "Li Li"
                },
                {
                    "authorId": "2108395470",
                    "name": "Daoyuan Li"
                },
                {
                    "authorId": "3023999",
                    "name": "T\u00e9gawend\u00e9 F. Bissyand\u00e9"
                },
                {
                    "authorId": "2445617",
                    "name": "Jacques Klein"
                },
                {
                    "authorId": "118221059",
                    "name": "Yves Le Traon"
                },
                {
                    "authorId": "143960553",
                    "name": "D. Lo"
                },
                {
                    "authorId": "2189170",
                    "name": "L. Cavallaro"
                }
            ],
            "doi": "10.1109/TIFS.2017.2656460",
            "intent": [
                "background"
            ],
            "isInfluential": false,
            "paperId": "b34eb7aa9ee3c89b9d284a20904a8b4a8ef1524d",
            "title": "Understanding Android App Piggybacking: A Systematic Study of Malicious Code Grafting",
            "url": "https://www.semanticscholar.org/paper/b34eb7aa9ee3c89b9d284a20904a8b4a8ef1524d",
            "venue": "IEEE Transactions on Information Forensics and Security",
            "year": 2017
        },
        {
            "arxivId": null,
            "authors": [
                {
                    "authorId": "2156057406",
                    "name": "Li Li"
                },
                {
                    "authorId": "2108395470",
                    "name": "Daoyuan Li"
                },
                {
                    "authorId": "3023999",
                    "name": "T\u00e9gawend\u00e9 F. Bissyand\u00e9"
                },
                {
                    "authorId": "2445617",
                    "name": "Jacques Klein"
                },
                {
                    "authorId": "47681863",
                    "name": "Y. L. Traon"
                },
                {
                    "authorId": "143960553",
                    "name": "D. Lo"
                },
                {
                    "authorId": "2189170",
                    "name": "L. Cavallaro"
                }
            ],
            "doi": "10.1109/ICSE-C.2017.109",
            "intent": [],
            "isInfluential": false,
            "paperId": "d3fd6027797e2a3b318ce07f2f5f48616108c9f5",
            "title": "Understanding Android App Piggybacking",
            "url": "https://www.semanticscholar.org/paper/d3fd6027797e2a3b318ce07f2f5f48616108c9f5",
            "venue": "2017 IEEE/ACM 39th International Conference on Software Engineering Companion (ICSE-C)",
            "year": 2017
        },
        {
            "arxivId": null,
            "authors": [
                {
                    "authorId": "34946033",
                    "name": "Fabio Palomba"
                },
                {
                    "authorId": "50515157",
                    "name": "Dario Di Nucci"
                },
                {
                    "authorId": "3013302",
                    "name": "Annibale Panichella"
                },
                {
                    "authorId": "1702285",
                    "name": "A. Zaidman"
                },
                {
                    "authorId": "145818752",
                    "name": "A. D. Lucia"
                }
            ],
            "doi": "10.1109/SANER.2017.7884659",
            "intent": [
                "background"
            ],
            "isInfluential": false,
            "paperId": "1d6d04b9f95ba804baa9276ca6f31a36565ae6d7",
            "title": "Lightweight detection of Android-specific code smells: The aDoctor project",
            "url": "https://www.semanticscholar.org/paper/1d6d04b9f95ba804baa9276ca6f31a36565ae6d7",
            "venue": "2017 IEEE 24th International Conference on Software Analysis, Evolution and Reengineering (SANER)",
            "year": 2017
        },
        {
            "arxivId": null,
            "authors": [
                {
                    "authorId": "37378795",
                    "name": "Geoffrey Hecht"
                },
                {
                    "authorId": "2420979",
                    "name": "Naouel Moha"
                },
                {
                    "authorId": "1809154",
                    "name": "Romain Rouvoy"
                }
            ],
            "doi": "10.1145/2897073.2897100",
            "intent": [
                "background"
            ],
            "isInfluential": false,
            "paperId": "85e9c890af36992a89b43ec3f89abfc019d9a99f",
            "title": "An Empirical Study of the Performance Impacts of Android Code Smells",
            "url": "https://www.semanticscholar.org/paper/85e9c890af36992a89b43ec3f89abfc019d9a99f",
            "venue": "2016 IEEE/ACM International Conference on Mobile Software Engineering and Systems (MOBILESoft)",
            "year": 2016
        },
        {
            "arxivId": null,
            "authors": [
                {
                    "authorId": "2551250",
                    "name": "Lingfeng Bao"
                },
                {
                    "authorId": "143960553",
                    "name": "D. Lo"
                },
                {
                    "authorId": "144558659",
                    "name": "Xin Xia"
                },
                {
                    "authorId": "2115553036",
                    "name": "Xinyu Wang"
                },
                {
                    "authorId": "2053444",
                    "name": "Cong Tian"
                }
            ],
            "doi": "10.1145/2901739.2901748",
            "intent": [
                "background"
            ],
            "isInfluential": false,
            "paperId": "25e9823815a6d9f74e9b2c2af3aa8157763a840e",
            "title": "How Android App Developers Manage Power Consumption? - An Empirical Study by Mining Power Management Commits",
            "url": "https://www.semanticscholar.org/paper/25e9823815a6d9f74e9b2c2af3aa8157763a840e",
            "venue": "2016 IEEE/ACM 13th Working Conference on Mining Software Repositories (MSR)",
            "year": 2016
        },
        {
            "arxivId": null,
            "authors": [
                {
                    "authorId": "2056158886",
                    "name": "Waqar Ahmad"
                },
                {
                    "authorId": "145832795",
                    "name": "Christian K\u00e4stner"
                },
                {
                    "authorId": "4566189",
                    "name": "Joshua Sunshine"
                },
                {
                    "authorId": "2715034",
                    "name": "Jonathan Aldrich"
                }
            ],
            "doi": "10.1145/2901739.2901762",
            "intent": [
                "background"
            ],
            "isInfluential": false,
            "paperId": "4c2f376eeb73ce1e9f0d985dce78316d5f83e575",
            "title": "Inter-app Communication in Android: Developer Challenges",
            "url": "https://www.semanticscholar.org/paper/4c2f376eeb73ce1e9f0d985dce78316d5f83e575",
            "venue": "2016 IEEE/ACM 13th Working Conference on Mining Software Repositories (MSR)",
            "year": 2016
        },
        {
            "arxivId": null,
            "authors": [
                {
                    "authorId": "1790388",
                    "name": "Kevin Allix"
                },
                {
                    "authorId": "3023999",
                    "name": "T\u00e9gawend\u00e9 F. Bissyand\u00e9"
                },
                {
                    "authorId": "2445617",
                    "name": "Jacques Klein"
                },
                {
                    "authorId": "47681863",
                    "name": "Y. L. Traon"
                }
            ],
            "doi": "10.1145/2901739.2903508",
            "intent": [
                "background"
            ],
            "isInfluential": false,
            "paperId": "128add3f0e727b73b3df0ca13b4e818d543bdd98",
            "title": "AndroZoo: Collecting Millions of Android Apps for the Research Community",
            "url": "https://www.semanticscholar.org/paper/128add3f0e727b73b3df0ca13b4e818d543bdd98",
            "venue": "2016 IEEE/ACM 13th Working Conference on Mining Software Repositories (MSR)",
            "year": 2016
        },
        {
            "arxivId": null,
            "authors": [
                {
                    "authorId": "2156057406",
                    "name": "Li Li"
                },
                {
                    "authorId": "2857320",
                    "name": "Alexandre Bartel"
                },
                {
                    "authorId": "3023999",
                    "name": "T\u00e9gawend\u00e9 F. Bissyand\u00e9"
                },
                {
                    "authorId": "2445617",
                    "name": "Jacques Klein"
                },
                {
                    "authorId": "47681863",
                    "name": "Y. L. Traon"
                },
                {
                    "authorId": "2524362",
                    "name": "Steven Arzt"
                },
                {
                    "authorId": "2864202",
                    "name": "Siegfried Rasthofer"
                },
                {
                    "authorId": "1752222",
                    "name": "E. Bodden"
                },
                {
                    "authorId": "1793187",
                    "name": "Damien Octeau"
                },
                {
                    "authorId": "144061974",
                    "name": "P. Mcdaniel"
                }
            ],
            "doi": "10.1109/ICSE.2015.48",
            "intent": [
                "background"
            ],
            "isInfluential": false,
            "paperId": "d78411dd0113c6a3023815353ef58442abf1fd78",
            "title": "IccTA: Detecting Inter-Component Privacy Leaks in Android Apps",
            "url": "https://www.semanticscholar.org/paper/d78411dd0113c6a3023815353ef58442abf1fd78",
            "venue": "2015 IEEE/ACM 37th IEEE International Conference on Software Engineering",
            "year": 2015
        },
        {
            "arxivId": null,
            "authors": [
                {
                    "authorId": "2013851",
                    "name": "Daniel E. Krutz"
                },
                {
                    "authorId": "2097532",
                    "name": "Mehdi Mirakhorli"
                },
                {
                    "authorId": "2049817",
                    "name": "Samuel A. Malachowsky"
                },
                {
                    "authorId": "123234157",
                    "name": "Andres Ruiz"
                },
                {
                    "authorId": "2105886491",
                    "name": "Jacob Peterson"
                },
                {
                    "authorId": "2078650756",
                    "name": "Andrew Filipski"
                },
                {
                    "authorId": "2119127513",
                    "name": "Jared Smith"
                }
            ],
            "doi": "10.1109/MSR.2015.79",
            "intent": [
                "background"
            ],
            "isInfluential": false,
            "paperId": "96dcbf0c80aa7d866c8d8a82f4abe2f204398331",
            "title": "A Dataset of Open-Source Android Applications",
            "url": "https://www.semanticscholar.org/paper/96dcbf0c80aa7d866c8d8a82f4abe2f204398331",
            "venue": "2015 IEEE/ACM 12th Working Conference on Mining Software Repositories",
            "year": 2015
        },
        {
            "arxivId": null,
            "authors": [
                {
                    "authorId": "152641282",
                    "name": "Yajin Zhou"
                },
                {
                    "authorId": "1740888",
                    "name": "Xuxian Jiang"
                }
            ],
            "doi": "10.1109/SP.2012.16",
            "intent": [
                "background"
            ],
            "isInfluential": false,
            "paperId": "12ef153d9c7ccc374d56acf34b59fb2eaec6f755",
            "title": "Dissecting Android Malware: Characterization and Evolution",
            "url": "https://www.semanticscholar.org/paper/12ef153d9c7ccc374d56acf34b59fb2eaec6f755",
            "venue": "2012 IEEE Symposium on Security and Privacy",
            "year": 2012
        },
        {
            "arxivId": null,
            "authors": [],
            "doi": null,
            "intent": [],
            "isInfluential": false,
            "paperId": "",
            "title": "Smartphone Market Share",
            "url": "",
            "venue": "",
            "year": 2020
        },
        {
            "arxivId": null,
            "authors": [
                {
                    "authorId": "79405068",
                    "name": "Dan Arp"
                },
                {
                    "authorId": "3219416",
                    "name": "Michael Spreitzenbarth"
                },
                {
                    "authorId": "145035359",
                    "name": "M. Hubner"
                },
                {
                    "authorId": "3088551",
                    "name": "Hugo Gascon"
                },
                {
                    "authorId": "144825749",
                    "name": "Konrad Rieck"
                }
            ],
            "doi": "10.14722/NDSS.2014.23247",
            "intent": [],
            "isInfluential": false,
            "paperId": "0b38a236d2377068408309f1d31e5c5fc5eedd0b",
            "title": "DREBIN: Effective and Explainable Detection of Android Malware in Your Pocket",
            "url": "https://www.semanticscholar.org/paper/0b38a236d2377068408309f1d31e5c5fc5eedd0b",
            "venue": "NDSS",
            "year": 2014
        },
        {
            "arxivId": null,
            "authors": [],
            "doi": null,
            "intent": [],
            "isInfluential": false,
            "paperId": "",
            "title": "Github android topic website",
            "url": "",
            "venue": "Github topic: Android",
            "year": null
        }
    ],
    "s2FieldsOfStudy": [
        {
            "category": "Computer Science",
            "source": "external"
        },
        {
            "category": "Computer Science",
            "source": "s2-fos-model"
        }
    ],
    "title": "AndroZooOpen: Collecting Large-scale Open Source Android Apps for the Research Community",
    "topics": [],
    "url": "https://www.semanticscholar.org/paper/b80f7cc6321ddcb59595bfb3226f233082ceb987",
    "venue": "IEEE Working Conference on Mining Software Repositories",
    "year": 2020
}