{
    "abstract": "Software evolution is the process of developing, maintaining, and updating software systems. It is known that the software systems tend to increase their complexity and size over their evolution to meet the demands required by the users. Due to this fact, researchers have increasingly carried out studies on software evolution to understand the systems' evolution pattern and propose techniques to overcome inherent problems in software evolution. Many of these works collect data but do not make them publicly available. Many datasets on software evolution are outdated, and/or are small, and some of them do not provide time series from software metrics. We propose an extensive software evolution dataset with temporal information about open-source Java systems. To build this dataset, we proposed a methodology of four steps: selecting the systems using a criterion, extracting and measuring their releases, and generating their time series. Our dataset contains time series of 46 software metrics extracted from 46 open-source Java systems, and we make it publicly available.",
    "arxivId": null,
    "authors": [
        {
            "authorId": "145244797",
            "name": "B. L. Sousa",
            "url": "https://www.semanticscholar.org/author/145244797"
        },
        {
            "authorId": "8575857",
            "name": "Mariza Bigonha",
            "url": "https://www.semanticscholar.org/author/8575857"
        },
        {
            "authorId": "2066477104",
            "name": "K. Ferreira",
            "url": "https://www.semanticscholar.org/author/2066477104"
        },
        {
            "authorId": "11231094",
            "name": "G. Franco",
            "url": "https://www.semanticscholar.org/author/11231094"
        }
    ],
    "citationVelocity": 0,
    "citations": [
        {
            "arxivId": null,
            "authors": [
                {
                    "authorId": "145244797",
                    "name": "B. L. Sousa"
                },
                {
                    "authorId": "8575857",
                    "name": "Mariza Bigonha"
                },
                {
                    "authorId": "2066477104",
                    "name": "K. Ferreira"
                },
                {
                    "authorId": "2280429440",
                    "name": "Glaura C. Franco"
                }
            ],
            "doi": "10.1002/spe.3310",
            "intent": [],
            "isInfluential": false,
            "paperId": "21c49bed888c43b4b9dbf0f121153e41b2396145",
            "title": "Evolution of internal dimensions in object\u2010oriented software\u2013A time series based approach",
            "url": "https://www.semanticscholar.org/paper/21c49bed888c43b4b9dbf0f121153e41b2396145",
            "venue": "Softw. Pract. Exp.",
            "year": 2024
        },
        {
            "arxivId": null,
            "authors": [
                {
                    "authorId": "2239763993",
                    "name": "Juan Andr\u00e9s Carruthers"
                },
                {
                    "authorId": "2239759574",
                    "name": "Jorge Andr\u00e9s D\u00edaz Pace"
                },
                {
                    "authorId": "2082899348",
                    "name": "E. Irraz\u00e1bal"
                }
            ],
            "doi": "10.1016/j.infsof.2024.107404",
            "intent": [],
            "isInfluential": false,
            "paperId": "7425cf6fc2b68146b433b5e38c4ab882e503bfd4",
            "title": "A longitudinal study on the temporal validity of software samples",
            "url": "https://www.semanticscholar.org/paper/7425cf6fc2b68146b433b5e38c4ab882e503bfd4",
            "venue": "Information and Software Technology",
            "year": 2024
        }
    ],
    "corpusId": 249929498,
    "doi": "10.1145/3524842.3528492",
    "fieldsOfStudy": [
        "Computer Science"
    ],
    "influentialCitationCount": 0,
    "isOpenAccess": true,
    "isPublisherLicensed": true,
    "is_open_access": true,
    "is_publisher_licensed": true,
    "numCitedBy": 2,
    "numCiting": 39,
    "paperId": "2ed94610b1261b704860cad6e3d0b9b288361f45",
    "references": [
        {
            "arxivId": null,
            "authors": [
                {
                    "authorId": "7777374",
                    "name": "Yuxing Ma"
                },
                {
                    "authorId": "2065313146",
                    "name": "Chris Bogart"
                },
                {
                    "authorId": "3110752",
                    "name": "Sadika Amreen"
                },
                {
                    "authorId": "2858102",
                    "name": "R. Zaretzki"
                },
                {
                    "authorId": "1702551",
                    "name": "A. Mockus"
                }
            ],
            "doi": "10.1109/MSR.2019.00031",
            "intent": [
                "background"
            ],
            "isInfluential": true,
            "paperId": "53b56a0f176d2fb025678d864dd6e390282ffbea",
            "title": "World of Code: An Infrastructure for Mining the Universe of Open Source VCS Data",
            "url": "https://www.semanticscholar.org/paper/53b56a0f176d2fb025678d864dd6e390282ffbea",
            "venue": "2019 IEEE/ACM 16th International Conference on Mining Software Repositories (MSR)",
            "year": 2019
        },
        {
            "arxivId": null,
            "authors": [
                {
                    "authorId": "145259395",
                    "name": "L. Hatton"
                },
                {
                    "authorId": "1740799",
                    "name": "D. Spinellis"
                },
                {
                    "authorId": "1768240",
                    "name": "M. Genuchten"
                }
            ],
            "doi": "10.1002/smr.1847",
            "intent": [],
            "isInfluential": false,
            "paperId": "aa4b786a33638ccb7f7d2492d935355e54bf7220",
            "title": "The long\u2010term growth rate of evolving software: Empirical results and implications",
            "url": "https://www.semanticscholar.org/paper/aa4b786a33638ccb7f7d2492d935355e54bf7220",
            "venue": "J. Softw. Evol. Process.",
            "year": 2017
        },
        {
            "arxivId": null,
            "authors": [
                {
                    "authorId": "48652785",
                    "name": "Garry Singh"
                },
                {
                    "authorId": "48652785",
                    "name": "Garry Singh"
                },
                {
                    "authorId": "2107701800",
                    "name": "M. D. Ahmed"
                },
                {
                    "authorId": "2285429917",
                    "name": "Daud. Ahmed"
                }
            ],
            "doi": "10.1145/3014812.3014835",
            "intent": [],
            "isInfluential": false,
            "paperId": "9ef489c08998ddbf215f7d9d95d9861b9b5d9bcb",
            "title": "Effect of coupling on change in open source Java systems",
            "url": "https://www.semanticscholar.org/paper/9ef489c08998ddbf215f7d9d95d9861b9b5d9bcb",
            "venue": "ACSW",
            "year": 2017
        },
        {
            "arxivId": null,
            "authors": [
                {
                    "authorId": "3095052",
                    "name": "Mamdouh Alenezi"
                },
                {
                    "authorId": "2808880",
                    "name": "M. Zarour"
                }
            ],
            "doi": "10.1145/2832987.2833013",
            "intent": [
                "background"
            ],
            "isInfluential": false,
            "paperId": "a2c786150671e027bbfd3bccce2e5043e7c90b32",
            "title": "Modularity Measurement and Evolution in Object-Oriented Open-Source Projects",
            "url": "https://www.semanticscholar.org/paper/a2c786150671e027bbfd3bccce2e5043e7c90b32",
            "venue": "",
            "year": 2015
        },
        {
            "arxivId": null,
            "authors": [
                {
                    "authorId": "2112484",
                    "name": "Francielly Grig\u00f3rio"
                },
                {
                    "authorId": "2055303812",
                    "name": "Daniel Brito"
                },
                {
                    "authorId": "2550652",
                    "name": "E. Anjos"
                },
                {
                    "authorId": "1405248266",
                    "name": "M. Zenha-Rela"
                }
            ],
            "doi": "10.1109/ICASTECH.2014.7068139",
            "intent": [
                "background"
            ],
            "isInfluential": false,
            "paperId": "5996208caf149c6b290b0ca29716532e25e530e1",
            "title": "On systems project abandonment: An analysis of complexity during development and evolution of FLOSS systems",
            "url": "https://www.semanticscholar.org/paper/5996208caf149c6b290b0ca29716532e25e530e1",
            "venue": "2014 IEEE 6th International Conference on Adaptive Science & Technology (ICAST)",
            "year": 2014
        },
        {
            "arxivId": null,
            "authors": [
                {
                    "authorId": "34248469",
                    "name": "C\u00e9sar Couto"
                },
                {
                    "authorId": "2069785098",
                    "name": "Pedro Pires"
                },
                {
                    "authorId": "1757592",
                    "name": "M. T. Valente"
                },
                {
                    "authorId": "2140315",
                    "name": "R. Bigonha"
                },
                {
                    "authorId": "2329984",
                    "name": "N. Anquetil"
                }
            ],
            "doi": "10.1016/j.jss.2014.01.033",
            "intent": [
                "methodology"
            ],
            "isInfluential": false,
            "paperId": "bbc860ea2ff4e7863d38a6d2d095a3c0875c8e83",
            "title": "Predicting software defects with causality tests",
            "url": "https://www.semanticscholar.org/paper/bbc860ea2ff4e7863d38a6d2d095a3c0875c8e83",
            "venue": "J. Syst. Softw.",
            "year": 2014
        },
        {
            "arxivId": null,
            "authors": [
                {
                    "authorId": "2211882",
                    "name": "Georgios Gousios"
                }
            ],
            "doi": "10.1109/MSR.2013.6624034",
            "intent": [
                "background"
            ],
            "isInfluential": true,
            "paperId": "2867eb64cc4bb1945363fdae12a168962ea823aa",
            "title": "The GHTorent dataset and tool suite",
            "url": "https://www.semanticscholar.org/paper/2867eb64cc4bb1945363fdae12a168962ea823aa",
            "venue": "2013 10th Working Conference on Mining Software Repositories (MSR)",
            "year": 2013
        },
        {
            "arxivId": null,
            "authors": [
                {
                    "authorId": "34248469",
                    "name": "C\u00e9sar Couto"
                },
                {
                    "authorId": "1969603",
                    "name": "Cristiano Amaral Maffort"
                },
                {
                    "authorId": "37337544",
                    "name": "Rogel Garcia"
                },
                {
                    "authorId": "1757592",
                    "name": "M. T. Valente"
                }
            ],
            "doi": "10.1145/2413038.2413047",
            "intent": [],
            "isInfluential": false,
            "paperId": "805a1d0d3601e75f767e08410be1e206b38d40a5",
            "title": "COMETS: a dataset for empirical research on software evolution using source code metrics and time series analysis",
            "url": "https://www.semanticscholar.org/paper/805a1d0d3601e75f767e08410be1e206b38d40a5",
            "venue": "ACM SIGSOFT Softw. Eng. Notes",
            "year": 2013
        },
        {
            "arxivId": null,
            "authors": [
                {
                    "authorId": "9517304",
                    "name": "Arwa Abuasad"
                },
                {
                    "authorId": "1770016",
                    "name": "I. Alsmadi"
                }
            ],
            "doi": "10.1109/CITS.2012.6220374",
            "intent": [
                "background"
            ],
            "isInfluential": false,
            "paperId": "41ad8e5dbd4233dbe75d56ba3f938d8f9400bb5e",
            "title": "Evaluating the correlation between software defect and design coupling metrics",
            "url": "https://www.semanticscholar.org/paper/41ad8e5dbd4233dbe75d56ba3f938d8f9400bb5e",
            "venue": "2012 International Conference on Computer, Information and Telecommunication Systems (CITS)",
            "year": 2012
        },
        {
            "arxivId": null,
            "authors": [
                {
                    "authorId": "34248469",
                    "name": "C\u00e9sar Couto"
                },
                {
                    "authorId": "2109857745",
                    "name": "Christofer Silva"
                },
                {
                    "authorId": "1757592",
                    "name": "M. T. Valente"
                },
                {
                    "authorId": "2140315",
                    "name": "R. Bigonha"
                },
                {
                    "authorId": "2329984",
                    "name": "N. Anquetil"
                }
            ],
            "doi": "10.1109/CSMR.2012.31",
            "intent": [],
            "isInfluential": false,
            "paperId": "47f24586ca6b5abb689080ea90647588b49d2995",
            "title": "Uncovering Causal Relationships between Software Metrics and Bugs",
            "url": "https://www.semanticscholar.org/paper/47f24586ca6b5abb689080ea90647588b49d2995",
            "venue": "2012 16th European Conference on Software Maintenance and Reengineering",
            "year": 2012
        },
        {
            "arxivId": null,
            "authors": [
                {
                    "authorId": "32473765",
                    "name": "Sinan Eski"
                },
                {
                    "authorId": "2469997",
                    "name": "F. Buzluca"
                }
            ],
            "doi": "10.1109/ICSTW.2011.43",
            "intent": [
                "background"
            ],
            "isInfluential": false,
            "paperId": "069076b054aeac8f3e82a5ec7d77361dee95145d",
            "title": "An Empirical Study on Object-Oriented Metrics and Software Evolution in Order to Reduce Testing Costs by Predicting Change-Prone Classes",
            "url": "https://www.semanticscholar.org/paper/069076b054aeac8f3e82a5ec7d77361dee95145d",
            "venue": "2011 IEEE Fourth International Conference on Software Testing, Verification and Validation Workshops",
            "year": 2011
        },
        {
            "arxivId": null,
            "authors": [
                {
                    "authorId": "1795768",
                    "name": "E. Tempero"
                },
                {
                    "authorId": "1741672",
                    "name": "C. Anslow"
                },
                {
                    "authorId": "144212658",
                    "name": "Jens Dietrich"
                },
                {
                    "authorId": "2075303150",
                    "name": "Ted Han"
                },
                {
                    "authorId": "2153124227",
                    "name": "Jing Li"
                },
                {
                    "authorId": "1944074",
                    "name": "M. Lumpe"
                },
                {
                    "authorId": "3147831",
                    "name": "Hayden Melton"
                },
                {
                    "authorId": "143745506",
                    "name": "J. Noble"
                }
            ],
            "doi": "10.1109/APSEC.2010.46",
            "intent": [
                "methodology",
                "background"
            ],
            "isInfluential": true,
            "paperId": "9fde71d734ae8def7d1cd9d0d1625d09f9b3d614",
            "title": "The Qualitas Corpus: A Curated Collection of Java Code for Empirical Studies",
            "url": "https://www.semanticscholar.org/paper/9fde71d734ae8def7d1cd9d0d1625d09f9b3d614",
            "venue": "2010 Asia Pacific Software Engineering Conference",
            "year": 2010
        },
        {
            "arxivId": null,
            "authors": [
                {
                    "authorId": "153685300",
                    "name": "Marco D'Ambros"
                },
                {
                    "authorId": "144216050",
                    "name": "Michele Lanza"
                },
                {
                    "authorId": "1853058",
                    "name": "R. Robbes"
                }
            ],
            "doi": "10.1109/MSR.2010.5463279",
            "intent": [
                "background"
            ],
            "isInfluential": true,
            "paperId": "7feb6a3936b175373fe1f9b20718caa43542a400",
            "title": "An extensive comparison of bug prediction approaches",
            "url": "https://www.semanticscholar.org/paper/7feb6a3936b175373fe1f9b20718caa43542a400",
            "venue": "2010 7th IEEE Working Conference on Mining Software Repositories (MSR 2010)",
            "year": 2010
        },
        {
            "arxivId": null,
            "authors": [
                {
                    "authorId": "1977791",
                    "name": "D. Darcy"
                },
                {
                    "authorId": "145829379",
                    "name": "Sherae L. Daniel"
                },
                {
                    "authorId": "2170745",
                    "name": "K. Stewart"
                }
            ],
            "doi": "10.1109/HICSS.2010.198",
            "intent": [
                "background"
            ],
            "isInfluential": false,
            "paperId": "a3057dcec7c63be3588a6fc217c10939e1b591d8",
            "title": "Exploring Complexity in Open Source Software: Evolutionary Patterns, Antecedents, and Outcomes",
            "url": "https://www.semanticscholar.org/paper/a3057dcec7c63be3588a6fc217c10939e1b591d8",
            "venue": "2010 43rd Hawaii International Conference on System Sciences",
            "year": 2010
        },
        {
            "arxivId": null,
            "authors": [
                {
                    "authorId": "1397826059",
                    "name": "Jesus M. Gonzalez-Barahona"
                },
                {
                    "authorId": "143684601",
                    "name": "G. Robles"
                },
                {
                    "authorId": "1704603",
                    "name": "Martin Michlmayr"
                },
                {
                    "authorId": "47626328",
                    "name": "Juan Jos\u00e9 Amor"
                },
                {
                    "authorId": "2131161",
                    "name": "D. Germ\u00e1n"
                }
            ],
            "doi": "10.1007/s10664-008-9100-x",
            "intent": [],
            "isInfluential": false,
            "paperId": "497f6c53b09f276b826649d2bfffddddd259a278",
            "title": "Macro-level software evolution: a case study of a large software compilation",
            "url": "https://www.semanticscholar.org/paper/497f6c53b09f276b826649d2bfffddddd259a278",
            "venue": "Empirical Software Engineering",
            "year": 2009
        },
        {
            "arxivId": null,
            "authors": [
                {
                    "authorId": "1795768",
                    "name": "E. Tempero"
                },
                {
                    "authorId": "143745506",
                    "name": "J. Noble"
                },
                {
                    "authorId": "3147831",
                    "name": "Hayden Melton"
                }
            ],
            "doi": "10.1007/978-3-540-70592-5_28",
            "intent": [
                "background"
            ],
            "isInfluential": false,
            "paperId": "1e0d63f93435ede49d7915066682736c35b49611",
            "title": "How Do Java Programs Use Inheritance? An Empirical Study of Inheritance in Java Software",
            "url": "https://www.semanticscholar.org/paper/1e0d63f93435ede49d7915066682736c35b49611",
            "venue": "ECOOP",
            "year": 2008
        },
        {
            "arxivId": null,
            "authors": [
                {
                    "authorId": "3165998",
                    "name": "E. Nasseri"
                },
                {
                    "authorId": "145677084",
                    "name": "S. Counsell"
                },
                {
                    "authorId": "2319775",
                    "name": "M. Shepperd"
                }
            ],
            "doi": "10.1109/ASWEC.2008.78",
            "intent": [
                "background"
            ],
            "isInfluential": false,
            "paperId": "c9a725e6405590b87265b3ef4457ea5c2aed35a0",
            "title": "An Empirical Study of Evolution of Inheritance in Java OSS",
            "url": "https://www.semanticscholar.org/paper/c9a725e6405590b87265b3ef4457ea5c2aed35a0",
            "venue": "19th Australian Conference on Software Engineering (aswec 2008)",
            "year": 2008
        },
        {
            "arxivId": null,
            "authors": [
                {
                    "authorId": "1729877",
                    "name": "A. Capiluppi"
                },
                {
                    "authorId": "1398548185",
                    "name": "J. Fern\u00e1ndez-Ramil"
                },
                {
                    "authorId": "2073027185",
                    "name": "J. Higman"
                },
                {
                    "authorId": "145574559",
                    "name": "H. Sharp"
                },
                {
                    "authorId": "14240165",
                    "name": "N. Smith"
                }
            ],
            "doi": "10.1109/ICSE.2007.14",
            "intent": [
                "background"
            ],
            "isInfluential": false,
            "paperId": "6e3d55e384b5b5a3526f248b136f5f3f032d4f10",
            "title": "An Empirical Study of the Evolution of an Agile-Developed Software System",
            "url": "https://www.semanticscholar.org/paper/6e3d55e384b5b5a3526f248b136f5f3f032d4f10",
            "venue": "29th International Conference on Software Engineering (ICSE'07)",
            "year": 2007
        },
        {
            "arxivId": null,
            "authors": [
                {
                    "authorId": "35197893",
                    "name": "I. Herraiz"
                },
                {
                    "authorId": "1397826059",
                    "name": "Jesus M. Gonzalez-Barahona"
                },
                {
                    "authorId": "143684601",
                    "name": "G. Robles"
                }
            ],
            "doi": "10.1109/MSR.2007.31",
            "intent": [],
            "isInfluential": false,
            "paperId": "2ee9fa38d2bdeb172ac2b78c0fa782687eb335e6",
            "title": "Towards a Theoretical Model for Software Growth",
            "url": "https://www.semanticscholar.org/paper/2ee9fa38d2bdeb172ac2b78c0fa782687eb335e6",
            "venue": "Fourth International Workshop on Mining Software Repositories (MSR'07:ICSE Workshops 2007)",
            "year": 2007
        },
        {
            "arxivId": null,
            "authors": [
                {
                    "authorId": "1727941",
                    "name": "C. Izurieta"
                },
                {
                    "authorId": "2676223",
                    "name": "J. Bieman"
                }
            ],
            "doi": "10.1145/1159733.1159765",
            "intent": [],
            "isInfluential": false,
            "paperId": "850aa3a304c6d1fc77e69af1fa3b1bd8feb07266",
            "title": "The evolution of FreeBSD and linux",
            "url": "https://www.semanticscholar.org/paper/850aa3a304c6d1fc77e69af1fa3b1bd8feb07266",
            "venue": "ISESE '06",
            "year": 2006
        },
        {
            "arxivId": null,
            "authors": [
                {
                    "authorId": "35197893",
                    "name": "I. Herraiz"
                },
                {
                    "authorId": "143684601",
                    "name": "G. Robles"
                },
                {
                    "authorId": "1397826059",
                    "name": "Jesus M. Gonzalez-Barahona"
                }
            ],
            "doi": "10.1109/CSMR.2006.17",
            "intent": [
                "background"
            ],
            "isInfluential": false,
            "paperId": "47c1192b126d29637e73dc7c5ca29976bc355927",
            "title": "Comparison between SLOCs and number of files as size metrics for software evolution analysis",
            "url": "https://www.semanticscholar.org/paper/47c1192b126d29637e73dc7c5ca29976bc355927",
            "venue": "Conference on Software Maintenance and Reengineering (CSMR'06)",
            "year": 2006
        },
        {
            "arxivId": null,
            "authors": [
                {
                    "authorId": "143684601",
                    "name": "G. Robles"
                },
                {
                    "authorId": "47626328",
                    "name": "Juan Jos\u00e9 Amor"
                },
                {
                    "authorId": "1397826059",
                    "name": "Jesus M. Gonzalez-Barahona"
                },
                {
                    "authorId": "35197893",
                    "name": "I. Herraiz"
                }
            ],
            "doi": "10.1109/IWPSE.2005.17",
            "intent": [
                "background"
            ],
            "isInfluential": false,
            "paperId": "b2f3787a5e5626cba3714deaab3466d3fe70bf36",
            "title": "Evolution and growth in large libre software projects",
            "url": "https://www.semanticscholar.org/paper/b2f3787a5e5626cba3714deaab3466d3fe70bf36",
            "venue": "Eighth International Workshop on Principles of Software Evolution (IWPSE'05)",
            "year": 2005
        },
        {
            "arxivId": null,
            "authors": [
                {
                    "authorId": "1729877",
                    "name": "A. Capiluppi"
                },
                {
                    "authorId": "1730588",
                    "name": "M. Morisio"
                },
                {
                    "authorId": "1398548185",
                    "name": "J. Fern\u00e1ndez-Ramil"
                }
            ],
            "doi": "10.1109/METRIC.2004.1357886",
            "intent": [],
            "isInfluential": false,
            "paperId": "b562ff2f0ec314d8a28e58a9c42ee3ad6fb6a430",
            "title": "The evolution of source folder structure in actively evolved open source systems",
            "url": "https://www.semanticscholar.org/paper/b562ff2f0ec314d8a28e58a9c42ee3ad6fb6a430",
            "venue": "10th International Symposium on Software Metrics, 2004. Proceedings.",
            "year": 2004
        },
        {
            "arxivId": null,
            "authors": [
                {
                    "authorId": "1729877",
                    "name": "A. Capiluppi"
                },
                {
                    "authorId": "1398548185",
                    "name": "J. Fern\u00e1ndez-Ramil"
                }
            ],
            "doi": "10.1109/IWPSE.2004.1334775",
            "intent": [],
            "isInfluential": false,
            "paperId": "8f32d8b174f9c3d90292c2d63ecbc355276307da",
            "title": "Studying the evolution of open source systems at different levels of granularity: two case studies",
            "url": "https://www.semanticscholar.org/paper/8f32d8b174f9c3d90292c2d63ecbc355276307da",
            "venue": "Proceedings. 7th International Workshop on Principles of Software Evolution, 2004.",
            "year": 2004
        },
        {
            "arxivId": null,
            "authors": [
                {
                    "authorId": "1729877",
                    "name": "A. Capiluppi"
                },
                {
                    "authorId": "1730588",
                    "name": "M. Morisio"
                },
                {
                    "authorId": "1398548185",
                    "name": "J. Fern\u00e1ndez-Ramil"
                }
            ],
            "doi": "10.1109/WPC.2004.1311059",
            "intent": [],
            "isInfluential": false,
            "paperId": "1071ca6d470dbe7b406b83a14fe7d02f850dd067",
            "title": "Structural evolution of an open source system: a case study",
            "url": "https://www.semanticscholar.org/paper/1071ca6d470dbe7b406b83a14fe7d02f850dd067",
            "venue": "Proceedings. 12th IEEE International Workshop on Program Comprehension, 2004.",
            "year": 2004
        },
        {
            "arxivId": null,
            "authors": [
                {
                    "authorId": "47521175",
                    "name": "Michael W. Godfrey"
                },
                {
                    "authorId": "47485124",
                    "name": "Q. Tu"
                }
            ],
            "doi": "10.1109/ICSM.2000.883030",
            "intent": [],
            "isInfluential": false,
            "paperId": "e7c4d5e3672c30f0316ed5d7a276415c844bf538",
            "title": "Evolution in open source software: a case study",
            "url": "https://www.semanticscholar.org/paper/e7c4d5e3672c30f0316ed5d7a276415c844bf538",
            "venue": "Proceedings 2000 International Conference on Software Maintenance",
            "year": 2000
        },
        {
            "arxivId": null,
            "authors": [
                {
                    "authorId": "145044972",
                    "name": "R. Harrison"
                },
                {
                    "authorId": "145677084",
                    "name": "S. Counsell"
                },
                {
                    "authorId": "1739685",
                    "name": "R. Nithi"
                }
            ],
            "doi": "10.1016/S0164-1212(99)00144-2",
            "intent": [],
            "isInfluential": false,
            "paperId": "a8818d823759cd1124c0daf0daaacf572794f792",
            "title": "Experimental assessment of the effect of inheritance on the maintainability of object-oriented systems",
            "url": "https://www.semanticscholar.org/paper/a8818d823759cd1124c0daf0daaacf572794f792",
            "venue": "J. Syst. Softw.",
            "year": 2000
        },
        {
            "arxivId": null,
            "authors": [
                {
                    "authorId": "35216101",
                    "name": "M. Cartwright"
                }
            ],
            "doi": "10.1016/S0950-5849(98)00105-0",
            "intent": [
                "background"
            ],
            "isInfluential": false,
            "paperId": "8860278418613a8c06713f71dd2c7c069ec5cb14",
            "title": "An empirical view of inheritance",
            "url": "https://www.semanticscholar.org/paper/8860278418613a8c06713f71dd2c7c069ec5cb14",
            "venue": "Inf. Softw. Technol.",
            "year": 1998
        },
        {
            "arxivId": null,
            "authors": [
                {
                    "authorId": "1771065",
                    "name": "M. Lehman"
                },
                {
                    "authorId": "1398548185",
                    "name": "J. Fern\u00e1ndez-Ramil"
                },
                {
                    "authorId": "3327356",
                    "name": "P. Wernick"
                },
                {
                    "authorId": "143977783",
                    "name": "D. Perry"
                },
                {
                    "authorId": "34773526",
                    "name": "W. Turski"
                }
            ],
            "doi": "10.1109/METRIC.1997.637156",
            "intent": [
                "background"
            ],
            "isInfluential": false,
            "paperId": "fd5e4c7715f32070b10ee9d06183a76acdf2cd21",
            "title": "Metrics and laws of software evolution-the nineties view",
            "url": "https://www.semanticscholar.org/paper/fd5e4c7715f32070b10ee9d06183a76acdf2cd21",
            "venue": "Proceedings Fourth International Software Metrics Symposium",
            "year": 1997
        },
        {
            "arxivId": null,
            "authors": [
                {
                    "authorId": "1771065",
                    "name": "M. Lehman"
                }
            ],
            "doi": "10.1007/BFb0017737",
            "intent": [
                "background"
            ],
            "isInfluential": false,
            "paperId": "54545a907a43c798c1193be643395bda3c8548e0",
            "title": "Laws of Software Evolution Revisited",
            "url": "https://www.semanticscholar.org/paper/54545a907a43c798c1193be643395bda3c8548e0",
            "venue": "EWSPT",
            "year": 1996
        },
        {
            "arxivId": null,
            "authors": [
                {
                    "authorId": "144972854",
                    "name": "B. Meyer"
                }
            ],
            "doi": "10.1109/2.494093",
            "intent": [
                "background"
            ],
            "isInfluential": false,
            "paperId": "4132fa3f4dba99bd87bc6270182b56a14286cdac",
            "title": "The many faces of inheritance: a taxonomy of taxonomy",
            "url": "https://www.semanticscholar.org/paper/4132fa3f4dba99bd87bc6270182b56a14286cdac",
            "venue": "Computer",
            "year": 1996
        },
        {
            "arxivId": null,
            "authors": [],
            "doi": null,
            "intent": [
                "background"
            ],
            "isInfluential": false,
            "paperId": "",
            "title": "ATimeSeries-BasedDatasetofOpen-SourceSoftwareEvolution",
            "url": "",
            "venue": "brunolsousa.github.io/software-evolution-dataset/index.html",
            "year": 2021
        },
        {
            "arxivId": null,
            "authors": [],
            "doi": null,
            "intent": [
                "methodology"
            ],
            "isInfluential": true,
            "paperId": "",
            "title": "Java code metrics calculator (CK)",
            "url": "",
            "venue": "Available at: https://github.com/mauricioaniche/ck/. Accessed on January,",
            "year": 2015
        },
        {
            "arxivId": null,
            "authors": [
                {
                    "authorId": "33402434",
                    "name": "Rajesh Vasa"
                },
                {
                    "authorId": "1944074",
                    "name": "M. Lumpe"
                },
                {
                    "authorId": "2115326371",
                    "name": "Allan Jones"
                }
            ],
            "doi": null,
            "intent": [
                "background"
            ],
            "isInfluential": true,
            "paperId": "48280af39125b0647770afb2be473760e8dc7bd6",
            "title": "Helix software evolution data set",
            "url": "https://www.semanticscholar.org/paper/48280af39125b0647770afb2be473760e8dc7bd6",
            "venue": "",
            "year": 2010
        },
        {
            "arxivId": null,
            "authors": [
                {
                    "authorId": "1692106",
                    "name": "Uzma Raja"
                },
                {
                    "authorId": "1745551",
                    "name": "D. Hale"
                },
                {
                    "authorId": "34951287",
                    "name": "J. Hale"
                }
            ],
            "doi": "10.1002/smr.398",
            "intent": [
                "background"
            ],
            "isInfluential": false,
            "paperId": "045b92a8dc37d2277aa396bc86368945e1b45c7d",
            "title": "Modeling software evolution defects: a time series approach",
            "url": "https://www.semanticscholar.org/paper/045b92a8dc37d2277aa396bc86368945e1b45c7d",
            "venue": "J. Softw. Maintenance Res. Pract.",
            "year": 2009
        },
        {
            "arxivId": null,
            "authors": [
                {
                    "authorId": "115911797",
                    "name": "S. Koch"
                }
            ],
            "doi": "10.1002/smr.348",
            "intent": [],
            "isInfluential": false,
            "paperId": "35e6420fc3dbd9bc90bb2985dc402bb9eeb697b6",
            "title": "Software evolution in open source projects - a large-scale investigation",
            "url": "https://www.semanticscholar.org/paper/35e6420fc3dbd9bc90bb2985dc402bb9eeb697b6",
            "venue": "J. Softw. Maintenance Res. Pract.",
            "year": 2007
        },
        {
            "arxivId": null,
            "authors": [
                {
                    "authorId": "144936113",
                    "name": "J. Daly"
                },
                {
                    "authorId": "47893809",
                    "name": "A. Brooks"
                },
                {
                    "authorId": "2118098495",
                    "name": "James Miller"
                },
                {
                    "authorId": "145683624",
                    "name": "M. Roper"
                },
                {
                    "authorId": "145953716",
                    "name": "M. Wood"
                }
            ],
            "doi": "10.1007/BF00368701",
            "intent": [
                "background"
            ],
            "isInfluential": false,
            "paperId": "7b2eaccb9057bc0c6e06a288512840dec08269d3",
            "title": "Evaluating inheritance depth on the maintainability of object-oriented software",
            "url": "https://www.semanticscholar.org/paper/7b2eaccb9057bc0c6e06a288512840dec08269d3",
            "venue": "Empirical Software Engineering",
            "year": 2004
        },
        {
            "arxivId": null,
            "authors": [],
            "doi": null,
            "intent": [],
            "isInfluential": false,
            "paperId": "",
            "title": "MSR \u201922, May 23\u201324, 2022, Pittsburgh, PA, USA",
            "url": "",
            "venue": "",
            "year": null
        }
    ],
    "s2FieldsOfStudy": [
        {
            "category": "Computer Science",
            "source": "external"
        },
        {
            "category": "Computer Science",
            "source": "s2-fos-model"
        }
    ],
    "title": "A Time Series-Based Dataset of Open-Source Software Evolution",
    "topics": [],
    "url": "https://www.semanticscholar.org/paper/2ed94610b1261b704860cad6e3d0b9b288361f45",
    "venue": "IEEE Working Conference on Mining Software Repositories",
    "year": 2022
}