{
    "abstract": "Spreadsheets are perhaps the most ubiquitous form of end-user programming software. This paper describes a corpus, called Fuse, containing 2,127,284 URLs that return spreadsheets (and their HTTP server responses), and 249,376 unique spreadsheets, contained within a public web archive of over 26.83 billion pages. Obtained using nearly 60,000 hours of computation, the resulting corpus exhibits several useful properties over prior spreadsheet corpora, including reproducibility and extendability. Our corpus is unencumbered by any license agreements, available to all, and intended for wide usage by end-user software engineering researchers. In this paper, we detail the data and the spreadsheet extraction process, describe the data schema, and discuss the trade-offs of Fuse with other corpora.",
    "arxivId": null,
    "authors": [
        {
            "authorId": "1686613",
            "name": "Titus Barik",
            "url": "https://www.semanticscholar.org/author/1686613"
        },
        {
            "authorId": "2166534",
            "name": "Kevin Lubick",
            "url": "https://www.semanticscholar.org/author/2166534"
        },
        {
            "authorId": "2109795311",
            "name": "Justin Smith",
            "url": "https://www.semanticscholar.org/author/2109795311"
        },
        {
            "authorId": "2002661",
            "name": "John Slankas",
            "url": "https://www.semanticscholar.org/author/2002661"
        },
        {
            "authorId": "1398156124",
            "name": "E. Murphy-Hill",
            "url": "https://www.semanticscholar.org/author/1398156124"
        }
    ],
    "citationVelocity": 0,
    "citations": [
        {
            "arxivId": "2310.17306",
            "authors": [
                {
                    "authorId": "2134941824",
                    "name": "Mukul Singh"
                },
                {
                    "authorId": "150140211",
                    "name": "J. Cambronero"
                },
                {
                    "authorId": "2108314",
                    "name": "Sumit Gulwani"
                },
                {
                    "authorId": "2258716656",
                    "name": "Vu Le"
                },
                {
                    "authorId": "2262217842",
                    "name": "Carina Negreanu"
                },
                {
                    "authorId": "2261738693",
                    "name": "Elnaz Nouri"
                },
                {
                    "authorId": "35965224",
                    "name": "Mohammad Raza"
                },
                {
                    "authorId": "152668913",
                    "name": "Gust Verbruggen"
                }
            ],
            "doi": "10.48550/arXiv.2310.17306",
            "intent": [
                "background"
            ],
            "isInfluential": false,
            "paperId": "fbd377b4fd0d751bb1e4fe8c7a4846959c5d929a",
            "title": "FormaT5: Abstention and Examples for Conditional Table Formatting with Natural Language",
            "url": "https://www.semanticscholar.org/paper/fbd377b4fd0d751bb1e4fe8c7a4846959c5d929a",
            "venue": "Proc. VLDB Endow.",
            "year": 2023
        },
        {
            "arxivId": "2301.13779",
            "authors": [
                {
                    "authorId": "46528131",
                    "name": "Harshit Joshi"
                },
                {
                    "authorId": "2203434384",
                    "name": "Abishai Ebenezer"
                },
                {
                    "authorId": "150140211",
                    "name": "J. Cambronero"
                },
                {
                    "authorId": "2108314",
                    "name": "Sumit Gulwani"
                },
                {
                    "authorId": "2594759",
                    "name": "Aditya Kanade"
                },
                {
                    "authorId": "143914877",
                    "name": "Vu Le"
                },
                {
                    "authorId": "2203433171",
                    "name": "Ivan Radivcek"
                },
                {
                    "authorId": "152668913",
                    "name": "Gust Verbruggen"
                }
            ],
            "doi": "10.48550/arXiv.2301.13779",
            "intent": [
                "methodology"
            ],
            "isInfluential": false,
            "paperId": "63396fceb84286b02796dc58e55c07ec1095c4dc",
            "title": "FLAME: A small language model for spreadsheet formulas",
            "url": "https://www.semanticscholar.org/paper/63396fceb84286b02796dc58e55c07ec1095c4dc",
            "venue": "AAAI",
            "year": 2023
        },
        {
            "arxivId": null,
            "authors": [
                {
                    "authorId": "3355714",
                    "name": "A. Shigarov"
                }
            ],
            "doi": "10.1002/widm.1482",
            "intent": [
                "background"
            ],
            "isInfluential": false,
            "paperId": "cf5f42b60003f9fc11d14a6eb126130411f861a4",
            "title": "Table understanding: Problem overview",
            "url": "https://www.semanticscholar.org/paper/cf5f42b60003f9fc11d14a6eb126130411f861a4",
            "venue": "WIREs Data Mining Knowl. Discov.",
            "year": 2022
        },
        {
            "arxivId": null,
            "authors": [
                {
                    "authorId": "40766061",
                    "name": "Advait Sarkar"
                },
                {
                    "authorId": "33846114",
                    "name": "Sruti Srinivasa Ragavan"
                },
                {
                    "authorId": "119216227",
                    "name": "J. Williams"
                },
                {
                    "authorId": "144376271",
                    "name": "A. Gordon"
                }
            ],
            "doi": "10.1109/vl/hcc53370.2022.9833131",
            "intent": [
                "background"
            ],
            "isInfluential": false,
            "paperId": "84e8912ba21d9dd6eb2e3a92282afef3fc361691",
            "title": "End-user encounters with lambda abstraction in spreadsheets: Apollo's bow or Achilles' heel?",
            "url": "https://www.semanticscholar.org/paper/84e8912ba21d9dd6eb2e3a92282afef3fc361691",
            "venue": "VL/HCC",
            "year": 2022
        },
        {
            "arxivId": "2209.04511",
            "authors": [
                {
                    "authorId": "2056767397",
                    "name": "Samuel W. Flint"
                },
                {
                    "authorId": "2056766928",
                    "name": "Jigyasa Chauhan"
                },
                {
                    "authorId": "2256709693",
                    "name": "Robert Dyer"
                }
            ],
            "doi": "10.1007/s10664-022-10200-y",
            "intent": [],
            "isInfluential": false,
            "paperId": "d1988265d634962b4682dc2b1ff8200cbf0eb9eb",
            "title": "Pitfalls and guidelines for using time-based Git data",
            "url": "https://www.semanticscholar.org/paper/d1988265d634962b4682dc2b1ff8200cbf0eb9eb",
            "venue": "Empirical Software Engineering",
            "year": 2022
        },
        {
            "arxivId": "2208.11367",
            "authors": [
                {
                    "authorId": "2142096836",
                    "name": "Frieder Uhlig"
                },
                {
                    "authorId": "2140415179",
                    "name": "Lukas Struppek"
                },
                {
                    "authorId": "2140396795",
                    "name": "Dominik Hintersdorf"
                },
                {
                    "authorId": "2215478765",
                    "name": "Thomas Gobel"
                },
                {
                    "authorId": "3279185",
                    "name": "Harald Baier"
                },
                {
                    "authorId": "2066493115",
                    "name": "K. Kersting"
                }
            ],
            "doi": "10.1016/j.fsidi.2023.301570",
            "intent": [
                "methodology"
            ],
            "isInfluential": false,
            "paperId": "bf4f617897f897b3889596c963be015d0dbdcb32",
            "title": "Combining AI and AM \u2013 Improving approximate matching through transformer networks",
            "url": "https://www.semanticscholar.org/paper/bf4f617897f897b3889596c963be015d0dbdcb32",
            "venue": "Forensic Science International: Digital Investigation",
            "year": 2022
        },
        {
            "arxivId": "2208.05821",
            "authors": [
                {
                    "authorId": "2108397800",
                    "name": "Guozheng Li"
                },
                {
                    "authorId": "83895147",
                    "name": "Runfei Li"
                },
                {
                    "authorId": "2156142205",
                    "name": "Zicheng Wang"
                },
                {
                    "authorId": "2144632579",
                    "name": "Chi Harold Liu"
                },
                {
                    "authorId": "1452336700",
                    "name": "Min Lu"
                },
                {
                    "authorId": "8349792",
                    "name": "Guoren Wang"
                }
            ],
            "doi": "10.1109/TVCG.2022.3209354",
            "intent": [
                "methodology"
            ],
            "isInfluential": false,
            "paperId": "4d340e6911d7cd4dc53ed7f084dcadf28295ca64",
            "title": "HiTailor: Interactive Transformation and Visualization for Hierarchical Tabular Data",
            "url": "https://www.semanticscholar.org/paper/4d340e6911d7cd4dc53ed7f084dcadf28295ca64",
            "venue": "IEEE Transactions on Visualization and Computer Graphics",
            "year": 2022
        },
        {
            "arxivId": "2208.06032",
            "authors": [
                {
                    "authorId": "2134941824",
                    "name": "Mukul Singh"
                },
                {
                    "authorId": "150140211",
                    "name": "J. Cambronero"
                },
                {
                    "authorId": "2108314",
                    "name": "Sumit Gulwani"
                },
                {
                    "authorId": "143914877",
                    "name": "Vu Le"
                },
                {
                    "authorId": "2262217842",
                    "name": "Carina Negreanu"
                },
                {
                    "authorId": "35965224",
                    "name": "Mohammad Raza"
                },
                {
                    "authorId": "152668913",
                    "name": "Gust Verbruggen"
                }
            ],
            "doi": "10.14778/3603581.3603600",
            "intent": [
                "methodology",
                "background"
            ],
            "isInfluential": false,
            "paperId": "d008c379016016e9c63f05ff411e6977019c441e",
            "title": "CORNET: Learning Table Formatting Rules By Example",
            "url": "https://www.semanticscholar.org/paper/d008c379016016e9c63f05ff411e6977019c441e",
            "venue": "Proc. VLDB Endow.",
            "year": 2022
        },
        {
            "arxivId": "2201.09745",
            "authors": [
                {
                    "authorId": "2113413583",
                    "name": "Haoyu Dong"
                },
                {
                    "authorId": null,
                    "name": "Zhoujun Cheng"
                },
                {
                    "authorId": "2116554804",
                    "name": "Xinyi He"
                },
                {
                    "authorId": "2109138287",
                    "name": "Mengyuan Zhou"
                },
                {
                    "authorId": "1571660987",
                    "name": "Anda Zhou"
                },
                {
                    "authorId": "2153433679",
                    "name": "Fan Zhou"
                },
                {
                    "authorId": "1491241424",
                    "name": "Ao Liu"
                },
                {
                    "authorId": "2109750123",
                    "name": "Shi Han"
                },
                {
                    "authorId": "2140415600",
                    "name": "Dongmei Zhang"
                }
            ],
            "doi": "10.24963/ijcai.2022/761",
            "intent": [
                "methodology"
            ],
            "isInfluential": false,
            "paperId": "49f4b4ca86e574c7ec688cfd45d2e17ff079c313",
            "title": "Table Pre-training: A Survey on Model Architectures, Pretraining Objectives, and Downstream Tasks",
            "url": "https://www.semanticscholar.org/paper/49f4b4ca86e574c7ec688cfd45d2e17ff079c313",
            "venue": "IJCAI",
            "year": 2022
        },
        {
            "arxivId": "2109.07323",
            "authors": [
                {
                    "authorId": null,
                    "name": "Zhoujun Cheng"
                },
                {
                    "authorId": "2113413583",
                    "name": "Haoyu Dong"
                },
                {
                    "authorId": "2057583317",
                    "name": "Fan Cheng"
                },
                {
                    "authorId": "2053919577",
                    "name": "Ran Jia"
                },
                {
                    "authorId": "2212738563",
                    "name": "Pengfei Wu"
                },
                {
                    "authorId": "2109750123",
                    "name": "Shi Han"
                },
                {
                    "authorId": "1485159990",
                    "name": "Dongmei Zhang"
                }
            ],
            "doi": "10.18653/v1/2022.acl-long.82",
            "intent": [
                "methodology"
            ],
            "isInfluential": false,
            "paperId": "dae0eed35bf60a1f307cfa9ec99dac5cf3671085",
            "title": "FORTAP: Using Formulas for Numerical-Reasoning-Aware Table Pretraining",
            "url": "https://www.semanticscholar.org/paper/dae0eed35bf60a1f307cfa9ec99dac5cf3671085",
            "venue": "ACL",
            "year": 2021
        },
        {
            "arxivId": "2109.06630",
            "authors": [
                {
                    "authorId": "1387885664",
                    "name": "Gerardo Vitagliano"
                },
                {
                    "authorId": "2112536899",
                    "name": "Lan Jiang"
                },
                {
                    "authorId": "1683688",
                    "name": "Felix Naumann"
                }
            ],
            "doi": "10.14778/3494124.3494145",
            "intent": [
                "methodology"
            ],
            "isInfluential": false,
            "paperId": "3b977ab1b7ae811115570005fc0ca7e667f22f3b",
            "title": "Detecting Layout Templates in Complex Multiregion Files",
            "url": "https://www.semanticscholar.org/paper/3b977ab1b7ae811115570005fc0ca7e667f22f3b",
            "venue": "Proc. VLDB Endow.",
            "year": 2021
        },
        {
            "arxivId": null,
            "authors": [
                {
                    "authorId": "2139995573",
                    "name": "Yakun Zhang"
                },
                {
                    "authorId": "2118236720",
                    "name": "Xiao Lv"
                },
                {
                    "authorId": "2113413583",
                    "name": "Haoyu Dong"
                },
                {
                    "authorId": "2964640",
                    "name": "Wensheng Dou"
                },
                {
                    "authorId": "2109750123",
                    "name": "Shi Han"
                },
                {
                    "authorId": "1485159990",
                    "name": "Dongmei Zhang"
                },
                {
                    "authorId": "144525882",
                    "name": "Jun Wei"
                },
                {
                    "authorId": "2055648112",
                    "name": "Dan Ye"
                }
            ],
            "doi": "10.1145/3460319.3464812",
            "intent": [],
            "isInfluential": false,
            "paperId": "9a076fad2742fdd5d1d567e5f8cc3bda925e7a73",
            "title": "Semantic table structure identification in spreadsheets",
            "url": "https://www.semanticscholar.org/paper/9a076fad2742fdd5d1d567e5f8cc3bda925e7a73",
            "venue": "ISSTA",
            "year": 2021
        },
        {
            "arxivId": "2111.14583",
            "authors": [
                {
                    "authorId": "148430293",
                    "name": "Zoe Kotti"
                },
                {
                    "authorId": "2937511",
                    "name": "Konstantinos Kravvaritis"
                },
                {
                    "authorId": "41095366",
                    "name": "Konstantina Dritsa"
                },
                {
                    "authorId": "1740799",
                    "name": "D. Spinellis"
                }
            ],
            "doi": "10.1007/s10664-020-09834-7",
            "intent": [
                "background"
            ],
            "isInfluential": false,
            "paperId": "7889d09a8d6c1fc0089ad645b5fda0dae57a6314",
            "title": "Standing on shoulders or feet? An extended study on the usage of the MSR data papers",
            "url": "https://www.semanticscholar.org/paper/7889d09a8d6c1fc0089ad645b5fda0dae57a6314",
            "venue": "Empirical Software Engineering",
            "year": 2020
        },
        {
            "arxivId": null,
            "authors": [
                {
                    "authorId": "2139995573",
                    "name": "Yakun Zhang"
                },
                {
                    "authorId": "2964640",
                    "name": "Wensheng Dou"
                },
                {
                    "authorId": "50077206",
                    "name": "Jiaxin Zhu"
                },
                {
                    "authorId": "49287346",
                    "name": "Liang Xu"
                },
                {
                    "authorId": "2149136204",
                    "name": "Zhiyong Zhou"
                },
                {
                    "authorId": "144525882",
                    "name": "Jun Wei"
                },
                {
                    "authorId": "2055648112",
                    "name": "Dan Ye"
                },
                {
                    "authorId": "2119660368",
                    "name": "Bo Yang"
                }
            ],
            "doi": "10.1145/3395363.3397384",
            "intent": [],
            "isInfluential": false,
            "paperId": "08f9208136a53034087d8c8b16fff9acb200f63d",
            "title": "Learning to detect table clones in spreadsheets",
            "url": "https://www.semanticscholar.org/paper/08f9208136a53034087d8c8b16fff9acb200f63d",
            "venue": "ISSTA",
            "year": 2020
        },
        {
            "arxivId": "2006.04794",
            "authors": [
                {
                    "authorId": "2055379228",
                    "name": "David Birch"
                },
                {
                    "authorId": "51187324",
                    "name": "Nicolai Stawinoga"
                },
                {
                    "authorId": "117380273",
                    "name": "J. Binks"
                },
                {
                    "authorId": "15148414",
                    "name": "Bruno Nicoletti"
                },
                {
                    "authorId": "2106690543",
                    "name": "Paul H. J. Kelly"
                }
            ],
            "doi": null,
            "intent": [],
            "isInfluential": false,
            "paperId": "2bc171707363e94a7e626b8d67fbbc4a4f4b005d",
            "title": "Abstracting spreadsheet data flow through hypergraph redrawing",
            "url": "https://www.semanticscholar.org/paper/2bc171707363e94a7e626b8d67fbbc4a4f4b005d",
            "venue": "ArXiv",
            "year": 2020
        },
        {
            "arxivId": null,
            "authors": [
                {
                    "authorId": "2111787940",
                    "name": "Jack Williams"
                },
                {
                    "authorId": "21777559",
                    "name": "Carina Negreanu"
                },
                {
                    "authorId": "144376271",
                    "name": "A. Gordon"
                },
                {
                    "authorId": "40766061",
                    "name": "Advait Sarkar"
                }
            ],
            "doi": "10.1109/VL/HCC50065.2020.9127254",
            "intent": [
                "methodology"
            ],
            "isInfluential": false,
            "paperId": "3e7898bee9e13b92545d4815af6af9b20f674c48",
            "title": "Understanding and Inferring Units in Spreadsheets",
            "url": "https://www.semanticscholar.org/paper/3e7898bee9e13b92545d4815af6af9b20f674c48",
            "venue": "2020 IEEE Symposium on Visual Languages and Human-Centric Computing (VL/HCC)",
            "year": 2020
        },
        {
            "arxivId": null,
            "authors": [
                {
                    "authorId": "40766061",
                    "name": "Advait Sarkar"
                },
                {
                    "authorId": "40975562",
                    "name": "J. Borghouts"
                },
                {
                    "authorId": "29920874",
                    "name": "Anusha Iyer"
                },
                {
                    "authorId": "1666477034",
                    "name": "Sneha Khullar"
                },
                {
                    "authorId": "2080786149",
                    "name": "Christian Canton"
                },
                {
                    "authorId": "1688711",
                    "name": "F. Hermans"
                },
                {
                    "authorId": "144376271",
                    "name": "A. Gordon"
                },
                {
                    "authorId": "2111787940",
                    "name": "Jack Williams"
                }
            ],
            "doi": "10.1145/3334480.3382807",
            "intent": [
                "background"
            ],
            "isInfluential": false,
            "paperId": "025b3419b33ea9d1977839dc7ba135089959fe0b",
            "title": "Spreadsheet Use and Programming Experience: An Exploratory Survey",
            "url": "https://www.semanticscholar.org/paper/025b3419b33ea9d1977839dc7ba135089959fe0b",
            "venue": "CHI Extended Abstracts",
            "year": 2020
        },
        {
            "arxivId": null,
            "authors": [
                {
                    "authorId": "153208268",
                    "name": "Awais Azam"
                },
                {
                    "authorId": "9147935",
                    "name": "Khubaib Amjad Alam"
                },
                {
                    "authorId": "2065533710",
                    "name": "Hamid Ali"
                }
            ],
            "doi": "10.1109/ICET48972.2019.8994397",
            "intent": [
                "methodology"
            ],
            "isInfluential": true,
            "paperId": "6c20d3820fe7791c0424d7bcd3f18310cf9cf2ae",
            "title": "Version Detection in Spreadsheets Based on Headers Similarity",
            "url": "https://www.semanticscholar.org/paper/6c20d3820fe7791c0424d7bcd3f18310cf9cf2ae",
            "venue": "2019 15th International Conference on Emerging Technologies (ICET)",
            "year": 2019
        },
        {
            "arxivId": null,
            "authors": [
                {
                    "authorId": "3355714",
                    "name": "A. Shigarov"
                },
                {
                    "authorId": "83453745",
                    "name": "Vasiliy V. Khristyuk"
                },
                {
                    "authorId": "144116982",
                    "name": "A. Mikhailov"
                },
                {
                    "authorId": "144364060",
                    "name": "Viacheslav V. Paramonov"
                }
            ],
            "doi": "10.1007/978-3-030-30275-7_6",
            "intent": [
                "methodology"
            ],
            "isInfluential": false,
            "paperId": "9ac952402b7ed8b912a594a7f0dc454cc23bf45b",
            "title": "TabbyXL: Rule-Based Spreadsheet Data Extraction and Transformation",
            "url": "https://www.semanticscholar.org/paper/9ac952402b7ed8b912a594a7f0dc454cc23bf45b",
            "venue": "ICIST",
            "year": 2019
        },
        {
            "arxivId": null,
            "authors": [
                {
                    "authorId": "1757263",
                    "name": "Elvis Koci"
                },
                {
                    "authorId": "1389838356",
                    "name": "Dana Kuban"
                },
                {
                    "authorId": "2065963951",
                    "name": "Nico Luettig"
                },
                {
                    "authorId": "1396373351",
                    "name": "Dominik Olwig"
                },
                {
                    "authorId": "2405035",
                    "name": "Maik Thiele"
                },
                {
                    "authorId": "80599770",
                    "name": "Julius Gonsior"
                },
                {
                    "authorId": "7337091",
                    "name": "Wolfgang Lehner"
                },
                {
                    "authorId": "144149891",
                    "name": "Oscar Romero"
                }
            ],
            "doi": "10.1145/3342558.3345409",
            "intent": [],
            "isInfluential": false,
            "paperId": "8cb621e003ba8ff6de8c2c9f15adeccf67d6ca05",
            "title": "XLIndy: Interactive Recognition and Information Extraction in Spreadsheets",
            "url": "https://www.semanticscholar.org/paper/8cb621e003ba8ff6de8c2c9f15adeccf67d6ca05",
            "venue": "DocEng",
            "year": 2019
        },
        {
            "arxivId": null,
            "authors": [
                {
                    "authorId": "1757263",
                    "name": "Elvis Koci"
                },
                {
                    "authorId": "2405035",
                    "name": "Maik Thiele"
                },
                {
                    "authorId": "1491425973",
                    "name": "Josephine Rehak"
                },
                {
                    "authorId": "144149891",
                    "name": "Oscar Romero"
                },
                {
                    "authorId": "7337091",
                    "name": "Wolfgang Lehner"
                }
            ],
            "doi": "10.1109/ICDAR.2019.00207",
            "intent": [
                "methodology"
            ],
            "isInfluential": false,
            "paperId": "c7e2952d91f5d7fbc2e800b5e8c10e2b9a1b5ac5",
            "title": "DECO: A Dataset of Annotated Spreadsheets for Layout and Table Recognition",
            "url": "https://www.semanticscholar.org/paper/c7e2952d91f5d7fbc2e800b5e8c10e2b9a1b5ac5",
            "venue": "2019 International Conference on Document Analysis and Recognition (ICDAR)",
            "year": 2019
        },
        {
            "arxivId": null,
            "authors": [
                {
                    "authorId": "148430293",
                    "name": "Zoe Kotti"
                },
                {
                    "authorId": "1740799",
                    "name": "D. Spinellis"
                }
            ],
            "doi": "10.1109/MSR.2019.00085",
            "intent": [],
            "isInfluential": false,
            "paperId": "43148fabe2636026e07ca04974aff40d204bfb6b",
            "title": "Standing on Shoulders or Feet? The Usage of the MSR Data Papers",
            "url": "https://www.semanticscholar.org/paper/43148fabe2636026e07ca04974aff40d204bfb6b",
            "venue": "2019 IEEE/ACM 16th International Conference on Mining Software Repositories (MSR)",
            "year": 2019
        },
        {
            "arxivId": null,
            "authors": [
                {
                    "authorId": "49287346",
                    "name": "Liang Xu"
                },
                {
                    "authorId": "2964640",
                    "name": "Wensheng Dou"
                },
                {
                    "authorId": "50077206",
                    "name": "Jiaxin Zhu"
                },
                {
                    "authorId": "3060037",
                    "name": "Chushu Gao"
                },
                {
                    "authorId": "144525882",
                    "name": "Jun Wei"
                },
                {
                    "authorId": "145281930",
                    "name": "Tao Huang"
                }
            ],
            "doi": "10.1145/3236024.3264834",
            "intent": [],
            "isInfluential": false,
            "paperId": "37e7cd21738fd164d0140b68e6bb92a36ac4f7f3",
            "title": "How are spreadsheet templates used in practice: a case study on Enron",
            "url": "https://www.semanticscholar.org/paper/37e7cd21738fd164d0140b68e6bb92a36ac4f7f3",
            "venue": "ESEC/SIGSOFT FSE",
            "year": 2018
        },
        {
            "arxivId": "1901.11100",
            "authors": [
                {
                    "authorId": "2628408",
                    "name": "Daniel W. Barowy"
                },
                {
                    "authorId": "2925003",
                    "name": "E. Berger"
                },
                {
                    "authorId": "145874411",
                    "name": "B. Zorn"
                }
            ],
            "doi": "10.1145/3276518",
            "intent": [
                "methodology"
            ],
            "isInfluential": false,
            "paperId": "4fe917d13e672121d969183b457351f304acd13e",
            "title": "ExceLint: automatically finding spreadsheet formula errors",
            "url": "https://www.semanticscholar.org/paper/4fe917d13e672121d969183b457351f304acd13e",
            "venue": "Proc. ACM Program. Lang.",
            "year": 2018
        },
        {
            "arxivId": "1808.10642",
            "authors": [
                {
                    "authorId": "39753819",
                    "name": "Bas Jansen"
                },
                {
                    "authorId": "1688711",
                    "name": "F. Hermans"
                }
            ],
            "doi": null,
            "intent": [],
            "isInfluential": false,
            "paperId": "c9018145be774c58c1e1c4090f127780ee655534",
            "title": "The use of Charts, Pivot Tables, and Array Formulas in two Popular Spreadsheet Corpora",
            "url": "https://www.semanticscholar.org/paper/c9018145be774c58c1e1c4090f127780ee655534",
            "venue": "ArXiv",
            "year": 2018
        },
        {
            "arxivId": null,
            "authors": [
                {
                    "authorId": "1757263",
                    "name": "Elvis Koci"
                },
                {
                    "authorId": "2405035",
                    "name": "Maik Thiele"
                },
                {
                    "authorId": "7337091",
                    "name": "Wolfgang Lehner"
                },
                {
                    "authorId": "144149891",
                    "name": "Oscar Romero"
                }
            ],
            "doi": "10.1109/DAS.2018.48",
            "intent": [
                "methodology"
            ],
            "isInfluential": false,
            "paperId": "72babebcd6e61988d6caa1fb2e98a26a642862d3",
            "title": "Table Recognition in Spreadsheets via a Graph Representation",
            "url": "https://www.semanticscholar.org/paper/72babebcd6e61988d6caa1fb2e98a26a642862d3",
            "venue": "2018 13th IAPR International Workshop on Document Analysis Systems (DAS)",
            "year": 2018
        },
        {
            "arxivId": null,
            "authors": [
                {
                    "authorId": "1689403",
                    "name": "Efthimia Aivaloglou"
                },
                {
                    "authorId": "1746726",
                    "name": "David Hoepelman"
                },
                {
                    "authorId": "1688711",
                    "name": "F. Hermans"
                }
            ],
            "doi": "10.1002/smr.1895",
            "intent": [],
            "isInfluential": false,
            "paperId": "83213a5f4cd0793f90d75840d46769e5ad96e559",
            "title": "Parsing Excel formulas: A grammar and its application on 4 large datasets",
            "url": "https://www.semanticscholar.org/paper/83213a5f4cd0793f90d75840d46769e5ad96e559",
            "venue": "J. Softw. Evol. Process.",
            "year": 2017
        },
        {
            "arxivId": null,
            "authors": [
                {
                    "authorId": "49287346",
                    "name": "Liang Xu"
                }
            ],
            "doi": "10.1109/ICSME.2017.38",
            "intent": [
                "background",
                "methodology"
            ],
            "isInfluential": true,
            "paperId": "aea29effcfb0e71894e9e42c48840d4525fab62f",
            "title": "Understanding Spreadsheet Evolution in Practice",
            "url": "https://www.semanticscholar.org/paper/aea29effcfb0e71894e9e42c48840d4525fab62f",
            "venue": "2017 IEEE International Conference on Software Maintenance and Evolution (ICSME)",
            "year": 2017
        },
        {
            "arxivId": null,
            "authors": [
                {
                    "authorId": "152668913",
                    "name": "Gust Verbruggen"
                },
                {
                    "authorId": "1740042",
                    "name": "L. D. Raedt"
                }
            ],
            "doi": null,
            "intent": [
                "methodology"
            ],
            "isInfluential": false,
            "paperId": "9712068318cb9ada3c26c06f5d0352f96206e2c1",
            "title": "Towards Automated Relational Data Wrangling",
            "url": "https://www.semanticscholar.org/paper/9712068318cb9ada3c26c06f5d0352f96206e2c1",
            "venue": "AutoML@PKDD/ECML",
            "year": 2017
        },
        {
            "arxivId": null,
            "authors": [
                {
                    "authorId": "1757263",
                    "name": "Elvis Koci"
                },
                {
                    "authorId": "2405035",
                    "name": "Maik Thiele"
                },
                {
                    "authorId": "144149891",
                    "name": "Oscar Romero"
                },
                {
                    "authorId": "7337091",
                    "name": "Wolfgang Lehner"
                }
            ],
            "doi": "10.1007/978-3-319-59536-8_33",
            "intent": [
                "methodology"
            ],
            "isInfluential": true,
            "paperId": "2913fe53f12ad7874215ac67a4e6a5f74ef9a446",
            "title": "Table Identification and Reconstruction in Spreadsheets",
            "url": "https://www.semanticscholar.org/paper/2913fe53f12ad7874215ac67a4e6a5f74ef9a446",
            "venue": "CAiSE",
            "year": 2017
        },
        {
            "arxivId": "1704.08476",
            "authors": [
                {
                    "authorId": "49287346",
                    "name": "Liang Xu"
                },
                {
                    "authorId": "2964640",
                    "name": "Wensheng Dou"
                },
                {
                    "authorId": "3060037",
                    "name": "Chushu Gao"
                },
                {
                    "authorId": "2146041846",
                    "name": "Jie Wang"
                },
                {
                    "authorId": "144525882",
                    "name": "Jun Wei"
                },
                {
                    "authorId": "145901388",
                    "name": "Hua Zhong"
                },
                {
                    "authorId": "145281930",
                    "name": "Tao Huang"
                }
            ],
            "doi": "10.1109/MSR.2017.28",
            "intent": [
                "background",
                "methodology"
            ],
            "isInfluential": true,
            "paperId": "162c3a2703097d853879f847d787b55091d6c1fd",
            "title": "SpreadCluster: Recovering Versioned Spreadsheets through Similarity-Based Clustering",
            "url": "https://www.semanticscholar.org/paper/162c3a2703097d853879f847d787b55091d6c1fd",
            "venue": "2017 IEEE/ACM 14th International Conference on Mining Software Repositories (MSR)",
            "year": 2017
        },
        {
            "arxivId": null,
            "authors": [
                {
                    "authorId": "1757263",
                    "name": "Elvis Koci"
                },
                {
                    "authorId": "2405035",
                    "name": "Maik Thiele"
                },
                {
                    "authorId": "144149891",
                    "name": "Oscar Romero"
                },
                {
                    "authorId": "7337091",
                    "name": "Wolfgang Lehner"
                }
            ],
            "doi": "10.5220/0006052200770088",
            "intent": [
                "methodology"
            ],
            "isInfluential": true,
            "paperId": "686426d2d639156d6f4757e9be630f9c0b6b2fab",
            "title": "A Machine Learning Approach for Layout Inference in Spreadsheets",
            "url": "https://www.semanticscholar.org/paper/686426d2d639156d6f4757e9be630f9c0b6b2fab",
            "venue": "KDIR",
            "year": 2016
        },
        {
            "arxivId": null,
            "authors": [
                {
                    "authorId": "1757263",
                    "name": "Elvis Koci"
                },
                {
                    "authorId": "2405035",
                    "name": "Maik Thiele"
                },
                {
                    "authorId": "144149891",
                    "name": "Oscar Romero"
                },
                {
                    "authorId": "7337091",
                    "name": "Wolfgang Lehner"
                }
            ],
            "doi": "10.1007/978-3-319-99701-8_4",
            "intent": [
                "background"
            ],
            "isInfluential": false,
            "paperId": "6f965f44f181a7b84773526ae53196a7a1d5f131",
            "title": "Cell Classification for Layout Recognition in Spreadsheets",
            "url": "https://www.semanticscholar.org/paper/6f965f44f181a7b84773526ae53196a7a1d5f131",
            "venue": "IC3K",
            "year": 2016
        },
        {
            "arxivId": null,
            "authors": [
                {
                    "authorId": "144658360",
                    "name": "Justin Middleton"
                },
                {
                    "authorId": "1398156124",
                    "name": "E. Murphy-Hill"
                }
            ],
            "doi": "10.1109/VISSOFT.2016.27",
            "intent": [
                "methodology"
            ],
            "isInfluential": false,
            "paperId": "049fab5abab595a6e08b321f57ad703efe27659f",
            "title": "Perquimans: A Tool for Visualizing Patterns of Spreadsheet Function Combinations",
            "url": "https://www.semanticscholar.org/paper/049fab5abab595a6e08b321f57ad703efe27659f",
            "venue": "2016 IEEE Working Conference on Software Visualization (VISSOFT)",
            "year": 2016
        },
        {
            "arxivId": null,
            "authors": [
                {
                    "authorId": "2055652863",
                    "name": "Thomas Schmitz"
                },
                {
                    "authorId": "1705282",
                    "name": "D. Jannach"
                }
            ],
            "doi": "10.1109/VLHCC.2016.7739679",
            "intent": [
                "background",
                "methodology"
            ],
            "isInfluential": false,
            "paperId": "7bff7bb9252632596d69a3ed482e7706bc4061f2",
            "title": "Finding errors in the Enron spreadsheet corpus",
            "url": "https://www.semanticscholar.org/paper/7bff7bb9252632596d69a3ed482e7706bc4061f2",
            "venue": "2016 IEEE Symposium on Visual Languages and Human-Centric Computing (VL/HCC)",
            "year": 2016
        },
        {
            "arxivId": null,
            "authors": [
                {
                    "authorId": "2964640",
                    "name": "Wensheng Dou"
                },
                {
                    "authorId": "49287346",
                    "name": "Liang Xu"
                },
                {
                    "authorId": "143608708",
                    "name": "S. Cheung"
                },
                {
                    "authorId": "3060037",
                    "name": "Chushu Gao"
                },
                {
                    "authorId": "144525882",
                    "name": "Jun Wei"
                },
                {
                    "authorId": "145281930",
                    "name": "Tao Huang"
                }
            ],
            "doi": "10.1145/2889160.2889238",
            "intent": [
                "background"
            ],
            "isInfluential": false,
            "paperId": "0d9244b2ec37aeb3aef1659801d9f1d34f8aa919",
            "title": "VEnron: A Versioned Spreadsheet Corpus and Related Evolution Analysis",
            "url": "https://www.semanticscholar.org/paper/0d9244b2ec37aeb3aef1659801d9f1d34f8aa919",
            "venue": "2016 IEEE/ACM 38th International Conference on Software Engineering Companion (ICSE-C)",
            "year": 2016
        },
        {
            "arxivId": null,
            "authors": [
                {
                    "authorId": "1688711",
                    "name": "F. Hermans"
                },
                {
                    "authorId": "39753819",
                    "name": "Bas Jansen"
                },
                {
                    "authorId": "40290664",
                    "name": "Sohon Roy"
                },
                {
                    "authorId": "1689403",
                    "name": "Efthimia Aivaloglou"
                },
                {
                    "authorId": "3408286",
                    "name": "Alaaeddin Swidan"
                },
                {
                    "authorId": "1746726",
                    "name": "David Hoepelman"
                }
            ],
            "doi": "10.1109/SANER.2016.86",
            "intent": [
                "background"
            ],
            "isInfluential": false,
            "paperId": "4710cbb5d9737b19beff5fd23ee06094ea19636e",
            "title": "Spreadsheets are Code: An Overview of Software Engineering Approaches Applied to Spreadsheets",
            "url": "https://www.semanticscholar.org/paper/4710cbb5d9737b19beff5fd23ee06094ea19636e",
            "venue": "2016 IEEE 23rd International Conference on Software Analysis, Evolution, and Reengineering (SANER)",
            "year": 2016
        },
        {
            "arxivId": null,
            "authors": [
                {
                    "authorId": "2194230367",
                    "name": "Wanrong He"
                },
                {
                    "authorId": "2153721991",
                    "name": "Haoyu Dong"
                },
                {
                    "authorId": "2193687438",
                    "name": "Yihuai Gao"
                },
                {
                    "authorId": "2153925726",
                    "name": "Zhichao Fan"
                },
                {
                    "authorId": "2182517163",
                    "name": "Xingzhuo Guo"
                },
                {
                    "authorId": "2068251464",
                    "name": "Zhitao Hou"
                },
                {
                    "authorId": "2118236720",
                    "name": "Xiao Lv"
                },
                {
                    "authorId": "2053919577",
                    "name": "Ran Jia"
                },
                {
                    "authorId": "123443478",
                    "name": "Shi Han"
                },
                {
                    "authorId": "2140415600",
                    "name": "Dongmei Zhang"
                }
            ],
            "doi": "10.18653/v1/2023.acl-long.465",
            "intent": [
                "methodology",
                "background"
            ],
            "isInfluential": true,
            "paperId": "58b5fc0c29e56363457b717a47fcd15490decc71",
            "title": "HermEs: Interactive Spreadsheet Formula Prediction via Hierarchical Formulet Expansion",
            "url": "https://www.semanticscholar.org/paper/58b5fc0c29e56363457b717a47fcd15490decc71",
            "venue": "ACL",
            "year": 2023
        },
        {
            "arxivId": null,
            "authors": [
                {
                    "authorId": "2134941824",
                    "name": "Mukul Singh"
                },
                {
                    "authorId": "2180657769",
                    "name": "Jos\u00e9 Pablo Cambronero S\u00e1nchez"
                },
                {
                    "authorId": "2108314",
                    "name": "Sumit Gulwani"
                },
                {
                    "authorId": "143914877",
                    "name": "Vu Le"
                },
                {
                    "authorId": "2262217842",
                    "name": "Carina Negreanu"
                },
                {
                    "authorId": "35965224",
                    "name": "Mohammad Raza"
                },
                {
                    "authorId": "152668913",
                    "name": "Gust Verbruggen"
                }
            ],
            "doi": "10.48550/arXiv.2208.06032",
            "intent": [
                "methodology"
            ],
            "isInfluential": false,
            "paperId": "3e166237f07017b501c448187e32cad4b18ef39f",
            "title": "CORNET: A neurosymbolic approach to learning conditional table formatting rules by example",
            "url": "https://www.semanticscholar.org/paper/3e166237f07017b501c448187e32cad4b18ef39f",
            "venue": "ArXiv",
            "year": 2022
        },
        {
            "arxivId": null,
            "authors": [
                {
                    "authorId": "2142096836",
                    "name": "Frieder Uhlig"
                },
                {
                    "authorId": null,
                    "name": "Lukas Struppek"
                },
                {
                    "authorId": "2140396795",
                    "name": "Dominik Hintersdorf"
                },
                {
                    "authorId": "2066493115",
                    "name": "K. Kersting"
                }
            ],
            "doi": "10.48550/arXiv.2208.11367",
            "intent": [
                "methodology"
            ],
            "isInfluential": false,
            "paperId": "50673e22b9e6f421fafadcc6c9614380b96bf441",
            "title": "Transformer-Boosted Anomaly Detection with Fuzzy Hashes",
            "url": "https://www.semanticscholar.org/paper/50673e22b9e6f421fafadcc6c9614380b96bf441",
            "venue": "ArXiv",
            "year": 2022
        },
        {
            "arxivId": null,
            "authors": [
                {
                    "authorId": null,
                    "name": "Zhoujun Cheng"
                },
                {
                    "authorId": "2153721991",
                    "name": "Haoyu Dong"
                },
                {
                    "authorId": "2257297561",
                    "name": "Fan Cheng"
                },
                {
                    "authorId": "2053919577",
                    "name": "Ran Jia"
                },
                {
                    "authorId": "2212738563",
                    "name": "Pengfei Wu"
                },
                {
                    "authorId": "2109750123",
                    "name": "Shi Han"
                },
                {
                    "authorId": "2140415600",
                    "name": "Dongmei Zhang"
                }
            ],
            "doi": null,
            "intent": [
                "background"
            ],
            "isInfluential": false,
            "paperId": "784a757f5ededb6907945cdc90c933e95bdbb7f6",
            "title": "FORTAP: Using Formulae for Numerical-Reasoning-Aware Table Pretraining",
            "url": "https://www.semanticscholar.org/paper/784a757f5ededb6907945cdc90c933e95bdbb7f6",
            "venue": "ArXiv",
            "year": 2021
        },
        {
            "arxivId": null,
            "authors": [
                {
                    "authorId": "80599770",
                    "name": "Julius Gonsior"
                },
                {
                    "authorId": "1491425973",
                    "name": "Josephine Rehak"
                },
                {
                    "authorId": "2405035",
                    "name": "Maik Thiele"
                },
                {
                    "authorId": "1757263",
                    "name": "Elvis Koci"
                },
                {
                    "authorId": "143655513",
                    "name": "Michael G\u00fcnther"
                },
                {
                    "authorId": "7337091",
                    "name": "Wolfgang Lehner"
                }
            ],
            "doi": null,
            "intent": [
                "methodology"
            ],
            "isInfluential": false,
            "paperId": "391041eb316643609bc6af56dea3ae602b26f9d0",
            "title": "Active Learning for Spreadsheet Cell Classification",
            "url": "https://www.semanticscholar.org/paper/391041eb316643609bc6af56dea3ae602b26f9d0",
            "venue": "EDBT/ICDT Workshops",
            "year": 2020
        },
        {
            "arxivId": null,
            "authors": [
                {
                    "authorId": "2628408",
                    "name": "Daniel W. Barowy"
                }
            ],
            "doi": null,
            "intent": [
                "methodology"
            ],
            "isInfluential": false,
            "paperId": "0d6be238e062c96c31fad76f3253246e930dd41a",
            "title": "Spreadsheet Tools for Data Analysts",
            "url": "https://www.semanticscholar.org/paper/0d6be238e062c96c31fad76f3253246e930dd41a",
            "venue": "",
            "year": 2017
        },
        {
            "arxivId": null,
            "authors": [
                {
                    "authorId": "3408286",
                    "name": "Alaaeddin Swidan"
                },
                {
                    "authorId": "1688711",
                    "name": "F. Hermans"
                }
            ],
            "doi": null,
            "intent": [
                "methodology"
            ],
            "isInfluential": false,
            "paperId": "8c4e57869fda075f06400172a4e1ca0de7f52e12",
            "title": "Which Smell-based Metrics A\ufb00ect Spreadsheet Performance? An Analysis of Four Datasets",
            "url": "https://www.semanticscholar.org/paper/8c4e57869fda075f06400172a4e1ca0de7f52e12",
            "venue": "",
            "year": 2017
        }
    ],
    "corpusId": 470351,
    "doi": "10.1109/MSR.2015.70",
    "fieldsOfStudy": [
        "Computer Science"
    ],
    "influentialCitationCount": 6,
    "isOpenAccess": false,
    "isPublisherLicensed": true,
    "is_open_access": false,
    "is_publisher_licensed": true,
    "numCitedBy": 44,
    "numCiting": 12,
    "paperId": "b60b5b57ef57b0b49a54c4f3471cf04929ad887d",
    "references": [
        {
            "arxivId": null,
            "authors": [
                {
                    "authorId": "1688711",
                    "name": "F. Hermans"
                },
                {
                    "authorId": "1398156124",
                    "name": "E. Murphy-Hill"
                }
            ],
            "doi": "10.1109/ICSE.2015.129",
            "intent": [
                "methodology"
            ],
            "isInfluential": true,
            "paperId": "7165f695943c203be31ab69a3d75a8b9b813c5c5",
            "title": "Enron's Spreadsheets and Related Emails: A Dataset and Analysis",
            "url": "https://www.semanticscholar.org/paper/7165f695943c203be31ab69a3d75a8b9b813c5c5",
            "venue": "2015 IEEE/ACM 37th IEEE International Conference on Software Engineering",
            "year": 2014
        },
        {
            "arxivId": null,
            "authors": [
                {
                    "authorId": "2117036982",
                    "name": "Zhe Chen"
                },
                {
                    "authorId": "1725561",
                    "name": "Michael J. Cafarella"
                }
            ],
            "doi": "10.1145/2509908.2509909",
            "intent": [
                "methodology"
            ],
            "isInfluential": true,
            "paperId": "96693c88cdcf0b721e4eff7f4f426bc90f90d601",
            "title": "Automatic web spreadsheet data extraction",
            "url": "https://www.semanticscholar.org/paper/96693c88cdcf0b721e4eff7f4f426bc90f90d601",
            "venue": "SS@ '13",
            "year": 2013
        },
        {
            "arxivId": null,
            "authors": [
                {
                    "authorId": "2529942",
                    "name": "Sandro Badame"
                },
                {
                    "authorId": "1687704",
                    "name": "Danny Dig"
                }
            ],
            "doi": "10.1109/ICSM.2012.6405299",
            "intent": [
                "methodology"
            ],
            "isInfluential": false,
            "paperId": "e2528da751ca1f0779629f0e36a4583af1716b19",
            "title": "Refactoring meets spreadsheet formulas",
            "url": "https://www.semanticscholar.org/paper/e2528da751ca1f0779629f0e36a4583af1716b19",
            "venue": "2012 28th IEEE International Conference on Software Maintenance (ICSM)",
            "year": 2012
        },
        {
            "arxivId": null,
            "authors": [
                {
                    "authorId": "1688711",
                    "name": "F. Hermans"
                },
                {
                    "authorId": "1775709",
                    "name": "M. Pinzger"
                },
                {
                    "authorId": "1737202",
                    "name": "A. Deursen"
                }
            ],
            "doi": "10.1109/ICSM.2012.6405300",
            "intent": [
                "methodology"
            ],
            "isInfluential": false,
            "paperId": "7d1c83da600dad739f1d891d2f5bd9c89e25476c",
            "title": "Detecting code smells in spreadsheet formulas",
            "url": "https://www.semanticscholar.org/paper/7d1c83da600dad739f1d891d2f5bd9c89e25476c",
            "venue": "2012 28th IEEE International Conference on Software Maintenance (ICSM)",
            "year": 2011
        },
        {
            "arxivId": null,
            "authors": [
                {
                    "authorId": "1737204",
                    "name": "M. Burnett"
                }
            ],
            "doi": "10.1007/978-3-642-00427-8_2",
            "intent": [],
            "isInfluential": false,
            "paperId": "a7bc9f37bb19f571d9808033790103afdccb556e",
            "title": "What Is End-User Software Engineering and Why Does It Matter?",
            "url": "https://www.semanticscholar.org/paper/a7bc9f37bb19f571d9808033790103afdccb556e",
            "venue": "IS-EUD",
            "year": 2009
        },
        {
            "arxivId": null,
            "authors": [
                {
                    "authorId": "2143850",
                    "name": "S. Powell"
                },
                {
                    "authorId": "1818099",
                    "name": "K. R. Baker"
                },
                {
                    "authorId": "2053916535",
                    "name": "Barry Lawson"
                }
            ],
            "doi": "10.1016/j.dss.2008.06.001",
            "intent": [
                "methodology"
            ],
            "isInfluential": false,
            "paperId": "7151ca0e073fe5d4aa39fc010284f95d0d7178c0",
            "title": "A critical review of the literature on spreadsheet errors",
            "url": "https://www.semanticscholar.org/paper/7151ca0e073fe5d4aa39fc010284f95d0d7178c0",
            "venue": "Decis. Support Syst.",
            "year": 2008
        },
        {
            "arxivId": null,
            "authors": [
                {
                    "authorId": "1730462",
                    "name": "Christopher Scaffidi"
                },
                {
                    "authorId": "143921383",
                    "name": "M. Shaw"
                },
                {
                    "authorId": "1707801",
                    "name": "B. Myers"
                }
            ],
            "doi": "10.1109/VLHCC.2005.34",
            "intent": [
                "background"
            ],
            "isInfluential": false,
            "paperId": "4367371ad5f701af6b079e49da3d27776872bf6f",
            "title": "Estimating the numbers of end users and end user programmers",
            "url": "https://www.semanticscholar.org/paper/4367371ad5f701af6b079e49da3d27776872bf6f",
            "venue": "2005 IEEE Symposium on Visual Languages and Human-Centric Computing (VL/HCC'05)",
            "year": 2005
        },
        {
            "arxivId": null,
            "authors": [
                {
                    "authorId": "50589755",
                    "name": "M. Fisher"
                },
                {
                    "authorId": "1722304",
                    "name": "G. Rothermel"
                }
            ],
            "doi": "10.1145/1083231.1083242",
            "intent": [],
            "isInfluential": false,
            "paperId": "a766fb24a7d5f647b05a6077428d372292e6f25d",
            "title": "The EUSES spreadsheet corpus: a shared resource for supporting experimentation with spreadsheet dependability mechanisms",
            "url": "https://www.semanticscholar.org/paper/a766fb24a7d5f647b05a6077428d372292e6f25d",
            "venue": "ACM SIGSOFT Softw. Eng. Notes",
            "year": 2005
        },
        {
            "arxivId": null,
            "authors": [
                {
                    "authorId": "1784157",
                    "name": "A. Blackwell"
                }
            ],
            "doi": "10.1109/HCC.2002.1046334",
            "intent": [
                "background"
            ],
            "isInfluential": false,
            "paperId": "448c454d10dccdda8b3a2457be2b2b4665819376",
            "title": "First steps in programming: a rationale for attention investment models",
            "url": "https://www.semanticscholar.org/paper/448c454d10dccdda8b3a2457be2b2b4665819376",
            "venue": "Proceedings IEEE 2002 Symposia on Human Centric Computing Languages and Environments",
            "year": 2002
        },
        {
            "arxivId": null,
            "authors": [
                {
                    "authorId": "1694741",
                    "name": "B. Nardi"
                },
                {
                    "authorId": "2220213454",
                    "name": "James R. Miller"
                }
            ],
            "doi": null,
            "intent": [
                "background"
            ],
            "isInfluential": false,
            "paperId": "1c464df5366d06960b0658e2e14ba55f761b3320",
            "title": "The spreadsheet interface: A basis for end user programming",
            "url": "https://www.semanticscholar.org/paper/1c464df5366d06960b0658e2e14ba55f761b3320",
            "venue": "INTERACT",
            "year": 1990
        },
        {
            "arxivId": null,
            "authors": [],
            "doi": null,
            "intent": [],
            "isInfluential": false,
            "paperId": "",
            "title": "How Trello is different",
            "url": "",
            "venue": "How Trello is different",
            "year": 2012
        },
        {
            "arxivId": null,
            "authors": [
                {
                    "authorId": "2257277697",
                    "name": "KO ANDREWJ."
                },
                {
                    "authorId": "2264137807",
                    "name": "Robin Abraham"
                },
                {
                    "authorId": "2243474581",
                    "name": "Margaret M. Burnett"
                },
                {
                    "authorId": "1796494",
                    "name": "Martin Erwig"
                },
                {
                    "authorId": "1790256",
                    "name": "Joseph Lawrance"
                },
                {
                    "authorId": "2243450219",
                    "name": "Gregg Rothermel"
                }
            ],
            "doi": null,
            "intent": [
                "background"
            ],
            "isInfluential": false,
            "paperId": "9cb85d24f7819281b286347e083c7fcf8fd2fdcb",
            "title": "The State of the Art in End-User Software Engineering",
            "url": "https://www.semanticscholar.org/paper/9cb85d24f7819281b286347e083c7fcf8fd2fdcb",
            "venue": "",
            "year": 2008
        }
    ],
    "s2FieldsOfStudy": [
        {
            "category": "Computer Science",
            "source": "external"
        },
        {
            "category": "Computer Science",
            "source": "s2-fos-model"
        }
    ],
    "title": "Fuse: A Reproducible, Extendable, Internet-Scale Corpus of Spreadsheets",
    "topics": [
        {
            "topic": "Spreadsheet",
            "topicId": "81369",
            "url": "https://www.semanticscholar.org/topic/81369"
        },
        {
            "topic": "Text corpus",
            "topicId": "14829",
            "url": "https://www.semanticscholar.org/topic/14829"
        },
        {
            "topic": "Extensibility",
            "topicId": "6036",
            "url": "https://www.semanticscholar.org/topic/6036"
        },
        {
            "topic": "Software engineering",
            "topicId": "7832",
            "url": "https://www.semanticscholar.org/topic/7832"
        },
        {
            "topic": "End-user development",
            "topicId": "170808",
            "url": "https://www.semanticscholar.org/topic/170808"
        },
        {
            "topic": "Programming tool",
            "topicId": "5816",
            "url": "https://www.semanticscholar.org/topic/5816"
        },
        {
            "topic": "Computation",
            "topicId": "339",
            "url": "https://www.semanticscholar.org/topic/339"
        },
        {
            "topic": "Archive",
            "topicId": "2451",
            "url": "https://www.semanticscholar.org/topic/2451"
        },
        {
            "topic": "Server (computing)",
            "topicId": "6042",
            "url": "https://www.semanticscholar.org/topic/6042"
        },
        {
            "topic": "Hypertext Transfer Protocol",
            "topicId": "28225",
            "url": "https://www.semanticscholar.org/topic/28225"
        },
        {
            "topic": "Web archiving",
            "topicId": "71292",
            "url": "https://www.semanticscholar.org/topic/71292"
        }
    ],
    "url": "https://www.semanticscholar.org/paper/b60b5b57ef57b0b49a54c4f3471cf04929ad887d",
    "venue": "2015 IEEE/ACM 12th Working Conference on Mining Software Repositories",
    "year": 2015
}