{
    "abstract": "More than ever, developers are participating in public chat communities to ask and answer software development questions. With over ten million daily active users, Slack is one of the most popular chat platforms, hosting many active channels focused on software development technologies, e.g., python, react. Prior studies have shown that public Slack chat transcripts contain valuable information, which could provide support for improving automatic software maintenance tools or help researchers understand developer struggles or concerns. In this paper, we present a dataset of software-related Q&A chat conversations, curated for two years from three open Slack communities (python, clojure, elm). Our dataset consists of 38,955 conversations, 437,893 utterances, contributed by 12,171 users. We also share the code for a customized machine-learning based algorithm that automatically extracts (or disentangles) conversations from the downloaded chat transcripts.",
    "arxivId": null,
    "authors": [
        {
            "authorId": "9728244",
            "name": "Preetha Chatterjee",
            "url": "https://www.semanticscholar.org/author/9728244"
        },
        {
            "authorId": "1703177",
            "name": "Kostadin Damevski",
            "url": "https://www.semanticscholar.org/author/1703177"
        },
        {
            "authorId": "1679523",
            "name": "Nicholas A. Kraft",
            "url": "https://www.semanticscholar.org/author/1679523"
        },
        {
            "authorId": "1699934",
            "name": "L. Pollock",
            "url": "https://www.semanticscholar.org/author/1699934"
        }
    ],
    "citationVelocity": 6,
    "citations": [
        {
            "arxivId": null,
            "authors": [
                {
                    "authorId": "98503572",
                    "name": "J. Yankah"
                },
                {
                    "authorId": "22412204",
                    "name": "K. O. Adjei"
                },
                {
                    "authorId": "2274979664",
                    "name": "S. O. Bonney"
                },
                {
                    "authorId": "2274974167",
                    "name": "S. Kotey"
                },
                {
                    "authorId": "2274979447",
                    "name": "C. K. Tieru"
                }
            ],
            "doi": "10.26437/ajar.v9i2.580",
            "intent": [
                "background"
            ],
            "isInfluential": false,
            "paperId": "4f3b98cbf7fc77b2b9503a513de727f559e59a7b",
            "title": "Appraisal of Mobile Apps for Communication and Collaboration among Construction Project Teams",
            "url": "https://www.semanticscholar.org/paper/4f3b98cbf7fc77b2b9503a513de727f559e59a7b",
            "venue": "AFRICAN JOURNAL OF APPLIED RESEARCH",
            "year": 2023
        },
        {
            "arxivId": null,
            "authors": [
                {
                    "authorId": "2273956338",
                    "name": "Esteban Parra"
                }
            ],
            "doi": "10.1109/ICSME58846.2023.00078",
            "intent": [
                "background"
            ],
            "isInfluential": false,
            "paperId": "891f2ed257821b9368c023ef2ac22b38745e126c",
            "title": "Developers and Modern Communication Mediums",
            "url": "https://www.semanticscholar.org/paper/891f2ed257821b9368c023ef2ac22b38745e126c",
            "venue": "2023 IEEE International Conference on Software Maintenance and Evolution (ICSME)",
            "year": 2023
        },
        {
            "arxivId": null,
            "authors": [
                {
                    "authorId": "2106197176",
                    "name": "Sharon A. Ferguson"
                },
                {
                    "authorId": "66739714",
                    "name": "A. Olechowski"
                }
            ],
            "doi": "10.1145/3610173",
            "intent": [
                "background"
            ],
            "isInfluential": false,
            "paperId": "c31c3f5307c1c1ec4306565ba3377166a0631e62",
            "title": "Are We Equal Online?: An Investigation of Gendered Language Patterns and Message Engagement on Enterprise Communication Platforms",
            "url": "https://www.semanticscholar.org/paper/c31c3f5307c1c1ec4306565ba3377166a0631e62",
            "venue": "Proc. ACM Hum. Comput. Interact.",
            "year": 2023
        },
        {
            "arxivId": null,
            "authors": [
                {
                    "authorId": "46923056",
                    "name": "Thiago Freitas dos Santos"
                },
                {
                    "authorId": "1707051",
                    "name": "Stephen Cranefield"
                },
                {
                    "authorId": "1736420",
                    "name": "B. Savarimuthu"
                },
                {
                    "authorId": "35336275",
                    "name": "N. Osman"
                },
                {
                    "authorId": "3133609",
                    "name": "Marco Schorlemmer"
                }
            ],
            "doi": "10.24963/ijcai.2023/13",
            "intent": [],
            "isInfluential": false,
            "paperId": "200768d6a6c2cb167ed30532bdb51b23305f0c8b",
            "title": "Cross-community Adapter Learning (CAL) to Understand the Evolving Meanings of Norm Violation",
            "url": "https://www.semanticscholar.org/paper/200768d6a6c2cb167ed30532bdb51b23305f0c8b",
            "venue": "IJCAI",
            "year": 2023
        },
        {
            "arxivId": null,
            "authors": [
                {
                    "authorId": "2093184672",
                    "name": "Guodong Fan"
                },
                {
                    "authorId": "2110750613",
                    "name": "Shizhan Chen"
                },
                {
                    "authorId": "2120430652",
                    "name": "Hongyue Wu"
                },
                {
                    "authorId": "2337550",
                    "name": "Cuiyun Gao"
                },
                {
                    "authorId": "27058920",
                    "name": "Jianmao Xiao"
                },
                {
                    "authorId": "144664442",
                    "name": "Xiao Xue"
                },
                {
                    "authorId": "2113907598",
                    "name": "Zhiyong Feng"
                }
            ],
            "doi": "10.1016/j.jss.2023.111763",
            "intent": [],
            "isInfluential": false,
            "paperId": "2f21d897cb1e808c609d7a0e6a136cce23e9050d",
            "title": "Dialog summarization for software collaborative platform via tuning pre-trained models",
            "url": "https://www.semanticscholar.org/paper/2f21d897cb1e808c609d7a0e6a136cce23e9050d",
            "venue": "J. Syst. Softw.",
            "year": 2023
        },
        {
            "arxivId": null,
            "authors": [
                {
                    "authorId": "2071967484",
                    "name": "E. Riggio"
                },
                {
                    "authorId": "2248487",
                    "name": "Marco Raglianti"
                },
                {
                    "authorId": "144216050",
                    "name": "Michele Lanza"
                }
            ],
            "doi": "10.1109/ICPC58990.2023.00018",
            "intent": [],
            "isInfluential": false,
            "paperId": "0930105c63685cb3a13d877aa8a146682f84de53",
            "title": "Conversation Disentanglement As-a-Service",
            "url": "https://www.semanticscholar.org/paper/0930105c63685cb3a13d877aa8a146682f84de53",
            "venue": "2023 IEEE/ACM 31st International Conference on Program Comprehension (ICPC)",
            "year": 2023
        },
        {
            "arxivId": null,
            "authors": [
                {
                    "authorId": "2187856997",
                    "name": "Ismail Sabei"
                },
                {
                    "authorId": "143832672",
                    "name": "Ahmed Mourad"
                },
                {
                    "authorId": "1692855",
                    "name": "G. Zuccon"
                }
            ],
            "doi": "10.1145/3511808.3557692",
            "intent": [
                "background"
            ],
            "isInfluential": false,
            "paperId": "1338a19f0cf5a02a817c545affe3b89e669b8f7d",
            "title": "SCC - A Test Collection for Search in Chat Conversations",
            "url": "https://www.semanticscholar.org/paper/1338a19f0cf5a02a817c545affe3b89e669b8f7d",
            "venue": "CIKM",
            "year": 2022
        },
        {
            "arxivId": "2209.04511",
            "authors": [
                {
                    "authorId": "2056767397",
                    "name": "Samuel W. Flint"
                },
                {
                    "authorId": "2056766928",
                    "name": "Jigyasa Chauhan"
                },
                {
                    "authorId": "2256709693",
                    "name": "Robert Dyer"
                }
            ],
            "doi": "10.1007/s10664-022-10200-y",
            "intent": [],
            "isInfluential": false,
            "paperId": "d1988265d634962b4682dc2b1ff8200cbf0eb9eb",
            "title": "Pitfalls and guidelines for using time-based Git data",
            "url": "https://www.semanticscholar.org/paper/d1988265d634962b4682dc2b1ff8200cbf0eb9eb",
            "venue": "Empirical Software Engineering",
            "year": 2022
        },
        {
            "arxivId": null,
            "authors": [
                {
                    "authorId": "2008228247",
                    "name": "Camila Mariane Costa Silva"
                },
                {
                    "authorId": "1751457",
                    "name": "M. Galster"
                },
                {
                    "authorId": "1699235",
                    "name": "Fabian Gilson"
                }
            ],
            "doi": "10.1016/j.jss.2022.111397",
            "intent": [],
            "isInfluential": false,
            "paperId": "9782963ff0457fadd12b6db841864587afb836dd",
            "title": "A qualitative analysis of themes in instant messaging communication of software developers",
            "url": "https://www.semanticscholar.org/paper/9782963ff0457fadd12b6db841864587afb836dd",
            "venue": "J. Syst. Softw.",
            "year": 2022
        },
        {
            "arxivId": null,
            "authors": [
                {
                    "authorId": "2172214457",
                    "name": "Keerthana Muthu Subash"
                },
                {
                    "authorId": "2052125282",
                    "name": "L. P. Kumar"
                },
                {
                    "authorId": "2555008",
                    "name": "Srinivas Vadlamani"
                },
                {
                    "authorId": "9728244",
                    "name": "Preetha Chatterjee"
                },
                {
                    "authorId": "25701557",
                    "name": "Olga Baysal"
                }
            ],
            "doi": "10.1145/3524842.3528018",
            "intent": [
                "methodology",
                "background"
            ],
            "isInfluential": true,
            "paperId": "10aad7fdd11997f6c78934ca76771ba46867fcf8",
            "title": "DISCO: A Dataset of Discord Chat Conversations for Software Engineering Research",
            "url": "https://www.semanticscholar.org/paper/10aad7fdd11997f6c78934ca76771ba46867fcf8",
            "venue": "2022 IEEE/ACM 19th International Conference on Mining Software Repositories (MSR)",
            "year": 2022
        },
        {
            "arxivId": null,
            "authors": [
                {
                    "authorId": "2248487",
                    "name": "Marco Raglianti"
                },
                {
                    "authorId": "144116331",
                    "name": "Csaba Nagy"
                },
                {
                    "authorId": "2623644",
                    "name": "Roberto Minelli"
                },
                {
                    "authorId": "144216050",
                    "name": "Michele Lanza"
                }
            ],
            "doi": "10.1145/3524610.3528388",
            "intent": [
                "background"
            ],
            "isInfluential": false,
            "paperId": "d2140f7cbc7f66380e3fe20236fae7a149c8b0ce",
            "title": "Using Discord Conversations as Program Comprehension Aid",
            "url": "https://www.semanticscholar.org/paper/d2140f7cbc7f66380e3fe20236fae7a149c8b0ce",
            "venue": "2022 IEEE/ACM 30th International Conference on Program Comprehension (ICPC)",
            "year": 2022
        },
        {
            "arxivId": "2204.09368",
            "authors": [
                {
                    "authorId": "2152999042",
                    "name": "Lin Shi"
                },
                {
                    "authorId": "1994579604",
                    "name": "Fangwen Mu"
                },
                {
                    "authorId": "2142962639",
                    "name": "Yumin Zhang"
                },
                {
                    "authorId": "49307665",
                    "name": "Ye Yang"
                },
                {
                    "authorId": "123878420",
                    "name": "Junjie Chen"
                },
                {
                    "authorId": "2119244568",
                    "name": "Xiao Chen"
                },
                {
                    "authorId": "2152631859",
                    "name": "Hanzhi Jiang"
                },
                {
                    "authorId": "2108879204",
                    "name": "Ziyou Jiang"
                },
                {
                    "authorId": "2157214565",
                    "name": "Qing Wang"
                }
            ],
            "doi": "10.1145/3510003.3510108",
            "intent": [
                "background"
            ],
            "isInfluential": false,
            "paperId": "0f8fa20863ea1ebbc23a48aba666fa424838270c",
            "title": "BugListener: Identifying and Synthesizing Bug Reports from Collaborative Live Chats",
            "url": "https://www.semanticscholar.org/paper/0f8fa20863ea1ebbc23a48aba666fa424838270c",
            "venue": "2022 IEEE/ACM 44th International Conference on Software Engineering (ICSE)",
            "year": 2022
        },
        {
            "arxivId": "2204.00603",
            "authors": [
                {
                    "authorId": "2154777922",
                    "name": "Melanie Warrick"
                },
                {
                    "authorId": "84101078",
                    "name": "Samuel F. Rosenblatt"
                },
                {
                    "authorId": "2232853",
                    "name": "Jean-Gabriel Young"
                },
                {
                    "authorId": "1413053668",
                    "name": "Amanda Casari"
                },
                {
                    "authorId": "2023694909",
                    "name": "Laurent H'ebert-Dufresne"
                },
                {
                    "authorId": "46370057",
                    "name": "J. Bagrow"
                }
            ],
            "doi": "10.1145/3524842.3528479",
            "intent": [
                "background"
            ],
            "isInfluential": false,
            "paperId": "fe8758048232d038e206eb15b6bfad0f8eca988b",
            "title": "The OCEAN mailing list data set: Network analysis spanning mailing lists and code repositories",
            "url": "https://www.semanticscholar.org/paper/fe8758048232d038e206eb15b6bfad0f8eca988b",
            "venue": "2022 IEEE/ACM 19th International Conference on Mining Software Repositories (MSR)",
            "year": 2022
        },
        {
            "arxivId": null,
            "authors": [
                {
                    "authorId": "143855593",
                    "name": "Esteban Parra"
                },
                {
                    "authorId": "50880538",
                    "name": "Mohammad D. Alahmadi"
                },
                {
                    "authorId": "153263280",
                    "name": "A. Ellis"
                },
                {
                    "authorId": "1762499",
                    "name": "S. Haiduc"
                }
            ],
            "doi": "10.1007/s10664-021-10095-1",
            "intent": [
                "methodology",
                "background"
            ],
            "isInfluential": false,
            "paperId": "64218fceee7989710aef153c94ecb9a542438018",
            "title": "A comparative study and analysis of developer communications on Slack and Gitter\ufeff",
            "url": "https://www.semanticscholar.org/paper/64218fceee7989710aef153c94ecb9a542438018",
            "venue": "Empirical Software Engineering",
            "year": 2022
        },
        {
            "arxivId": null,
            "authors": [
                {
                    "authorId": "1907618",
                    "name": "Shengyi Pan"
                },
                {
                    "authorId": "2551250",
                    "name": "Lingfeng Bao"
                },
                {
                    "authorId": "1977416789",
                    "name": "Xiaoxue Ren"
                },
                {
                    "authorId": "144558659",
                    "name": "Xin Xia"
                },
                {
                    "authorId": "143960552",
                    "name": "David Lo"
                },
                {
                    "authorId": "1773299",
                    "name": "Shanping Li"
                }
            ],
            "doi": "10.1109/ASE51524.2021.9678923",
            "intent": [
                "methodology",
                "background"
            ],
            "isInfluential": true,
            "paperId": "70e69dc7c5fd3cba3691170c3cfa0e1964c9575c",
            "title": "Automating Developer Chat Mining",
            "url": "https://www.semanticscholar.org/paper/70e69dc7c5fd3cba3691170c3cfa0e1964c9575c",
            "venue": "2021 36th IEEE/ACM International Conference on Automated Software Engineering (ASE)",
            "year": 2021
        },
        {
            "arxivId": "2109.07055",
            "authors": [
                {
                    "authorId": "2152999042",
                    "name": "Lin Shi"
                },
                {
                    "authorId": "2108879204",
                    "name": "Ziyou Jiang"
                },
                {
                    "authorId": "49307665",
                    "name": "Ye Yang"
                },
                {
                    "authorId": "2119244568",
                    "name": "Xiao Chen"
                },
                {
                    "authorId": "2142962639",
                    "name": "Yumin Zhang"
                },
                {
                    "authorId": "1994579604",
                    "name": "Fangwen Mu"
                },
                {
                    "authorId": "2152631859",
                    "name": "Hanzhi Jiang"
                },
                {
                    "authorId": "40326638",
                    "name": "Qing Wang"
                }
            ],
            "doi": "10.1109/ASE51524.2021.9678894",
            "intent": [
                "background"
            ],
            "isInfluential": false,
            "paperId": "9ba615bb905f07d3b776c136ff6e8fae7dffb9b8",
            "title": "ISPY: Automatic Issue-Solution Pair Extraction from Community Live Chats",
            "url": "https://www.semanticscholar.org/paper/9ba615bb905f07d3b776c136ff6e8fae7dffb9b8",
            "venue": "2021 36th IEEE/ACM International Conference on Automated Software Engineering (ASE)",
            "year": 2021
        },
        {
            "arxivId": null,
            "authors": [
                {
                    "authorId": "34602066",
                    "name": "Mariam El Mezouar"
                },
                {
                    "authorId": "152197227",
                    "name": "Daniel Alencar da Costa"
                },
                {
                    "authorId": "2131161",
                    "name": "D. Germ\u00e1n"
                },
                {
                    "authorId": "145930277",
                    "name": "Ying Zou"
                }
            ],
            "doi": "10.1109/TSE.2021.3109617",
            "intent": [
                "methodology"
            ],
            "isInfluential": false,
            "paperId": "76875696cfcf430a79a0d2adcd1756f5b6c42938",
            "title": "Exploring the Use of Chatrooms by Developers: An Empirical Study on Slack and Gitter",
            "url": "https://www.semanticscholar.org/paper/76875696cfcf430a79a0d2adcd1756f5b6c42938",
            "venue": "IEEE Transactions on Software Engineering",
            "year": 2021
        },
        {
            "arxivId": "2107.05823",
            "authors": [
                {
                    "authorId": "2152999042",
                    "name": "Lin Shi"
                },
                {
                    "authorId": "2119244568",
                    "name": "Xiao Chen"
                },
                {
                    "authorId": "49307665",
                    "name": "Ye Yang"
                },
                {
                    "authorId": "2152631859",
                    "name": "Hanzhi Jiang"
                },
                {
                    "authorId": "2108879204",
                    "name": "Ziyou Jiang"
                },
                {
                    "authorId": "2793310",
                    "name": "Nan Niu"
                },
                {
                    "authorId": "40326638",
                    "name": "Qing Wang"
                }
            ],
            "doi": "10.1145/3468264.3468562",
            "intent": [
                "methodology",
                "background"
            ],
            "isInfluential": false,
            "paperId": "de2544e66a99b49da65f7ecb0f63d6ea817d3083",
            "title": "A first look at developers\u2019 live chat on Gitter",
            "url": "https://www.semanticscholar.org/paper/de2544e66a99b49da65f7ecb0f63d6ea817d3083",
            "venue": "ESEC/SIGSOFT FSE",
            "year": 2021
        },
        {
            "arxivId": null,
            "authors": [
                {
                    "authorId": "9728244",
                    "name": "Preetha Chatterjee"
                },
                {
                    "authorId": "1703177",
                    "name": "Kostadin Damevski"
                },
                {
                    "authorId": "1679523",
                    "name": "Nicholas A. Kraft"
                },
                {
                    "authorId": "1699934",
                    "name": "L. Pollock"
                }
            ],
            "doi": "10.1145/3450503",
            "intent": [
                "methodology",
                "background"
            ],
            "isInfluential": true,
            "paperId": "a49b6e64f114dad6fa5f94f30e57f53515862953",
            "title": "Automatically Identifying the Quality of Developer Chats for Post Hoc Use",
            "url": "https://www.semanticscholar.org/paper/a49b6e64f114dad6fa5f94f30e57f53515862953",
            "venue": "ACM Trans. Softw. Eng. Methodol.",
            "year": 2021
        },
        {
            "arxivId": "2106.02245",
            "authors": [
                {
                    "authorId": "1583778267",
                    "name": "Jithin Cheriyan"
                },
                {
                    "authorId": "1736420",
                    "name": "B. Savarimuthu"
                },
                {
                    "authorId": "1707051",
                    "name": "Stephen Cranefield"
                }
            ],
            "doi": "10.1145/3463274.3463805",
            "intent": [],
            "isInfluential": false,
            "paperId": "af1bd2bd9ded6a729a2ee89d6caac14d7ccd9cfd",
            "title": "Towards offensive language detection and reduction in four Software Engineering communities",
            "url": "https://www.semanticscholar.org/paper/af1bd2bd9ded6a729a2ee89d6caac14d7ccd9cfd",
            "venue": "EASE",
            "year": 2021
        },
        {
            "arxivId": "2105.06912",
            "authors": [
                {
                    "authorId": "120930931",
                    "name": "C. Wu"
                },
                {
                    "authorId": "3064807",
                    "name": "Andrea Madotto"
                },
                {
                    "authorId": "120639804",
                    "name": "Wenhao Liu"
                },
                {
                    "authorId": "40539650",
                    "name": "Pascale Fung"
                },
                {
                    "authorId": "2054594326",
                    "name": "Caiming Xiong"
                }
            ],
            "doi": "10.18653/v1/2022.acl-long.370",
            "intent": [
                "methodology"
            ],
            "isInfluential": true,
            "paperId": "8a3ef7e6aea5083cef6fe13d7642714031547d38",
            "title": "QAConv: Question Answering on Informative Conversations",
            "url": "https://www.semanticscholar.org/paper/8a3ef7e6aea5083cef6fe13d7642714031547d38",
            "venue": "ACL",
            "year": 2021
        },
        {
            "arxivId": null,
            "authors": [
                {
                    "authorId": "9728244",
                    "name": "Preetha Chatterjee"
                },
                {
                    "authorId": "1703177",
                    "name": "Kostadin Damevski"
                },
                {
                    "authorId": "1699934",
                    "name": "L. Pollock"
                }
            ],
            "doi": "10.1109/ICSE43902.2021.00115",
            "intent": [
                "methodology",
                "background"
            ],
            "isInfluential": true,
            "paperId": "569dbf8dc94a0cf9c113519897c671357b57656a",
            "title": "Automatic Extraction of Opinion-Based Q&A from Online Developer Chats",
            "url": "https://www.semanticscholar.org/paper/569dbf8dc94a0cf9c113519897c671357b57656a",
            "venue": "2021 IEEE/ACM 43rd International Conference on Software Engineering (ICSE)",
            "year": 2021
        },
        {
            "arxivId": "2102.01057",
            "authors": [
                {
                    "authorId": "2008215564",
                    "name": "Makayla Moster"
                },
                {
                    "authorId": "3131402",
                    "name": "Denae Ford"
                },
                {
                    "authorId": "2789750",
                    "name": "Paige Rodeghero"
                }
            ],
            "doi": "10.1109/ICSE-SEET52601.2021.00018",
            "intent": [],
            "isInfluential": false,
            "paperId": "bc37f622864e34018f8b9ffeb11c1dce73920106",
            "title": "\"Is My Mic On?\" Preparing SE Students for Collaborative Remote Work and Hybrid Team Communication",
            "url": "https://www.semanticscholar.org/paper/bc37f622864e34018f8b9ffeb11c1dce73920106",
            "venue": "2021 IEEE/ACM 43rd International Conference on Software Engineering: Software Engineering Education and Training (ICSE-SEET)",
            "year": 2021
        },
        {
            "arxivId": null,
            "authors": [
                {
                    "authorId": "2008292503",
                    "name": "Camila Mariane Costa Silva"
                }
            ],
            "doi": "10.1145/3368089.3418540",
            "intent": [
                "background"
            ],
            "isInfluential": false,
            "paperId": "38bd30883f1fa687f309be23e364487e40e95eba",
            "title": "Reusing software engineering knowledge from developer communication",
            "url": "https://www.semanticscholar.org/paper/38bd30883f1fa687f309be23e364487e40e95eba",
            "venue": "ESEC/SIGSOFT FSE",
            "year": 2020
        },
        {
            "arxivId": "1906.01756",
            "authors": [
                {
                    "authorId": "36743361",
                    "name": "Dakuo Wang"
                },
                {
                    "authorId": "2145339153",
                    "name": "Haoyu Wang"
                },
                {
                    "authorId": "2110318482",
                    "name": "Mo Yu"
                },
                {
                    "authorId": "2220428",
                    "name": "Zahra Ashktorab"
                },
                {
                    "authorId": "2118278769",
                    "name": "Ming Tan"
                }
            ],
            "doi": "10.1145/3512941",
            "intent": [],
            "isInfluential": false,
            "paperId": "97520353cf11a262a9fb0ed706b694f77744e09b",
            "title": "Group Chat Ecology in Enterprise Instant Messaging: How Employees Collaborate Through Multi-User Chat Channels on Slack",
            "url": "https://www.semanticscholar.org/paper/97520353cf11a262a9fb0ed706b694f77744e09b",
            "venue": "Proc. ACM Hum. Comput. Interact.",
            "year": 2019
        },
        {
            "arxivId": null,
            "authors": [
                {
                    "authorId": "2223962470",
                    "name": "Aditya Srivatsa"
                },
                {
                    "authorId": "2045067",
                    "name": "Manish Shrivastava"
                },
                {
                    "authorId": "1829635",
                    "name": "R. Mamidi"
                },
                {
                    "authorId": "2051500132",
                    "name": "I. S. Upadhyay"
                },
                {
                    "authorId": "2121363293",
                    "name": "Monil Gokani"
                },
                {
                    "authorId": "2101317204",
                    "name": "Prashant Kodali"
                }
            ],
            "doi": null,
            "intent": [
                "methodology"
            ],
            "isInfluential": false,
            "paperId": "2c2c132613cc3fd8a6eb619c0bf18fe03413ceeb",
            "title": "Improving Text Accessibility using Text Simplification and Conversation Disentanglement",
            "url": "https://www.semanticscholar.org/paper/2c2c132613cc3fd8a6eb619c0bf18fe03413ceeb",
            "venue": "",
            "year": 2023
        },
        {
            "arxivId": null,
            "authors": [],
            "doi": null,
            "intent": [
                "methodology"
            ],
            "isInfluential": false,
            "paperId": "7b7e094626ad292f318f24b5833c259cdc0c9959",
            "title": "The Linguistics of Programming",
            "url": "https://www.semanticscholar.org/paper/7b7e094626ad292f318f24b5833c259cdc0c9959",
            "venue": "",
            "year": null
        }
    ],
    "corpusId": 219963081,
    "doi": "10.1145/3379597.3387493",
    "fieldsOfStudy": [
        "Computer Science"
    ],
    "influentialCitationCount": 2,
    "isOpenAccess": false,
    "isPublisherLicensed": true,
    "is_open_access": false,
    "is_publisher_licensed": true,
    "numCitedBy": 27,
    "numCiting": 43,
    "paperId": "aed33f077178911736031028bc4e55e372e5380f",
    "references": [
        {
            "arxivId": null,
            "authors": [
                {
                    "authorId": "98444186",
                    "name": "David Mort"
                }
            ],
            "doi": "10.4324/9781003073840-1",
            "intent": [
                "background"
            ],
            "isInfluential": false,
            "paperId": "03d8feb79c9c5535131defb7158e6246b2ecf70e",
            "title": "The Statistics",
            "url": "https://www.semanticscholar.org/paper/03d8feb79c9c5535131defb7158e6246b2ecf70e",
            "venue": "Sources of Non-Official UK Statistics",
            "year": 2020
        },
        {
            "arxivId": null,
            "authors": [
                {
                    "authorId": "9728244",
                    "name": "Preetha Chatterjee"
                }
            ],
            "doi": "10.1145/3377812.3381391",
            "intent": [
                "methodology"
            ],
            "isInfluential": false,
            "paperId": "5c62c2a4b3c871411052c950872973cd7cc625ae",
            "title": "Extracting Archival-Quality Information from Software-Related Chats",
            "url": "https://www.semanticscholar.org/paper/5c62c2a4b3c871411052c950872973cd7cc625ae",
            "venue": "2020 IEEE/ACM 42nd International Conference on Software Engineering: Companion Proceedings (ICSE-Companion)",
            "year": 2020
        },
        {
            "arxivId": null,
            "authors": [
                {
                    "authorId": "9728244",
                    "name": "Preetha Chatterjee"
                },
                {
                    "authorId": "46935646",
                    "name": "Minji Kong"
                },
                {
                    "authorId": "1699934",
                    "name": "L. Pollock"
                }
            ],
            "doi": "10.1016/j.jss.2019.110454",
            "intent": [
                "methodology"
            ],
            "isInfluential": false,
            "paperId": "a1fda252a5ec5ee02e950bb4ab0871a4a0f85290",
            "title": "Finding help with programming errors: An exploratory study of novice software engineers' focus in stack overflow posts",
            "url": "https://www.semanticscholar.org/paper/a1fda252a5ec5ee02e950bb4ab0871a4a0f85290",
            "venue": "J. Syst. Softw.",
            "year": 2020
        },
        {
            "arxivId": null,
            "authors": [
                {
                    "authorId": "23159151",
                    "name": "V. Stray"
                },
                {
                    "authorId": "1705411",
                    "name": "N. B. Moe"
                },
                {
                    "authorId": "1811235696",
                    "name": "M. Noroozi"
                }
            ],
            "doi": "10.1109/ICGSE.2019.00031",
            "intent": [
                "background"
            ],
            "isInfluential": false,
            "paperId": "4d7e2751687ba239fdc8384f17d90128991d91ba",
            "title": "Slack Me If You Can! Using Enterprise Social Networking Tools in Virtual Agile Teams",
            "url": "https://www.semanticscholar.org/paper/4d7e2751687ba239fdc8384f17d90128991d91ba",
            "venue": "2019 ACM/IEEE 14th International Conference on Global Software Engineering (ICGSE)",
            "year": 2019
        },
        {
            "arxivId": null,
            "authors": [
                {
                    "authorId": "9728244",
                    "name": "Preetha Chatterjee"
                },
                {
                    "authorId": "1703177",
                    "name": "Kostadin Damevski"
                },
                {
                    "authorId": "1699934",
                    "name": "L. Pollock"
                },
                {
                    "authorId": "2648839",
                    "name": "Vinay Augustine"
                },
                {
                    "authorId": "1679523",
                    "name": "Nicholas A. Kraft"
                }
            ],
            "doi": "10.1109/MSR.2019.00075",
            "intent": [
                "methodology",
                "background"
            ],
            "isInfluential": true,
            "paperId": "c78fb820c84ba7195207a413c6401a27997e0750",
            "title": "Exploratory Study of Slack Q&A Chats as a Mining Source for Software Engineering Tools",
            "url": "https://www.semanticscholar.org/paper/c78fb820c84ba7195207a413c6401a27997e0750",
            "venue": "2019 IEEE/ACM 16th International Conference on Mining Software Repositories (MSR)",
            "year": 2019
        },
        {
            "arxivId": null,
            "authors": [
                {
                    "authorId": "1727211",
                    "name": "Jonathan K. Kummerfeld"
                },
                {
                    "authorId": "1905888",
                    "name": "S. R. Gouravajhala"
                },
                {
                    "authorId": "79548673",
                    "name": "Joseph Peper"
                },
                {
                    "authorId": "81176329",
                    "name": "V. Athreya"
                },
                {
                    "authorId": "144543562",
                    "name": "R. Chulaka Gunasekara"
                },
                {
                    "authorId": "2504586",
                    "name": "Jatin Ganhotra"
                },
                {
                    "authorId": "80836534",
                    "name": "S. Patel"
                },
                {
                    "authorId": "1725498",
                    "name": "L. Polymenakos"
                },
                {
                    "authorId": "2598433",
                    "name": "Walter S. Lasecki"
                }
            ],
            "doi": "10.18653/v1/P19-1374",
            "intent": [
                "methodology"
            ],
            "isInfluential": false,
            "paperId": "c59d36e79d573cc4a2440cb2a7154eada5c0ead2",
            "title": "A Large-Scale Corpus for Conversation Disentanglement",
            "url": "https://www.semanticscholar.org/paper/c59d36e79d573cc4a2440cb2a7154eada5c0ead2",
            "venue": "ACL",
            "year": 2018
        },
        {
            "arxivId": "1807.02255",
            "authors": [
                {
                    "authorId": "2210196781",
                    "name": "M. M. Rahman"
                },
                {
                    "authorId": "2215270",
                    "name": "S. Yeasmin"
                },
                {
                    "authorId": "1738612",
                    "name": "C. Roy"
                }
            ],
            "doi": "10.1109/CSMR-WCRE.2014.6747170",
            "intent": [
                "methodology",
                "background"
            ],
            "isInfluential": false,
            "paperId": "a6f1bb6ab494adb05fcf6a74af05ea048fbe5816",
            "title": "Towards a context-aware IDE-based meta search engine for recommendation about programming errors and exceptions",
            "url": "https://www.semanticscholar.org/paper/a6f1bb6ab494adb05fcf6a74af05ea048fbe5816",
            "venue": "2014 Software Evolution Week - IEEE Conference on Software Maintenance, Reengineering, and Reverse Engineering (CSMR-WCRE)",
            "year": 2018
        },
        {
            "arxivId": null,
            "authors": [
                {
                    "authorId": "3165179",
                    "name": "Jyun-Yu Jiang"
                },
                {
                    "authorId": "27375808",
                    "name": "Francine Chen"
                },
                {
                    "authorId": "35081710",
                    "name": "Yan-Ying Chen"
                },
                {
                    "authorId": "46315104",
                    "name": "Wei Wang"
                }
            ],
            "doi": "10.18653/v1/N18-1164",
            "intent": [
                "methodology"
            ],
            "isInfluential": false,
            "paperId": "ce336a1b429f7fc2eccc83f741904155be26ec8c",
            "title": "Learning to Disentangle Interleaved Conversational Threads with a Siamese Hierarchical Network and Similarity Ranking",
            "url": "https://www.semanticscholar.org/paper/ce336a1b429f7fc2eccc83f741904155be26ec8c",
            "venue": "NAACL",
            "year": 2018
        },
        {
            "arxivId": null,
            "authors": [
                {
                    "authorId": "2083096842",
                    "name": "Elahe Paikari"
                },
                {
                    "authorId": "1739859",
                    "name": "A. Hoek"
                }
            ],
            "doi": "10.1145/3195836.3195859",
            "intent": [],
            "isInfluential": false,
            "paperId": "929f0166ff1e5ab35a68f283477eba6c2631bf2a",
            "title": "A Framework for Understanding Chatbots and Their Future",
            "url": "https://www.semanticscholar.org/paper/929f0166ff1e5ab35a68f283477eba6c2631bf2a",
            "venue": "2018 IEEE/ACM 11th International Workshop on Cooperative and Human Aspects of Software Engineering (CHASE)",
            "year": 2018
        },
        {
            "arxivId": null,
            "authors": [
                {
                    "authorId": "144118599",
                    "name": "Rana Alkadhi"
                },
                {
                    "authorId": "40899276",
                    "name": "Manuel Nonnenmacher"
                },
                {
                    "authorId": "144540463",
                    "name": "Emitz\u00e1 Guzm\u00e1n"
                },
                {
                    "authorId": "1692839",
                    "name": "B. Br\u00fcgge"
                }
            ],
            "doi": "10.1109/SANER.2018.8330223",
            "intent": [
                "background"
            ],
            "isInfluential": false,
            "paperId": "ad4b3b9567fa0286da4ae44d9eae33f3d4708910",
            "title": "How do developers discuss rationale?",
            "url": "https://www.semanticscholar.org/paper/ad4b3b9567fa0286da4ae44d9eae33f3d4708910",
            "venue": "2018 IEEE 25th International Conference on Software Analysis, Evolution and Reengineering (SANER)",
            "year": 2018
        },
        {
            "arxivId": null,
            "authors": [
                {
                    "authorId": "32251567",
                    "name": "Shikib Mehri"
                },
                {
                    "authorId": "1825424",
                    "name": "G. Carenini"
                }
            ],
            "doi": null,
            "intent": [
                "methodology"
            ],
            "isInfluential": false,
            "paperId": "d532e607dbdc537f6c4708c8136a2472055af972",
            "title": "Chat Disentanglement: Identifying Semantic Reply Relationships with Random Forests and Recurrent Neural Networks",
            "url": "https://www.semanticscholar.org/paper/d532e607dbdc537f6c4708c8136a2472055af972",
            "venue": "IJCNLP",
            "year": 2017
        },
        {
            "arxivId": null,
            "authors": [
                {
                    "authorId": "46729152",
                    "name": "Chunyang Chen"
                },
                {
                    "authorId": "3138980",
                    "name": "Zhenchang Xing"
                },
                {
                    "authorId": "2217310402",
                    "name": "Ximing Wang"
                }
            ],
            "doi": "10.1109/ICSE.2017.48",
            "intent": [
                "methodology"
            ],
            "isInfluential": false,
            "paperId": "329947aa599c968941ffc17a3f0df9f632ab9a62",
            "title": "Unsupervised Software-Specific Morphological Forms Inference from Informal Discussions",
            "url": "https://www.semanticscholar.org/paper/329947aa599c968941ffc17a3f0df9f632ab9a62",
            "venue": "2017 IEEE/ACM 39th International Conference on Software Engineering (ICSE)",
            "year": 2017
        },
        {
            "arxivId": "1704.08500",
            "authors": [
                {
                    "authorId": "144118599",
                    "name": "Rana Alkadhi"
                },
                {
                    "authorId": "10802300",
                    "name": "Teodora Lata"
                },
                {
                    "authorId": "144540463",
                    "name": "Emitz\u00e1 Guzm\u00e1n"
                },
                {
                    "authorId": "1692839",
                    "name": "B. Br\u00fcgge"
                }
            ],
            "doi": "10.1109/MSR.2017.43",
            "intent": [
                "background"
            ],
            "isInfluential": false,
            "paperId": "d98156672710c1d479ecbe8bce0a54de3a6ac37e",
            "title": "Rationale in Development Chat Messages: An Exploratory Study",
            "url": "https://www.semanticscholar.org/paper/d98156672710c1d479ecbe8bce0a54de3a6ac37e",
            "venue": "2017 IEEE/ACM 14th International Conference on Mining Software Repositories (MSR)",
            "year": 2017
        },
        {
            "arxivId": "1702.07011",
            "authors": [
                {
                    "authorId": "30868275",
                    "name": "Carlene Lebeuf"
                },
                {
                    "authorId": "1734938",
                    "name": "M. Storey"
                },
                {
                    "authorId": "1945021",
                    "name": "A. Zagalsky"
                }
            ],
            "doi": null,
            "intent": [
                "background"
            ],
            "isInfluential": true,
            "paperId": "8eb1567b840dbfd1015574534276c068d2c3fe10",
            "title": "How Software Developers Mitigate Collaboration Friction with Chatbots",
            "url": "https://www.semanticscholar.org/paper/8eb1567b840dbfd1015574534276c068d2c3fe10",
            "venue": "ArXiv",
            "year": 2017
        },
        {
            "arxivId": null,
            "authors": [
                {
                    "authorId": "1734938",
                    "name": "M. Storey"
                },
                {
                    "authorId": "1945021",
                    "name": "A. Zagalsky"
                },
                {
                    "authorId": "5011359",
                    "name": "Fernando Marques Figueira Filho"
                },
                {
                    "authorId": "18264995",
                    "name": "Leif Singer"
                },
                {
                    "authorId": "2131161",
                    "name": "D. Germ\u00e1n"
                }
            ],
            "doi": "10.1109/TSE.2016.2584053",
            "intent": [
                "background"
            ],
            "isInfluential": false,
            "paperId": "fc9f2c9c8614d12812a9706a78517a0b8e435baf",
            "title": "How Social and Communication Channels Shape and Challenge a Participatory Culture in Software Development",
            "url": "https://www.semanticscholar.org/paper/fc9f2c9c8614d12812a9706a78517a0b8e435baf",
            "venue": "IEEE Transactions on Software Engineering",
            "year": 2017
        },
        {
            "arxivId": null,
            "authors": [
                {
                    "authorId": "9728244",
                    "name": "Preetha Chatterjee"
                },
                {
                    "authorId": "2627815",
                    "name": "Manziba Akanda Nishi"
                },
                {
                    "authorId": "1703177",
                    "name": "Kostadin Damevski"
                },
                {
                    "authorId": "2648839",
                    "name": "Vinay Augustine"
                },
                {
                    "authorId": "1699934",
                    "name": "L. Pollock"
                },
                {
                    "authorId": "1679523",
                    "name": "Nicholas A. Kraft"
                }
            ],
            "doi": "10.1109/SANER.2017.7884638",
            "intent": [
                "background"
            ],
            "isInfluential": false,
            "paperId": "4652f20c7260b97ab1bb18500282da4456c7460d",
            "title": "What information about code snippets is available in different software-related documents? An exploratory study",
            "url": "https://www.semanticscholar.org/paper/4652f20c7260b97ab1bb18500282da4456c7460d",
            "venue": "2017 IEEE 24th International Conference on Software Analysis, Evolution and Reengineering (SANER)",
            "year": 2017
        },
        {
            "arxivId": null,
            "authors": [
                {
                    "authorId": "2053999085",
                    "name": "Ryan Lowe"
                },
                {
                    "authorId": "3236233",
                    "name": "Nissan Pow"
                },
                {
                    "authorId": "35224828",
                    "name": "Iulian Serban"
                },
                {
                    "authorId": "1778839",
                    "name": "Laurent Charlin"
                },
                {
                    "authorId": "2144634184",
                    "name": "Chia-Wei Liu"
                },
                {
                    "authorId": "145134886",
                    "name": "Joelle Pineau"
                }
            ],
            "doi": "10.5087/dad.2017.102",
            "intent": [
                "methodology"
            ],
            "isInfluential": false,
            "paperId": "d261286b18d37aaf5ebf70a0325e43fb5357442d",
            "title": "Training End-to-End Dialogue Systems with the Ubuntu Dialogue Corpus",
            "url": "https://www.semanticscholar.org/paper/d261286b18d37aaf5ebf70a0325e43fb5357442d",
            "venue": "Dialogue Discourse",
            "year": 2017
        },
        {
            "arxivId": null,
            "authors": [
                {
                    "authorId": "46729152",
                    "name": "Chunyang Chen"
                },
                {
                    "authorId": "2112128378",
                    "name": "Sa Gao"
                },
                {
                    "authorId": "3138980",
                    "name": "Zhenchang Xing"
                }
            ],
            "doi": "10.1109/SANER.2016.21",
            "intent": [
                "methodology"
            ],
            "isInfluential": false,
            "paperId": "cb85556b5184430f76e0c41bd42a6a6723fba3d3",
            "title": "Mining Analogical Libraries in Q&A Discussions -- Incorporating Relational and Categorical Knowledge into Word Embedding",
            "url": "https://www.semanticscholar.org/paper/cb85556b5184430f76e0c41bd42a6a6723fba3d3",
            "venue": "2016 IEEE 23rd International Conference on Software Analysis, Evolution, and Reengineering (SANER)",
            "year": 2016
        },
        {
            "arxivId": "1807.02953",
            "authors": [
                {
                    "authorId": "2210196781",
                    "name": "M. M. Rahman"
                },
                {
                    "authorId": "1738612",
                    "name": "C. Roy"
                },
                {
                    "authorId": "143960553",
                    "name": "D. Lo"
                }
            ],
            "doi": "10.1109/SANER.2016.80",
            "intent": [
                "methodology"
            ],
            "isInfluential": false,
            "paperId": "17b4db75ac30890c150e42c1fd23b4ab17a3593e",
            "title": "RACK: Automatic API Recommendation Using Crowdsourced Knowledge",
            "url": "https://www.semanticscholar.org/paper/17b4db75ac30890c150e42c1fd23b4ab17a3593e",
            "venue": "2016 IEEE 23rd International Conference on Software Analysis, Evolution, and Reengineering (SANER)",
            "year": 2016
        },
        {
            "arxivId": null,
            "authors": [
                {
                    "authorId": "144375145",
                    "name": "B. Lin"
                },
                {
                    "authorId": "1945021",
                    "name": "A. Zagalsky"
                },
                {
                    "authorId": "1734938",
                    "name": "M. Storey"
                },
                {
                    "authorId": "1747171",
                    "name": "Alexander Serebrenik"
                }
            ],
            "doi": "10.1145/2818052.2869117",
            "intent": [
                "background"
            ],
            "isInfluential": false,
            "paperId": "83360d01cec5f578585354b296e0ea625c7a26e9",
            "title": "Why Developers Are Slacking Off: Understanding How Software Teams Use Slack",
            "url": "https://www.semanticscholar.org/paper/83360d01cec5f578585354b296e0ea625c7a26e9",
            "venue": "CSCW Companion",
            "year": 2016
        },
        {
            "arxivId": null,
            "authors": [
                {
                    "authorId": "40474886",
                    "name": "Matthieu Riou"
                },
                {
                    "authorId": "3449460",
                    "name": "S. Salim"
                },
                {
                    "authorId": "145664662",
                    "name": "Nicolas Hernandez"
                }
            ],
            "doi": null,
            "intent": [
                "methodology"
            ],
            "isInfluential": false,
            "paperId": "80174c1a7e1803d1fb1747a27d0e77e74db4f1e9",
            "title": "Using discursive information to disentangle French language chat",
            "url": "https://www.semanticscholar.org/paper/80174c1a7e1803d1fb1747a27d0e77e74db4f1e9",
            "venue": "",
            "year": 2015
        },
        {
            "arxivId": "1807.02278",
            "authors": [
                {
                    "authorId": "2210196781",
                    "name": "M. M. Rahman"
                },
                {
                    "authorId": "1738612",
                    "name": "C. Roy"
                },
                {
                    "authorId": "1829628",
                    "name": "I. Keivanloo"
                }
            ],
            "doi": "10.1109/SCAM.2015.7335404",
            "intent": [
                "methodology"
            ],
            "isInfluential": false,
            "paperId": "4459aae345de8e00de0510e2b8aedee39bfb1815",
            "title": "Recommending insightful comments for source code using crowdsourced knowledge",
            "url": "https://www.semanticscholar.org/paper/4459aae345de8e00de0510e2b8aedee39bfb1815",
            "venue": "2015 IEEE 15th International Working Conference on Source Code Analysis and Manipulation (SCAM)",
            "year": 2015
        },
        {
            "arxivId": null,
            "authors": [
                {
                    "authorId": "1753692164",
                    "name": "Abhishek Sharma"
                },
                {
                    "authorId": "49902369",
                    "name": "Yuan Tian"
                },
                {
                    "authorId": "143960553",
                    "name": "D. Lo"
                }
            ],
            "doi": "10.1109/ICSM.2015.7332510",
            "intent": [
                "background"
            ],
            "isInfluential": false,
            "paperId": "015a03c744508e9d4c497f5adacb0a40ee0e5093",
            "title": "What's hot in software engineering Twitter space?",
            "url": "https://www.semanticscholar.org/paper/015a03c744508e9d4c497f5adacb0a40ee0e5093",
            "venue": "2015 IEEE International Conference on Software Maintenance and Evolution (ICSME)",
            "year": 2015
        },
        {
            "arxivId": "1506.08909",
            "authors": [
                {
                    "authorId": "2054294",
                    "name": "Ryan Lowe"
                },
                {
                    "authorId": "3236233",
                    "name": "Nissan Pow"
                },
                {
                    "authorId": "35224828",
                    "name": "Iulian Serban"
                },
                {
                    "authorId": "145134886",
                    "name": "Joelle Pineau"
                }
            ],
            "doi": "10.18653/v1/w15-4640",
            "intent": [
                "methodology"
            ],
            "isInfluential": false,
            "paperId": "916441619914101258c71669b5ccc36424b54a6c",
            "title": "The Ubuntu Dialogue Corpus: A Large Dataset for Research in Unstructured Multi-Turn Dialogue Systems",
            "url": "https://www.semanticscholar.org/paper/916441619914101258c71669b5ccc36424b54a6c",
            "venue": "SIGDIAL Conference",
            "year": 2015
        },
        {
            "arxivId": null,
            "authors": [
                {
                    "authorId": "2693610",
                    "name": "G. Petrosyan"
                },
                {
                    "authorId": "1710587",
                    "name": "M. Robillard"
                },
                {
                    "authorId": "1714393",
                    "name": "R. Mori"
                }
            ],
            "doi": "10.1109/ICSE.2015.97",
            "intent": [
                "methodology"
            ],
            "isInfluential": false,
            "paperId": "f56e1b7dd59fdc834a6b523ca75049ff59effc3b",
            "title": "Discovering Information Explaining API Types Using Text Classification",
            "url": "https://www.semanticscholar.org/paper/f56e1b7dd59fdc834a6b523ca75049ff59effc3b",
            "venue": "2015 IEEE/ACM 37th IEEE International Conference on Software Engineering",
            "year": 2015
        },
        {
            "arxivId": null,
            "authors": [
                {
                    "authorId": "3117169",
                    "name": "Sebastiano Panichella"
                },
                {
                    "authorId": "1801330",
                    "name": "G. Bavota"
                },
                {
                    "authorId": "1719962",
                    "name": "M. D. Penta"
                },
                {
                    "authorId": "1711200",
                    "name": "G. Canfora"
                },
                {
                    "authorId": "1692292",
                    "name": "G. Antoniol"
                }
            ],
            "doi": "10.1109/ICSME.2014.47",
            "intent": [
                "background"
            ],
            "isInfluential": false,
            "paperId": "9a4d5542e87efeca045bd8eeae4d21f049ee3cfe",
            "title": "How Developers' Collaborations Identified from Different Sources Tell Us about Code Changes",
            "url": "https://www.semanticscholar.org/paper/9a4d5542e87efeca045bd8eeae4d21f049ee3cfe",
            "venue": "2014 IEEE International Conference on Software Maintenance and Evolution",
            "year": 2014
        },
        {
            "arxivId": null,
            "authors": [
                {
                    "authorId": "3326078",
                    "name": "Kartik Bajaj"
                },
                {
                    "authorId": "1715185",
                    "name": "K. Pattabiraman"
                },
                {
                    "authorId": "1853199",
                    "name": "A. Mesbah"
                }
            ],
            "doi": "10.1145/2597073.2597083",
            "intent": [
                "background"
            ],
            "isInfluential": false,
            "paperId": "7c04b5102a09dc59b834aa081d24a978019134a8",
            "title": "Mining questions asked by web developers",
            "url": "https://www.semanticscholar.org/paper/7c04b5102a09dc59b834aa081d24a978019134a8",
            "venue": "MSR 2014",
            "year": 2014
        },
        {
            "arxivId": null,
            "authors": [
                {
                    "authorId": "1767060",
                    "name": "Luca Ponzanelli"
                },
                {
                    "authorId": "1801330",
                    "name": "G. Bavota"
                },
                {
                    "authorId": "1719962",
                    "name": "M. D. Penta"
                },
                {
                    "authorId": "143764471",
                    "name": "Rocco Oliveto"
                },
                {
                    "authorId": "144216050",
                    "name": "Michele Lanza"
                }
            ],
            "doi": "10.1145/2597073.2597077",
            "intent": [
                "methodology"
            ],
            "isInfluential": false,
            "paperId": "123216dfa1b6028856c753dd47b96105135685fd",
            "title": "Mining StackOverflow to turn the IDE into a self-confident programming prompter",
            "url": "https://www.semanticscholar.org/paper/123216dfa1b6028856c753dd47b96105135685fd",
            "venue": "MSR 2014",
            "year": 2014
        },
        {
            "arxivId": null,
            "authors": [
                {
                    "authorId": "49902369",
                    "name": "Yuan Tian"
                },
                {
                    "authorId": "143960553",
                    "name": "D. Lo"
                },
                {
                    "authorId": "1793096",
                    "name": "J. Lawall"
                }
            ],
            "doi": "10.1109/CSMR-WCRE.2014.6747213",
            "intent": [
                "methodology"
            ],
            "isInfluential": false,
            "paperId": "1e12f01425dcf73cbf823c4250d47086d60c5afe",
            "title": "Automated construction of a software-specific word similarity database",
            "url": "https://www.semanticscholar.org/paper/1e12f01425dcf73cbf823c4250d47086d60c5afe",
            "venue": "2014 Software Evolution Week - IEEE Conference on Software Maintenance, Reengineering, and Reverse Engineering (CSMR-WCRE)",
            "year": 2014
        },
        {
            "arxivId": null,
            "authors": [
                {
                    "authorId": "2053678636",
                    "name": "Edmund Wong"
                },
                {
                    "authorId": "1410146355",
                    "name": "Jinqiu Yang"
                },
                {
                    "authorId": "144938015",
                    "name": "Lin Tan"
                }
            ],
            "doi": "10.1109/ASE.2013.6693113",
            "intent": [
                "methodology"
            ],
            "isInfluential": false,
            "paperId": "600586ed0ca601a03f754463639b737861c5c994",
            "title": "AutoComment: Mining question and answer sites for automatic comment generation",
            "url": "https://www.semanticscholar.org/paper/600586ed0ca601a03f754463639b737861c5c994",
            "venue": "2013 28th IEEE/ACM International Conference on Automated Software Engineering (ASE)",
            "year": 2013
        },
        {
            "arxivId": null,
            "authors": [
                {
                    "authorId": "3046959",
                    "name": "David C. Uthus"
                },
                {
                    "authorId": "1969847",
                    "name": "D. Aha"
                }
            ],
            "doi": "10.1016/j.artint.2013.02.004",
            "intent": [],
            "isInfluential": false,
            "paperId": "231e4a50c45baa9b2541854b62588a1916de18b2",
            "title": "Multiparticipant chat analysis: A survey",
            "url": "https://www.semanticscholar.org/paper/231e4a50c45baa9b2541854b62588a1916de18b2",
            "venue": "Artif. Intell.",
            "year": 2013
        },
        {
            "arxivId": null,
            "authors": [
                {
                    "authorId": "39470145",
                    "name": "Wei Wang"
                },
                {
                    "authorId": "47521175",
                    "name": "Michael W. Godfrey"
                }
            ],
            "doi": "10.1109/MSR.2013.6624006",
            "intent": [
                "methodology"
            ],
            "isInfluential": false,
            "paperId": "b2bdf993e4b8b4185ea3cdda1c563919086f3a01",
            "title": "Detecting API usage obstacles: A study of iOS and Android developer questions",
            "url": "https://www.semanticscholar.org/paper/b2bdf993e4b8b4185ea3cdda1c563919086f3a01",
            "venue": "2013 10th Working Conference on Mining Software Repositories (MSR)",
            "year": 2013
        },
        {
            "arxivId": null,
            "authors": [
                {
                    "authorId": "1711200",
                    "name": "G. Canfora"
                },
                {
                    "authorId": "1719962",
                    "name": "M. D. Penta"
                },
                {
                    "authorId": "143764471",
                    "name": "Rocco Oliveto"
                },
                {
                    "authorId": "3117169",
                    "name": "Sebastiano Panichella"
                }
            ],
            "doi": "10.1145/2393596.2393647",
            "intent": [
                "methodology"
            ],
            "isInfluential": false,
            "paperId": "d5fcde0d635fbf195172b4516b1c1c9fcc2efb9b",
            "title": "Who is going to mentor newcomers in open source projects?",
            "url": "https://www.semanticscholar.org/paper/d5fcde0d635fbf195172b4516b1c1c9fcc2efb9b",
            "venue": "SIGSOFT FSE",
            "year": 2012
        },
        {
            "arxivId": null,
            "authors": [
                {
                    "authorId": "1686038",
                    "name": "Alberto Bacchelli"
                },
                {
                    "authorId": "1767060",
                    "name": "Luca Ponzanelli"
                },
                {
                    "authorId": "144216050",
                    "name": "Michele Lanza"
                }
            ],
            "doi": "10.1109/RSSE.2012.6233404",
            "intent": [
                "methodology"
            ],
            "isInfluential": false,
            "paperId": "533124473315ab7961c399e6229819272c3f75a6",
            "title": "Harnessing Stack Overflow for the IDE",
            "url": "https://www.semanticscholar.org/paper/533124473315ab7961c399e6229819272c3f75a6",
            "venue": "2012 Third International Workshop on Recommendation Systems for Software Engineering (RSSE)",
            "year": 2012
        },
        {
            "arxivId": null,
            "authors": [
                {
                    "authorId": "2181059",
                    "name": "Liguo Yu"
                },
                {
                    "authorId": "145759111",
                    "name": "S. Ramaswamy"
                },
                {
                    "authorId": "144204979",
                    "name": "A. Mishra"
                },
                {
                    "authorId": "145174685",
                    "name": "Deepti Mishra"
                }
            ],
            "doi": "10.1007/978-3-642-25126-9_32",
            "intent": [
                "background"
            ],
            "isInfluential": false,
            "paperId": "2a5e748d56252691e19cc19fe74d41634f081e3a",
            "title": "Communications in Global Software Development: An Empirical Study Using GTK+ OSS Repository",
            "url": "https://www.semanticscholar.org/paper/2a5e748d56252691e19cc19fe74d41634f081e3a",
            "venue": "OTM Workshops",
            "year": 2011
        },
        {
            "arxivId": null,
            "authors": [
                {
                    "authorId": "2065324993",
                    "name": "Micha Elsner"
                },
                {
                    "authorId": "2064198914",
                    "name": "Eugene Charniak"
                }
            ],
            "doi": "10.1162/coli_a_00003",
            "intent": [
                "methodology"
            ],
            "isInfluential": false,
            "paperId": "230290009c8a9e53cb18b7a99467113cf57eae1e",
            "title": "Disentangling Chat",
            "url": "https://www.semanticscholar.org/paper/230290009c8a9e53cb18b7a99467113cf57eae1e",
            "venue": "CL",
            "year": 2010
        },
        {
            "arxivId": null,
            "authors": [
                {
                    "authorId": "3318024",
                    "name": "Emad Shihab"
                },
                {
                    "authorId": "1762589",
                    "name": "Z. Jiang"
                },
                {
                    "authorId": "144890499",
                    "name": "A. Hassan"
                }
            ],
            "doi": "10.1109/ICSM.2009.5306333",
            "intent": [
                "background"
            ],
            "isInfluential": false,
            "paperId": "6e265a9fc42960aabbf6a6425d5b974e069a3e0a",
            "title": "Studying the use of developer IRC meetings in open source projects",
            "url": "https://www.semanticscholar.org/paper/6e265a9fc42960aabbf6a6425d5b974e069a3e0a",
            "venue": "2009 IEEE International Conference on Software Maintenance",
            "year": 2009
        },
        {
            "arxivId": null,
            "authors": [
                {
                    "authorId": "48946497",
                    "name": "Paige Adams"
                },
                {
                    "authorId": "1768261",
                    "name": "C. Martell"
                }
            ],
            "doi": "10.1109/ICSC.2008.61",
            "intent": [
                "methodology"
            ],
            "isInfluential": false,
            "paperId": "9dc7620d3d5aa90835fc45238bd75206eab41527",
            "title": "Topic Detection and Extraction in Chat",
            "url": "https://www.semanticscholar.org/paper/9dc7620d3d5aa90835fc45238bd75206eab41527",
            "venue": "2008 IEEE International Conference on Semantic Computing",
            "year": 2008
        },
        {
            "arxivId": null,
            "authors": [
                {
                    "authorId": "1689233",
                    "name": "Micha Elsner"
                },
                {
                    "authorId": "1749837",
                    "name": "Eugene Charniak"
                }
            ],
            "doi": null,
            "intent": [
                "methodology",
                "background"
            ],
            "isInfluential": true,
            "paperId": "c70c697425c3f23ca42d97a58380ff0cf3a1644b",
            "title": "You Talking to Me? A Corpus and Algorithm for Conversation Disentanglement",
            "url": "https://www.semanticscholar.org/paper/c70c697425c3f23ca42d97a58380ff0cf3a1644b",
            "venue": "ACL",
            "year": 2008
        },
        {
            "arxivId": null,
            "authors": [],
            "doi": null,
            "intent": [
                "methodology"
            ],
            "isInfluential": false,
            "paperId": "",
            "title": "Slack Development Tools",
            "url": "",
            "venue": ":",
            "year": 2018
        },
        {
            "arxivId": null,
            "authors": [],
            "doi": null,
            "intent": [
                "methodology"
            ],
            "isInfluential": false,
            "paperId": "",
            "title": "Uthus and DavidWAha",
            "url": "",
            "venue": "Artificial Intelligence",
            "year": 2013
        },
        {
            "arxivId": null,
            "authors": [
                {
                    "authorId": "21308992",
                    "name": "Steven Bird"
                }
            ],
            "doi": "10.3115/1225403.1225421",
            "intent": [
                "methodology"
            ],
            "isInfluential": false,
            "paperId": "6ed9417eaa7ee16f0563599829a061421a3e0563",
            "title": "NLTK: The Natural Language Toolkit",
            "url": "https://www.semanticscholar.org/paper/6ed9417eaa7ee16f0563599829a061421a3e0563",
            "venue": "ACL",
            "year": 2006
        },
        {
            "arxivId": null,
            "authors": [],
            "doi": null,
            "intent": [
                "background"
            ],
            "isInfluential": false,
            "paperId": "d154fc37c0319dceb3275bf04e3f8f7a64be8c8c",
            "title": "communications in",
            "url": "https://www.semanticscholar.org/paper/d154fc37c0319dceb3275bf04e3f8f7a64be8c8c",
            "venue": "",
            "year": null
        }
    ],
    "s2FieldsOfStudy": [
        {
            "category": "Computer Science",
            "source": "external"
        },
        {
            "category": "Computer Science",
            "source": "s2-fos-model"
        }
    ],
    "title": "Software-related Slack Chats with Disentangled Conversations",
    "topics": [],
    "url": "https://www.semanticscholar.org/paper/aed33f077178911736031028bc4e55e372e5380f",
    "venue": "IEEE Working Conference on Mining Software Repositories",
    "year": 2020
}