{
    "abstract": "Pull requests form a new method for collaborating in distributed software development. To study the pull request distributed development model, we constructed a dataset of almost 900 projects and 350,000 pull requests, including some of the largest users of pull requests on Github. In this paper, we describe how the project selection was done, we analyze the selected features and present a machine learning tool set for the R statistics environment.",
    "arxivId": null,
    "authors": [
        {
            "authorId": "2211882",
            "name": "Georgios Gousios",
            "url": "https://www.semanticscholar.org/author/2211882"
        },
        {
            "authorId": "1702285",
            "name": "A. Zaidman",
            "url": "https://www.semanticscholar.org/author/1702285"
        }
    ],
    "citationVelocity": 0,
    "citations": [
        {
            "arxivId": null,
            "authors": [
                {
                    "authorId": "2080428934",
                    "name": "Hocine Rebatchi"
                },
                {
                    "authorId": "3023999",
                    "name": "T\u00e9gawend\u00e9 F. Bissyand\u00e9"
                },
                {
                    "authorId": "2420979",
                    "name": "Naouel Moha"
                }
            ],
            "doi": "10.1007/s10664-024-10523-y",
            "intent": [],
            "isInfluential": false,
            "paperId": "e0c3066ab66981510a87fec84243704696981488",
            "title": "Dependabot and security pull requests: large empirical study",
            "url": "https://www.semanticscholar.org/paper/e0c3066ab66981510a87fec84243704696981488",
            "venue": "Empirical Software Engineering",
            "year": 2024
        },
        {
            "arxivId": "2406.14724",
            "authors": [
                {
                    "authorId": "2281637840",
                    "name": "Lucas Franke"
                },
                {
                    "authorId": "2281740615",
                    "name": "Huayu Liang"
                },
                {
                    "authorId": "2265679638",
                    "name": "Sahar Farzanehpour"
                },
                {
                    "authorId": "2307918012",
                    "name": "Aaron Brantly"
                },
                {
                    "authorId": "2281715079",
                    "name": "James C. Davis"
                },
                {
                    "authorId": "2281724776",
                    "name": "Chris Brown"
                }
            ],
            "doi": "10.48550/arXiv.2406.14724",
            "intent": [
                "methodology"
            ],
            "isInfluential": false,
            "paperId": "040d1cd0c8285e413f64204c342037cb81e8aa65",
            "title": "An Exploratory Mixed-Methods Study on General Data Protection Regulation (GDPR) Compliance in Open-Source Software",
            "url": "https://www.semanticscholar.org/paper/040d1cd0c8285e413f64204c342037cb81e8aa65",
            "venue": "ArXiv",
            "year": 2024
        },
        {
            "arxivId": null,
            "authors": [
                {
                    "authorId": "2266170597",
                    "name": "Ali Khatami"
                },
                {
                    "authorId": "1702285",
                    "name": "A. Zaidman"
                }
            ],
            "doi": "10.1109/SCAM59687.2023.00027",
            "intent": [
                "background"
            ],
            "isInfluential": false,
            "paperId": "e293b6588b6f154cf7f766ce7c4ff7ba6e93ad08",
            "title": "Quality Assurance Awareness in Open Source Software Projects on GitHub",
            "url": "https://www.semanticscholar.org/paper/e293b6588b6f154cf7f766ce7c4ff7ba6e93ad08",
            "venue": "2023 IEEE 23rd International Working Conference on Source Code Analysis and Manipulation (SCAM)",
            "year": 2023
        },
        {
            "arxivId": "2308.08667",
            "authors": [
                {
                    "authorId": "19281977",
                    "name": "Suhaib Mujahid"
                },
                {
                    "authorId": "115989708",
                    "name": "D. Costa"
                },
                {
                    "authorId": "2154809",
                    "name": "Rabe Abdalkareem"
                },
                {
                    "authorId": "3318024",
                    "name": "Emad Shihab"
                }
            ],
            "doi": "10.1109/ASE56229.2023.00119",
            "intent": [
                "background"
            ],
            "isInfluential": false,
            "paperId": "f35e05b0901eb7800e74fbbda218357164c18e82",
            "title": "Where to Go Now? Finding Alternatives for Declining Packages in the npm Ecosystem",
            "url": "https://www.semanticscholar.org/paper/f35e05b0901eb7800e74fbbda218357164c18e82",
            "venue": "2023 38th IEEE/ACM International Conference on Automated Software Engineering (ASE)",
            "year": 2023
        },
        {
            "arxivId": "2306.09665",
            "authors": [
                {
                    "authorId": "50756862",
                    "name": "A. Khatami"
                },
                {
                    "authorId": "1702285",
                    "name": "A. Zaidman"
                }
            ],
            "doi": "10.1002/spe.3321",
            "intent": [
                "methodology"
            ],
            "isInfluential": false,
            "paperId": "f047334f1b465306745180ecdcca8f721614fdb2",
            "title": "State\u2010of\u2010the\u2010practice in quality assurance in Java\u2010based open source software development",
            "url": "https://www.semanticscholar.org/paper/f047334f1b465306745180ecdcca8f721614fdb2",
            "venue": "Softw. Pract. Exp.",
            "year": 2023
        },
        {
            "arxivId": "2305.18150",
            "authors": [
                {
                    "authorId": "70044512",
                    "name": "S. Khatoonabadi"
                },
                {
                    "authorId": "115989708",
                    "name": "D. Costa"
                },
                {
                    "authorId": "19281977",
                    "name": "Suhaib Mujahid"
                },
                {
                    "authorId": "3318024",
                    "name": "Emad Shihab"
                }
            ],
            "doi": "10.1145/3624739",
            "intent": [
                "methodology"
            ],
            "isInfluential": false,
            "paperId": "7400d7bb714f3c5505d7ea9050d5357887b7ed64",
            "title": "Understanding the Helpfulness of Stale Bot for Pull-Based Development: An Empirical Study of 20 Large Open-Source Projects",
            "url": "https://www.semanticscholar.org/paper/7400d7bb714f3c5505d7ea9050d5357887b7ed64",
            "venue": "ACM Trans. Softw. Eng. Methodol.",
            "year": 2023
        },
        {
            "arxivId": null,
            "authors": [
                {
                    "authorId": "1579795086",
                    "name": "Jarin Tasnim"
                },
                {
                    "authorId": "9404479",
                    "name": "Debasish Chakroborti"
                },
                {
                    "authorId": "1738612",
                    "name": "C. Roy"
                },
                {
                    "authorId": "38558513",
                    "name": "Kevin A. Schneider"
                }
            ],
            "doi": "10.1109/ICSE-NIER58687.2023.00031",
            "intent": [
                "background"
            ],
            "isInfluential": false,
            "paperId": "d235a0fa62fa84a9bbf2811c90babbce37e8f816",
            "title": "How does quality deviate in stable releases by backporting?",
            "url": "https://www.semanticscholar.org/paper/d235a0fa62fa84a9bbf2811c90babbce37e8f816",
            "venue": "2023 IEEE/ACM 45th International Conference on Software Engineering: New Ideas and Emerging Results (ICSE-NIER)",
            "year": 2023
        },
        {
            "arxivId": null,
            "authors": [
                {
                    "authorId": "1395091002",
                    "name": "Akhila Sri Manasa Venigalla"
                },
                {
                    "authorId": "1926332",
                    "name": "S. Chimalakonda"
                }
            ],
            "doi": "10.1109/MSR59073.2023.00062",
            "intent": [],
            "isInfluential": false,
            "paperId": "fa7ae1c4892eedc12504f2e66d094f5fb7e5379b",
            "title": "DocMine: A Software Documentation-Related Dataset of 950 GitHub Repositories",
            "url": "https://www.semanticscholar.org/paper/fa7ae1c4892eedc12504f2e66d094f5fb7e5379b",
            "venue": "2023 IEEE/ACM 20th International Conference on Mining Software Repositories (MSR)",
            "year": 2023
        },
        {
            "arxivId": "2303.14253",
            "authors": [
                {
                    "authorId": "2055639396",
                    "name": "Pavel Reich"
                },
                {
                    "authorId": "1706506",
                    "name": "W. Maalej"
                }
            ],
            "doi": "10.1109/ICSE48619.2023.00131",
            "intent": [
                "background"
            ],
            "isInfluential": true,
            "paperId": "f159887acdfab1b7f3310ac1f498c729a18c82e8",
            "title": "Testability Refactoring in Pull Requests: Patterns and Trends",
            "url": "https://www.semanticscholar.org/paper/f159887acdfab1b7f3310ac1f498c729a18c82e8",
            "venue": "2023 IEEE/ACM 45th International Conference on Software Engineering (ICSE)",
            "year": 2023
        },
        {
            "arxivId": null,
            "authors": [
                {
                    "authorId": "3440433",
                    "name": "Xunhui Zhang"
                },
                {
                    "authorId": "47111832",
                    "name": "Yue Yu"
                },
                {
                    "authorId": "2211882",
                    "name": "Georgios Gousios"
                },
                {
                    "authorId": "40464536",
                    "name": "Ayushi Rastogi"
                }
            ],
            "doi": "10.1109/TSE.2022.3165056",
            "intent": [
                "background"
            ],
            "isInfluential": false,
            "paperId": "b427620250eab16fb23f13de88bb4572d8bd63af",
            "title": "Pull Request Decisions Explained: An Empirical Overview",
            "url": "https://www.semanticscholar.org/paper/b427620250eab16fb23f13de88bb4572d8bd63af",
            "venue": "IEEE Transactions on Software Engineering",
            "year": 2023
        },
        {
            "arxivId": null,
            "authors": [
                {
                    "authorId": "145674027",
                    "name": "Denivan Campos"
                },
                {
                    "authorId": "52190462",
                    "name": "L. Martins"
                },
                {
                    "authorId": "2136495395",
                    "name": "Ivan Machado"
                }
            ],
            "doi": "10.1145/3571473.3571481",
            "intent": [
                "background"
            ],
            "isInfluential": false,
            "paperId": "bc8e1fa726dd07d32c78342d2b1f6b7048d2e49d",
            "title": "An empirical study on the influence of developers\u2019 experience on software test code quality",
            "url": "https://www.semanticscholar.org/paper/bc8e1fa726dd07d32c78342d2b1f6b7048d2e49d",
            "venue": "SBQS",
            "year": 2022
        },
        {
            "arxivId": "2209.04511",
            "authors": [
                {
                    "authorId": "2056767397",
                    "name": "Samuel W. Flint"
                },
                {
                    "authorId": "2056766928",
                    "name": "Jigyasa Chauhan"
                },
                {
                    "authorId": "2256709693",
                    "name": "Robert Dyer"
                }
            ],
            "doi": "10.1007/s10664-022-10200-y",
            "intent": [],
            "isInfluential": false,
            "paperId": "d1988265d634962b4682dc2b1ff8200cbf0eb9eb",
            "title": "Pitfalls and guidelines for using time-based Git data",
            "url": "https://www.semanticscholar.org/paper/d1988265d634962b4682dc2b1ff8200cbf0eb9eb",
            "venue": "Empirical Software Engineering",
            "year": 2022
        },
        {
            "arxivId": "2203.05045",
            "authors": [
                {
                    "authorId": "2737399",
                    "name": "Gunnar Kudrjavets"
                },
                {
                    "authorId": "1693689",
                    "name": "Nachiappan Nagappan"
                },
                {
                    "authorId": "40464536",
                    "name": "Ayushi Rastogi"
                }
            ],
            "doi": "10.1145/3524842.3528448",
            "intent": [],
            "isInfluential": false,
            "paperId": "265cc6897fdb002e62068e2b89566fc54e25e3a8",
            "title": "Do Small Code Changes Merge Faster? A Multi-Language Empirical Investigation",
            "url": "https://www.semanticscholar.org/paper/265cc6897fdb002e62068e2b89566fc54e25e3a8",
            "venue": "2022 IEEE/ACM 19th International Conference on Mining Software Repositories (MSR)",
            "year": 2022
        },
        {
            "arxivId": "2110.15447",
            "authors": [
                {
                    "authorId": "70044512",
                    "name": "S. Khatoonabadi"
                },
                {
                    "authorId": "115989708",
                    "name": "D. Costa"
                },
                {
                    "authorId": "2154809",
                    "name": "Rabe Abdalkareem"
                },
                {
                    "authorId": "3318024",
                    "name": "Emad Shihab"
                }
            ],
            "doi": "10.1145/3530785",
            "intent": [
                "methodology"
            ],
            "isInfluential": false,
            "paperId": "9742ae014ce8d8eb16016e9f4b52247a8517b49c",
            "title": "On Wasted Contributions: Understanding the Dynamics of Contributor-Abandoned Pull Requests\u2013A Mixed-Methods Study of 10 Large Open-Source Projects",
            "url": "https://www.semanticscholar.org/paper/9742ae014ce8d8eb16016e9f4b52247a8517b49c",
            "venue": "ACM Trans. Softw. Eng. Methodol.",
            "year": 2021
        },
        {
            "arxivId": null,
            "authors": [
                {
                    "authorId": "2040106381",
                    "name": "Jos\u00e9 William Menezes"
                },
                {
                    "authorId": "2076081990",
                    "name": "Bruno Trindade"
                },
                {
                    "authorId": "2118685",
                    "name": "J. F. Pimentel"
                },
                {
                    "authorId": "145455614",
                    "name": "A. Plastino"
                },
                {
                    "authorId": "2205046",
                    "name": "Leonardo Gresta Paulino Murta"
                },
                {
                    "authorId": "77563665",
                    "name": "Catarina Costa"
                }
            ],
            "doi": "10.5753/JSERD.2021.1911",
            "intent": [
                "methodology"
            ],
            "isInfluential": false,
            "paperId": "e6e6ebd9bd89e49c91219347ce4a9e0db65aa8ea",
            "title": "Attributes that may raise the occurrence of merge conflicts",
            "url": "https://www.semanticscholar.org/paper/e6e6ebd9bd89e49c91219347ce4a9e0db65aa8ea",
            "venue": "J. Softw. Eng. Res. Dev.",
            "year": 2021
        },
        {
            "arxivId": null,
            "authors": [
                {
                    "authorId": "1455598633",
                    "name": "Raviv Murciano-Goroff"
                }
            ],
            "doi": "10.1287/mnsc.2021.4077",
            "intent": [],
            "isInfluential": false,
            "paperId": "1109d956473a6c63193c5bc7a421e1fed7c73725",
            "title": "Missing Women in Tech: The Labor Market for Highly Skilled Software Engineers",
            "url": "https://www.semanticscholar.org/paper/1109d956473a6c63193c5bc7a421e1fed7c73725",
            "venue": "Manag. Sci.",
            "year": 2021
        },
        {
            "arxivId": null,
            "authors": [
                {
                    "authorId": "2350478",
                    "name": "R. Heum\u00fcller"
                },
                {
                    "authorId": "3289277",
                    "name": "Sebastian Nielebock"
                },
                {
                    "authorId": "2421227",
                    "name": "F. Ortmeier"
                }
            ],
            "doi": "10.1145/3468264.3473110",
            "intent": [
                "methodology",
                "background"
            ],
            "isInfluential": true,
            "paperId": "acf4642798cc98c117937fd9893626cf6d8628e7",
            "title": "Exploit those code reviews! bigger data for deeper learning",
            "url": "https://www.semanticscholar.org/paper/acf4642798cc98c117937fd9893626cf6d8628e7",
            "venue": "ESEC/SIGSOFT FSE",
            "year": 2021
        },
        {
            "arxivId": "2106.01885",
            "authors": [
                {
                    "authorId": "40464536",
                    "name": "Ayushi Rastogi"
                },
                {
                    "authorId": "2211882",
                    "name": "Georgios Gousios"
                }
            ],
            "doi": null,
            "intent": [
                "background"
            ],
            "isInfluential": false,
            "paperId": "4077b431da416c90c9b26128f8b95d8fa22197fb",
            "title": "How does Software Change?",
            "url": "https://www.semanticscholar.org/paper/4077b431da416c90c9b26128f8b95d8fa22197fb",
            "venue": "ArXiv",
            "year": 2021
        },
        {
            "arxivId": null,
            "authors": [
                {
                    "authorId": "8495414",
                    "name": "M. N. Mahdi"
                },
                {
                    "authorId": "1733899395",
                    "name": "M. H. Mohamed Zabil"
                },
                {
                    "authorId": "2122636",
                    "name": "A. Ahmad"
                },
                {
                    "authorId": "145160300",
                    "name": "Roslan Ismail"
                },
                {
                    "authorId": "2570241",
                    "name": "Yunus Yusoff"
                },
                {
                    "authorId": "9461828",
                    "name": "Lim Kok Cheng"
                },
                {
                    "authorId": "2286675446",
                    "name": "Muhammad Sufyian Bin Mohd Azmi"
                },
                {
                    "authorId": "72386874",
                    "name": "Hayder Natiq"
                },
                {
                    "authorId": "2286672483",
                    "name": "Hushalini Happala Naidu"
                }
            ],
            "doi": "10.3390/APP11115183",
            "intent": [
                "background"
            ],
            "isInfluential": false,
            "paperId": "258a0c0935729b86ca5f014fab980a47ae82f363",
            "title": "Software Project Management Using Machine Learning Technique\u2014A Review",
            "url": "https://www.semanticscholar.org/paper/258a0c0935729b86ca5f014fab980a47ae82f363",
            "venue": "Applied Sciences",
            "year": 2021
        },
        {
            "arxivId": "2105.13970",
            "authors": [
                {
                    "authorId": "3440433",
                    "name": "Xunhui Zhang"
                },
                {
                    "authorId": "2256771665",
                    "name": "Yue Yu"
                },
                {
                    "authorId": "2256666498",
                    "name": "Georgios Gousios"
                },
                {
                    "authorId": "2288256305",
                    "name": "Ayushi Rastogi"
                }
            ],
            "doi": null,
            "intent": [
                "background",
                "result"
            ],
            "isInfluential": true,
            "paperId": "ca16ab513fa6299e1024ba6d9780254fe1118209",
            "title": "Pull Request Decision Explained: An Empirical Overview",
            "url": "https://www.semanticscholar.org/paper/ca16ab513fa6299e1024ba6d9780254fe1118209",
            "venue": "ArXiv",
            "year": 2021
        },
        {
            "arxivId": "2104.09693",
            "authors": [
                {
                    "authorId": "49830829",
                    "name": "Peipei Wang"
                },
                {
                    "authorId": "1965873243",
                    "name": "Chris Brown"
                },
                {
                    "authorId": "2074156646",
                    "name": "Jamie A. Jennings"
                },
                {
                    "authorId": "2619495",
                    "name": "Kathryn T. Stolee"
                }
            ],
            "doi": "10.1007/s10664-021-10033-1",
            "intent": [
                "methodology",
                "background"
            ],
            "isInfluential": true,
            "paperId": "c24a90362a9e1a22488ad1a4dd838d10c6715841",
            "title": "Demystifying regular expression bugs",
            "url": "https://www.semanticscholar.org/paper/c24a90362a9e1a22488ad1a4dd838d10c6715841",
            "venue": "Empirical Software Engineering",
            "year": 2021
        },
        {
            "arxivId": "2104.06143",
            "authors": [
                {
                    "authorId": "107605199",
                    "name": "Reza Nadri"
                },
                {
                    "authorId": "2084518080",
                    "name": "Gema Rodr'iguez-P'erez"
                },
                {
                    "authorId": "7274019",
                    "name": "M. Nagappan"
                }
            ],
            "doi": "10.1109/TSE.2021.3073773",
            "intent": [
                "methodology",
                "background"
            ],
            "isInfluential": true,
            "paperId": "13e3097ddcef18642a543dc3e0099021e11e9b8c",
            "title": "On the Relationship Between the Developer\u2019s Perceptible Race and Ethnicity and the Evaluation of Contributions in OSS",
            "url": "https://www.semanticscholar.org/paper/13e3097ddcef18642a543dc3e0099021e11e9b8c",
            "venue": "IEEE Transactions on Software Engineering",
            "year": 2021
        },
        {
            "arxivId": null,
            "authors": [
                {
                    "authorId": "1965873243",
                    "name": "Chris Brown"
                },
                {
                    "authorId": "1765101",
                    "name": "Chris Parnin"
                }
            ],
            "doi": "10.1145/3368089.3409722",
            "intent": [
                "methodology"
            ],
            "isInfluential": false,
            "paperId": "1ae814aa277e437ad06824e142564e1f236b547f",
            "title": "Understanding the impact of GitHub suggested changes on recommendations between developers",
            "url": "https://www.semanticscholar.org/paper/1ae814aa277e437ad06824e142564e1f236b547f",
            "venue": "ESEC/SIGSOFT FSE",
            "year": 2020
        },
        {
            "arxivId": "2010.16196",
            "authors": [
                {
                    "authorId": "7777374",
                    "name": "Yuxing Ma"
                },
                {
                    "authorId": "8041820",
                    "name": "Tapajit Dey"
                },
                {
                    "authorId": "2065313146",
                    "name": "Chris Bogart"
                },
                {
                    "authorId": "3110752",
                    "name": "Sadika Amreen"
                },
                {
                    "authorId": "2091537692",
                    "name": "Marat Valiev"
                },
                {
                    "authorId": "1866565388",
                    "name": "Adam Tutko"
                },
                {
                    "authorId": "2081943297",
                    "name": "David Kennard"
                },
                {
                    "authorId": "2858102",
                    "name": "R. Zaretzki"
                },
                {
                    "authorId": "1702551",
                    "name": "A. Mockus"
                }
            ],
            "doi": "10.1007/s10664-020-09905-9",
            "intent": [
                "methodology",
                "background"
            ],
            "isInfluential": false,
            "paperId": "12404a5147b39e9a34849606bf2c056f84903c8d",
            "title": "World of code: enabling a research workflow for mining and analyzing the universe of open source VCS data",
            "url": "https://www.semanticscholar.org/paper/12404a5147b39e9a34849606bf2c056f84903c8d",
            "venue": "Empirical Software Engineering",
            "year": 2020
        },
        {
            "arxivId": null,
            "authors": [
                {
                    "authorId": "2006450784",
                    "name": "Daniel Silva"
                },
                {
                    "authorId": "1810228",
                    "name": "D. Soares"
                },
                {
                    "authorId": "2006286412",
                    "name": "S. Gon\u00e7alves"
                }
            ],
            "doi": "10.1145/3425269.3425280",
            "intent": [
                "background"
            ],
            "isInfluential": true,
            "paperId": "90ea781fb5a84fd9da75c6c034a85973278a54c1",
            "title": "Measuring Unique Changes: How do Distinct Changes Affect the Size and Lifetime of Pull Requests?",
            "url": "https://www.semanticscholar.org/paper/90ea781fb5a84fd9da75c6c034a85973278a54c1",
            "venue": "SBCARS",
            "year": 2020
        },
        {
            "arxivId": null,
            "authors": [
                {
                    "authorId": "9193431",
                    "name": "Abdulkadir Seker"
                },
                {
                    "authorId": "3278786",
                    "name": "B. Diri"
                },
                {
                    "authorId": "2060742163",
                    "name": "Halil Arslan"
                },
                {
                    "authorId": "1775715",
                    "name": "M. Amasyal\u0131"
                }
            ],
            "doi": "10.4018/978-1-7998-9158-1.ch003",
            "intent": [],
            "isInfluential": false,
            "paperId": "fb4e0256b5e8ba9fd49adeeb79e4c31f7644aa75",
            "title": "Open Source Software Development Challenges",
            "url": "https://www.semanticscholar.org/paper/fb4e0256b5e8ba9fd49adeeb79e4c31f7644aa75",
            "venue": "Research Anthology on Usage and Development of Open Source Software",
            "year": 2020
        },
        {
            "arxivId": null,
            "authors": [
                {
                    "authorId": "2018072410",
                    "name": "Mohamed Najah Mahdi"
                },
                {
                    "authorId": "2022493209",
                    "name": "Mohamed Zabil M.H"
                },
                {
                    "authorId": "48697774",
                    "name": "Azlan Yusof"
                },
                {
                    "authorId": "9461828",
                    "name": "Lim Kok Cheng"
                },
                {
                    "authorId": "2023704128",
                    "name": "Muhammad Sufyian Mohd Azmi"
                },
                {
                    "authorId": "2122636",
                    "name": "A. Ahmad"
                }
            ],
            "doi": "10.1109/ICIMU49871.2020.9243459",
            "intent": [
                "background"
            ],
            "isInfluential": false,
            "paperId": "28b7d4b5647959bbce30c0392a7cefead575e51c",
            "title": "Design and Development of Machine Learning Technique for Software Project Risk Assessment - A Review",
            "url": "https://www.semanticscholar.org/paper/28b7d4b5647959bbce30c0392a7cefead575e51c",
            "venue": "2020 8th International Conference on Information Technology and Multimedia (ICIMU)",
            "year": 2020
        },
        {
            "arxivId": null,
            "authors": [
                {
                    "authorId": "144401763",
                    "name": "A. Zakari"
                },
                {
                    "authorId": "1459934440",
                    "name": "S. Lee"
                },
                {
                    "authorId": "144837389",
                    "name": "Rui Abreu"
                },
                {
                    "authorId": "1515093570",
                    "name": "B. Ahmed"
                },
                {
                    "authorId": "153199118",
                    "name": "Rasheed Abubakar Rasheed"
                }
            ],
            "doi": "10.1016/j.infsof.2020.106312",
            "intent": [],
            "isInfluential": false,
            "paperId": "58a3fa3fb38f5b8deec5a0c2dfeeee6926517959",
            "title": "Multiple fault localization of software programs: A systematic literature review",
            "url": "https://www.semanticscholar.org/paper/58a3fa3fb38f5b8deec5a0c2dfeeee6926517959",
            "venue": "Inf. Softw. Technol.",
            "year": 2020
        },
        {
            "arxivId": "2111.14583",
            "authors": [
                {
                    "authorId": "148430293",
                    "name": "Zoe Kotti"
                },
                {
                    "authorId": "2937511",
                    "name": "Konstantinos Kravvaritis"
                },
                {
                    "authorId": "41095366",
                    "name": "Konstantina Dritsa"
                },
                {
                    "authorId": "1740799",
                    "name": "D. Spinellis"
                }
            ],
            "doi": "10.1007/s10664-020-09834-7",
            "intent": [
                "background"
            ],
            "isInfluential": false,
            "paperId": "7889d09a8d6c1fc0089ad645b5fda0dae57a6314",
            "title": "Standing on shoulders or feet? An extended study on the usage of the MSR data papers",
            "url": "https://www.semanticscholar.org/paper/7889d09a8d6c1fc0089ad645b5fda0dae57a6314",
            "venue": "Empirical Software Engineering",
            "year": 2020
        },
        {
            "arxivId": "2007.01231",
            "authors": [
                {
                    "authorId": "32732621",
                    "name": "Kian Ahrabian"
                },
                {
                    "authorId": "1725299",
                    "name": "Daniel Tarlow"
                },
                {
                    "authorId": "1785408651",
                    "name": "Hehuimin Cheng"
                },
                {
                    "authorId": "1994701040",
                    "name": "Jin L. C. Guo"
                }
            ],
            "doi": null,
            "intent": [
                "background"
            ],
            "isInfluential": false,
            "paperId": "1a67761027bd89b078445bef7040ded5d20dd2c8",
            "title": "Software Engineering Event Modeling using Relative Time in Temporal Knowledge Graphs",
            "url": "https://www.semanticscholar.org/paper/1a67761027bd89b078445bef7040ded5d20dd2c8",
            "venue": "ArXiv",
            "year": 2020
        },
        {
            "arxivId": null,
            "authors": [
                {
                    "authorId": "49830829",
                    "name": "Peipei Wang"
                },
                {
                    "authorId": "1965873243",
                    "name": "Chris Brown"
                },
                {
                    "authorId": "2074156646",
                    "name": "Jamie A. Jennings"
                },
                {
                    "authorId": "2619495",
                    "name": "Kathryn T. Stolee"
                }
            ],
            "doi": "10.1145/3379597.3387464",
            "intent": [
                "methodology",
                "background"
            ],
            "isInfluential": true,
            "paperId": "fa79c247fae073298e217ae4e644d44487727bdc",
            "title": "An Empirical Study on Regular Expression Bugs",
            "url": "https://www.semanticscholar.org/paper/fa79c247fae073298e217ae4e644d44487727bdc",
            "venue": "2020 IEEE/ACM 17th International Conference on Mining Software Repositories (MSR)",
            "year": 2020
        },
        {
            "arxivId": null,
            "authors": [
                {
                    "authorId": "3440433",
                    "name": "Xunhui Zhang"
                },
                {
                    "authorId": "40464536",
                    "name": "Ayushi Rastogi"
                },
                {
                    "authorId": "47111832",
                    "name": "Yue Yu"
                }
            ],
            "doi": "10.1145/3379597.3387489",
            "intent": [
                "methodology",
                "background"
            ],
            "isInfluential": true,
            "paperId": "f41cb52ff55c5c5425ba3e99da6d4a01e365fb1e",
            "title": "On the Shoulders of Giants: A New Dataset for Pull-based Development Research",
            "url": "https://www.semanticscholar.org/paper/f41cb52ff55c5c5425ba3e99da6d4a01e365fb1e",
            "venue": "2020 IEEE/ACM 17th International Conference on Mining Software Repositories (MSR)",
            "year": 2020
        },
        {
            "arxivId": null,
            "authors": [
                {
                    "authorId": "1815847",
                    "name": "Ot\u00e1vio Augusto Lazzarini Lemos"
                },
                {
                    "authorId": "2218438723",
                    "name": "Marcelo Suzuki"
                },
                {
                    "authorId": "1731230",
                    "name": "A. C. D. Paula"
                },
                {
                    "authorId": "1597377685",
                    "name": "Claire Le Goes"
                }
            ],
            "doi": "10.1145/3341105.3373972",
            "intent": [
                "background"
            ],
            "isInfluential": false,
            "paperId": "2ce660a99f65e7a03ffa3502fd1a9ff08e4d73ad",
            "title": "Comparing identifiers and comments in engineered and non-engineered code: a large-scale empirical study",
            "url": "https://www.semanticscholar.org/paper/2ce660a99f65e7a03ffa3502fd1a9ff08e4d73ad",
            "venue": "SAC",
            "year": 2020
        },
        {
            "arxivId": "2003.10750",
            "authors": [
                {
                    "authorId": "9193431",
                    "name": "Abdulkadir Seker"
                },
                {
                    "authorId": "3278786",
                    "name": "B. Diri"
                },
                {
                    "authorId": "2060742163",
                    "name": "Halil Arslan"
                },
                {
                    "authorId": "1775715",
                    "name": "M. Amasyal\u0131"
                }
            ],
            "doi": null,
            "intent": [],
            "isInfluential": false,
            "paperId": "6808fd739bfed343221dcbe593304fbea538a303",
            "title": "A Systematic Mapping of Software Engineering Challenges: GHTorrent Case",
            "url": "https://www.semanticscholar.org/paper/6808fd739bfed343221dcbe593304fbea538a303",
            "venue": "ArXiv",
            "year": 2020
        },
        {
            "arxivId": null,
            "authors": [
                {
                    "authorId": "9193431",
                    "name": "Abdulkadir Seker"
                },
                {
                    "authorId": "3278786",
                    "name": "B. Diri"
                },
                {
                    "authorId": "2060742163",
                    "name": "Halil Arslan"
                },
                {
                    "authorId": "1775715",
                    "name": "M. Amasyal\u0131"
                }
            ],
            "doi": null,
            "intent": [],
            "isInfluential": false,
            "paperId": "0d0430681a2aeff6e7c07ffa9303384003ffb299",
            "title": "Open Source Software Development Challenges: A Systematic Literature Review on GitHub",
            "url": "https://www.semanticscholar.org/paper/0d0430681a2aeff6e7c07ffa9303384003ffb299",
            "venue": "Int. J. Open Source Softw. Process.",
            "year": 2020
        },
        {
            "arxivId": "2004.08846",
            "authors": [
                {
                    "authorId": "151504676",
                    "name": "Sandeep Muvva"
                },
                {
                    "authorId": "2228826361",
                    "name": "Eashaan Rao"
                },
                {
                    "authorId": "1926332",
                    "name": "S. Chimalakonda"
                }
            ],
            "doi": "10.5281/ZENODO.3653836",
            "intent": [
                "background"
            ],
            "isInfluential": false,
            "paperId": "fecb581e2eb243510adfbab5439db2dcb2855118",
            "title": "BuGL - A Cross-Language Dataset for Bug Localization",
            "url": "https://www.semanticscholar.org/paper/fecb581e2eb243510adfbab5439db2dcb2855118",
            "venue": "ArXiv",
            "year": 2020
        },
        {
            "arxivId": "2002.02314",
            "authors": [
                {
                    "authorId": "1740799",
                    "name": "D. Spinellis"
                },
                {
                    "authorId": "148430293",
                    "name": "Zoe Kotti"
                },
                {
                    "authorId": "1702551",
                    "name": "A. Mockus"
                }
            ],
            "doi": "10.1145/3379597.3387496",
            "intent": [
                "background"
            ],
            "isInfluential": false,
            "paperId": "5d9312965cc55751943f9c5a3de4db51c187fd9f",
            "title": "A Dataset for GitHub Repository Deduplication",
            "url": "https://www.semanticscholar.org/paper/5d9312965cc55751943f9c5a3de4db51c187fd9f",
            "venue": "2020 IEEE/ACM 17th International Conference on Mining Software Repositories (MSR)",
            "year": 2020
        },
        {
            "arxivId": "1908.09321",
            "authors": [
                {
                    "authorId": "2989307",
                    "name": "Valentina Lenarduzzi"
                },
                {
                    "authorId": "1388832631",
                    "name": "Vili Nikkola"
                },
                {
                    "authorId": "122148075",
                    "name": "Nyyti Saarim\u00e4ki"
                },
                {
                    "authorId": "1766982",
                    "name": "D. Taibi"
                }
            ],
            "doi": "10.1016/j.jss.2020.110806",
            "intent": [
                "methodology"
            ],
            "isInfluential": false,
            "paperId": "027bc94cbd37ceb26d85b18e5d19804b72c29015",
            "title": "Does Code Quality Affect Pull Request Acceptance? An empirical study",
            "url": "https://www.semanticscholar.org/paper/027bc94cbd37ceb26d85b18e5d19804b72c29015",
            "venue": "J. Syst. Softw.",
            "year": 2019
        },
        {
            "arxivId": null,
            "authors": [
                {
                    "authorId": "148430293",
                    "name": "Zoe Kotti"
                },
                {
                    "authorId": "1740799",
                    "name": "D. Spinellis"
                }
            ],
            "doi": "10.1109/MSR.2019.00085",
            "intent": [],
            "isInfluential": false,
            "paperId": "43148fabe2636026e07ca04974aff40d204bfb6b",
            "title": "Standing on Shoulders or Feet? The Usage of the MSR Data Papers",
            "url": "https://www.semanticscholar.org/paper/43148fabe2636026e07ca04974aff40d204bfb6b",
            "venue": "2019 IEEE/ACM 16th International Conference on Mining Software Repositories (MSR)",
            "year": 2019
        },
        {
            "arxivId": null,
            "authors": [
                {
                    "authorId": "7777374",
                    "name": "Yuxing Ma"
                },
                {
                    "authorId": "2065313146",
                    "name": "Chris Bogart"
                },
                {
                    "authorId": "3110752",
                    "name": "Sadika Amreen"
                },
                {
                    "authorId": "2858102",
                    "name": "R. Zaretzki"
                },
                {
                    "authorId": "1702551",
                    "name": "A. Mockus"
                }
            ],
            "doi": "10.1109/MSR.2019.00031",
            "intent": [],
            "isInfluential": false,
            "paperId": "53b56a0f176d2fb025678d864dd6e390282ffbea",
            "title": "World of Code: An Infrastructure for Mining the Universe of Open Source VCS Data",
            "url": "https://www.semanticscholar.org/paper/53b56a0f176d2fb025678d864dd6e390282ffbea",
            "venue": "2019 IEEE/ACM 16th International Conference on Mining Software Repositories (MSR)",
            "year": 2019
        },
        {
            "arxivId": "1902.04060",
            "authors": [
                {
                    "authorId": "2117798516",
                    "name": "Di Chen"
                },
                {
                    "authorId": "2619495",
                    "name": "Kathryn T. Stolee"
                },
                {
                    "authorId": "1703872",
                    "name": "T. Menzies"
                }
            ],
            "doi": "10.1109/ICPC.2019.00037",
            "intent": [
                "background"
            ],
            "isInfluential": false,
            "paperId": "de08bb682ee1152b6389a8226ad717661e8c3153",
            "title": "Replication Can Improve Prior Results: A GitHub Study of Pull Request Acceptance",
            "url": "https://www.semanticscholar.org/paper/de08bb682ee1152b6389a8226ad717661e8c3153",
            "venue": "2019 IEEE/ACM 27th International Conference on Program Comprehension (ICPC)",
            "year": 2019
        },
        {
            "arxivId": "1812.06269",
            "authors": [
                {
                    "authorId": "52307499",
                    "name": "Damien Legay"
                },
                {
                    "authorId": "2794053",
                    "name": "Alexandre Decan"
                },
                {
                    "authorId": "1794675",
                    "name": "T. Mens"
                }
            ],
            "doi": null,
            "intent": [
                "methodology"
            ],
            "isInfluential": false,
            "paperId": "7e8b6a1036c5a1e81b395283904b8b5447517aeb",
            "title": "On the Impact of Pull Request Decisions on Future Contributions",
            "url": "https://www.semanticscholar.org/paper/7e8b6a1036c5a1e81b395283904b8b5447517aeb",
            "venue": "BENEVOL",
            "year": 2018
        },
        {
            "arxivId": null,
            "authors": [
                {
                    "authorId": "40464536",
                    "name": "Ayushi Rastogi"
                },
                {
                    "authorId": "1693689",
                    "name": "Nachiappan Nagappan"
                },
                {
                    "authorId": "2211882",
                    "name": "Georgios Gousios"
                },
                {
                    "authorId": "1739859",
                    "name": "A. Hoek"
                }
            ],
            "doi": "10.1145/3239235.3240504",
            "intent": [
                "background"
            ],
            "isInfluential": true,
            "paperId": "dc584c660c5766efe4b0e2fd1db461535452126e",
            "title": "Relationship between geographical location and evaluation of developer contributions in github",
            "url": "https://www.semanticscholar.org/paper/dc584c660c5766efe4b0e2fd1db461535452126e",
            "venue": "ESEM",
            "year": 2018
        },
        {
            "arxivId": null,
            "authors": [
                {
                    "authorId": "51124492",
                    "name": "Yuzhan Ma"
                },
                {
                    "authorId": "40895660",
                    "name": "Sarah Fakhoury"
                },
                {
                    "authorId": "2103945748",
                    "name": "Michael Christensen"
                },
                {
                    "authorId": "3133380",
                    "name": "Venera Arnaoudova"
                },
                {
                    "authorId": "3436460",
                    "name": "W. Zogaan"
                },
                {
                    "authorId": "2097532",
                    "name": "Mehdi Mirakhorli"
                }
            ],
            "doi": "10.1145/3196398.3196446",
            "intent": [
                "background"
            ],
            "isInfluential": false,
            "paperId": "f543e39bef8dbdb116cd469d94fbad66b573e378",
            "title": "Automatic Classification of Software Artifacts in Open-Source Applications",
            "url": "https://www.semanticscholar.org/paper/f543e39bef8dbdb116cd469d94fbad66b573e378",
            "venue": "2018 IEEE/ACM 15th International Conference on Mining Software Repositories (MSR)",
            "year": 2018
        },
        {
            "arxivId": null,
            "authors": [
                {
                    "authorId": "47111832",
                    "name": "Yue Yu"
                },
                {
                    "authorId": "46948203",
                    "name": "Zhixing Li"
                },
                {
                    "authorId": "143634613",
                    "name": "Gang Yin"
                },
                {
                    "authorId": "39082503",
                    "name": "Tao Wang"
                },
                {
                    "authorId": "143969934",
                    "name": "Huaimin Wang"
                }
            ],
            "doi": "10.1145/3196398.3196455",
            "intent": [
                "background"
            ],
            "isInfluential": false,
            "paperId": "33dab73c106d9b4e50c272d829b5c3249a81293c",
            "title": "A Dataset of Duplicate Pull-Requests in GitHub",
            "url": "https://www.semanticscholar.org/paper/33dab73c106d9b4e50c272d829b5c3249a81293c",
            "venue": "2018 IEEE/ACM 15th International Conference on Mining Software Repositories (MSR)",
            "year": 2018
        },
        {
            "arxivId": null,
            "authors": [
                {
                    "authorId": "11009809",
                    "name": "M. Paix\u00e3o"
                },
                {
                    "authorId": "1824150",
                    "name": "J. Krinke"
                },
                {
                    "authorId": "7883212",
                    "name": "Donggyun Han"
                },
                {
                    "authorId": "145836176",
                    "name": "M. Harman"
                }
            ],
            "doi": "10.1145/3196398.3196466",
            "intent": [
                "background"
            ],
            "isInfluential": false,
            "paperId": "6110c3c38919b0f3371e45c8823b94fb83ffbf62",
            "title": "CROP: Linking Code Reviews to Source Code Changes",
            "url": "https://www.semanticscholar.org/paper/6110c3c38919b0f3371e45c8823b94fb83ffbf62",
            "venue": "2018 IEEE/ACM 15th International Conference on Mining Software Repositories (MSR)",
            "year": 2018
        },
        {
            "arxivId": null,
            "authors": [
                {
                    "authorId": "2154809",
                    "name": "Rabe Abdalkareem"
                },
                {
                    "authorId": "2105324470",
                    "name": "Olivier Nourry"
                },
                {
                    "authorId": "3408327",
                    "name": "Sultan Wehaibi"
                },
                {
                    "authorId": "19281977",
                    "name": "Suhaib Mujahid"
                },
                {
                    "authorId": "3318024",
                    "name": "Emad Shihab"
                }
            ],
            "doi": "10.1145/3106237.3106267",
            "intent": [
                "methodology"
            ],
            "isInfluential": false,
            "paperId": "7af8a7cff59902ddfe8fb845ff4eda639c486f5f",
            "title": "Why do developers use trivial packages? an empirical case study on npm",
            "url": "https://www.semanticscholar.org/paper/7af8a7cff59902ddfe8fb845ff4eda639c486f5f",
            "venue": "ESEC/SIGSOFT FSE",
            "year": 2017
        },
        {
            "arxivId": null,
            "authors": [
                {
                    "authorId": "144273968",
                    "name": "Alexandre Perez"
                },
                {
                    "authorId": "144837389",
                    "name": "Rui Abreu"
                },
                {
                    "authorId": "1403835151",
                    "name": "Marcelo d\u2019Amorim"
                }
            ],
            "doi": "10.1109/ICST.2017.9",
            "intent": [
                "methodology"
            ],
            "isInfluential": false,
            "paperId": "361d05567eb942a757f118babc757c99fbbc5761",
            "title": "Prevalence of Single-Fault Fixes and Its Impact on Fault Localization",
            "url": "https://www.semanticscholar.org/paper/361d05567eb942a757f118babc757c99fbbc5761",
            "venue": "2017 IEEE International Conference on Software Testing, Verification and Validation (ICST)",
            "year": 2017
        },
        {
            "arxivId": "1702.08571",
            "authors": [
                {
                    "authorId": "2117798516",
                    "name": "Di Chen"
                },
                {
                    "authorId": "2619495",
                    "name": "Kathryn T. Stolee"
                },
                {
                    "authorId": "1703872",
                    "name": "T. Menzies"
                }
            ],
            "doi": null,
            "intent": [
                "background"
            ],
            "isInfluential": false,
            "paperId": "bf1d5a38a8b0de2b2e6e57ace30b9fa82a57380d",
            "title": "Replicating and Scaling up Qualitative Analysis using Crowdsourcing: A Github-based Case Study",
            "url": "https://www.semanticscholar.org/paper/bf1d5a38a8b0de2b2e6e57ace30b9fa82a57380d",
            "venue": "ArXiv",
            "year": 2017
        },
        {
            "arxivId": null,
            "authors": [
                {
                    "authorId": "1734481",
                    "name": "Eirini Kalliamvakou"
                },
                {
                    "authorId": "2211882",
                    "name": "Georgios Gousios"
                },
                {
                    "authorId": "1715864",
                    "name": "Kelly Blincoe"
                },
                {
                    "authorId": "18264995",
                    "name": "Leif Singer"
                },
                {
                    "authorId": "2131161",
                    "name": "D. Germ\u00e1n"
                },
                {
                    "authorId": "1741744",
                    "name": "D. Damian"
                }
            ],
            "doi": "10.1007/s10664-015-9393-5",
            "intent": [
                "methodology",
                "background"
            ],
            "isInfluential": true,
            "paperId": "ec893b923db8f30349ef5a02b57bc928110f9f71",
            "title": "An in-depth study of the promises and perils of mining GitHub",
            "url": "https://www.semanticscholar.org/paper/ec893b923db8f30349ef5a02b57bc928110f9f71",
            "venue": "Empirical Software Engineering",
            "year": 2016
        },
        {
            "arxivId": null,
            "authors": [
                {
                    "authorId": "2053852580",
                    "name": "Keisuke Miura"
                },
                {
                    "authorId": "1725534",
                    "name": "Shane McIntosh"
                },
                {
                    "authorId": "1706639",
                    "name": "Yasutaka Kamei"
                },
                {
                    "authorId": "144890499",
                    "name": "A. Hassan"
                },
                {
                    "authorId": "1806862",
                    "name": "Naoyasu Ubayashi"
                }
            ],
            "doi": "10.1145/2961111.2962607",
            "intent": [
                "background"
            ],
            "isInfluential": false,
            "paperId": "ba35aa0a8536ce7c2d03881e86008493ab6625db",
            "title": "The Impact of Task Granularity on Co-evolution Analyses",
            "url": "https://www.semanticscholar.org/paper/ba35aa0a8536ce7c2d03881e86008493ab6625db",
            "venue": "ESEM",
            "year": 2016
        },
        {
            "arxivId": null,
            "authors": [
                {
                    "authorId": "47111832",
                    "name": "Yue Yu"
                },
                {
                    "authorId": "143634613",
                    "name": "Gang Yin"
                },
                {
                    "authorId": "39082503",
                    "name": "Tao Wang"
                },
                {
                    "authorId": "2149303176",
                    "name": "Cheng Yang"
                },
                {
                    "authorId": "143969934",
                    "name": "Huaimin Wang"
                }
            ],
            "doi": "10.1007/s11432-016-5595-8",
            "intent": [],
            "isInfluential": false,
            "paperId": "65b979c1ffb819898ec420408662631fabe09b6e",
            "title": "Determinants of pull-based development in the context of continuous integration",
            "url": "https://www.semanticscholar.org/paper/65b979c1ffb819898ec420408662631fabe09b6e",
            "venue": "Science China Information Sciences",
            "year": 2016
        },
        {
            "arxivId": "1606.00521",
            "authors": [
                {
                    "authorId": "47111832",
                    "name": "Yue Yu"
                },
                {
                    "authorId": "2434621",
                    "name": "Bogdan Vasilescu"
                },
                {
                    "authorId": "143969934",
                    "name": "Huaimin Wang"
                },
                {
                    "authorId": "3179220",
                    "name": "V. Filkov"
                },
                {
                    "authorId": "1730296",
                    "name": "Premkumar T. Devanbu"
                }
            ],
            "doi": null,
            "intent": [
                "methodology"
            ],
            "isInfluential": false,
            "paperId": "0a5266a855ecc0dafac61a9665a8df4a32ba46ff",
            "title": "Initial and Eventual Software Quality Relating to Continuous Integration in GitHub",
            "url": "https://www.semanticscholar.org/paper/0a5266a855ecc0dafac61a9665a8df4a32ba46ff",
            "venue": "ArXiv",
            "year": 2016
        },
        {
            "arxivId": null,
            "authors": [
                {
                    "authorId": "40464536",
                    "name": "Ayushi Rastogi"
                }
            ],
            "doi": "10.1145/2889160.2891035",
            "intent": [],
            "isInfluential": false,
            "paperId": "8881a3f8628a20ed0abccbfd0b483194b9fb3eb2",
            "title": "Do Biases Related to Geographical Location Influence Work-Related Decisions in GitHub?",
            "url": "https://www.semanticscholar.org/paper/8881a3f8628a20ed0abccbfd0b483194b9fb3eb2",
            "venue": "2016 IEEE/ACM 38th International Conference on Software Engineering Companion (ICSE-C)",
            "year": 2016
        },
        {
            "arxivId": null,
            "authors": [
                {
                    "authorId": "40464536",
                    "name": "Ayushi Rastogi"
                },
                {
                    "authorId": "1693689",
                    "name": "Nachiappan Nagappan"
                },
                {
                    "authorId": "2211882",
                    "name": "Georgios Gousios"
                }
            ],
            "doi": null,
            "intent": [
                "background"
            ],
            "isInfluential": true,
            "paperId": "0cfc220918138363c2faa285d2cca008ec3a2bfc",
            "title": "Geographical bias in GitHub : perceptions and reality",
            "url": "https://www.semanticscholar.org/paper/0cfc220918138363c2faa285d2cca008ec3a2bfc",
            "venue": "",
            "year": 2016
        },
        {
            "arxivId": null,
            "authors": [
                {
                    "authorId": "2434621",
                    "name": "Bogdan Vasilescu"
                },
                {
                    "authorId": "47111832",
                    "name": "Yue Yu"
                },
                {
                    "authorId": "143969934",
                    "name": "Huaimin Wang"
                },
                {
                    "authorId": "1730296",
                    "name": "Premkumar T. Devanbu"
                },
                {
                    "authorId": "3179220",
                    "name": "V. Filkov"
                }
            ],
            "doi": "10.1145/2786805.2786850",
            "intent": [
                "methodology"
            ],
            "isInfluential": false,
            "paperId": "0b5a3c73c3a72941664828c049f1f483d462dd08",
            "title": "Quality and productivity outcomes relating to continuous integration in GitHub",
            "url": "https://www.semanticscholar.org/paper/0b5a3c73c3a72941664828c049f1f483d462dd08",
            "venue": "ESEC/SIGSOFT FSE",
            "year": 2015
        },
        {
            "arxivId": null,
            "authors": [
                {
                    "authorId": "47111832",
                    "name": "Yue Yu"
                },
                {
                    "authorId": "143969934",
                    "name": "Huaimin Wang"
                },
                {
                    "authorId": "3179220",
                    "name": "V. Filkov"
                },
                {
                    "authorId": "1730296",
                    "name": "Premkumar T. Devanbu"
                },
                {
                    "authorId": "2434621",
                    "name": "Bogdan Vasilescu"
                }
            ],
            "doi": "10.1109/MSR.2015.42",
            "intent": [
                "methodology"
            ],
            "isInfluential": false,
            "paperId": "23393bdaea4de56302836575327bf995aac8696e",
            "title": "Wait for It: Determinants of Pull Request Evaluation Latency on GitHub",
            "url": "https://www.semanticscholar.org/paper/23393bdaea4de56302836575327bf995aac8696e",
            "venue": "2015 IEEE/ACM 12th Working Conference on Mining Software Repositories",
            "year": 2015
        },
        {
            "arxivId": null,
            "authors": [
                {
                    "authorId": "2211882",
                    "name": "Georgios Gousios"
                },
                {
                    "authorId": "1734938",
                    "name": "M. Storey"
                },
                {
                    "authorId": "1686038",
                    "name": "Alberto Bacchelli"
                }
            ],
            "doi": "10.1145/2884781.2884826",
            "intent": [
                "methodology",
                "result"
            ],
            "isInfluential": false,
            "paperId": "8455b1a9c02e256cf9bc3244f31110db12eb62fc",
            "title": "Work Practices and Challenges in Pull-Based Development: The Contributor's Perspective",
            "url": "https://www.semanticscholar.org/paper/8455b1a9c02e256cf9bc3244f31110db12eb62fc",
            "venue": "2016 IEEE/ACM 38th International Conference on Software Engineering (ICSE)",
            "year": 2014
        },
        {
            "arxivId": null,
            "authors": [
                {
                    "authorId": "33787987",
                    "name": "Sven Amann"
                },
                {
                    "authorId": "1839778",
                    "name": "S. Beyer"
                },
                {
                    "authorId": "3194068",
                    "name": "Katja Kevic"
                },
                {
                    "authorId": "50355692",
                    "name": "H. Gall"
                }
            ],
            "doi": "10.1007/978-3-319-28406-4_5",
            "intent": [
                "background"
            ],
            "isInfluential": false,
            "paperId": "178a226a4fa68d80f709d0cfff5f5458df0daad3",
            "title": "Software Mining Studies: Goals, Approaches, Artifacts, and Replicability",
            "url": "https://www.semanticscholar.org/paper/178a226a4fa68d80f709d0cfff5f5458df0daad3",
            "venue": "LASER Summer School",
            "year": 2013
        },
        {
            "arxivId": null,
            "authors": [
                {
                    "authorId": "2072547941",
                    "name": "S. Yun"
                },
                {
                    "authorId": "153352125",
                    "name": "Rahul N. Iyer"
                },
                {
                    "authorId": "2072547941",
                    "name": "S. Yun"
                },
                {
                    "authorId": "7274019",
                    "name": "M. Nagappan"
                }
            ],
            "doi": null,
            "intent": [
                "background"
            ],
            "isInfluential": false,
            "paperId": "59270bf63fbd3867350382941b2b36d0099d22f1",
            "title": "Personality Traits of GitHub Maintainers and Their Effects on Project Success",
            "url": "https://www.semanticscholar.org/paper/59270bf63fbd3867350382941b2b36d0099d22f1",
            "venue": "",
            "year": 2020
        },
        {
            "arxivId": null,
            "authors": [
                {
                    "authorId": "100884104",
                    "name": "Rik Nijessen"
                }
            ],
            "doi": null,
            "intent": [
                "methodology",
                "background"
            ],
            "isInfluential": true,
            "paperId": "9d719baae18ea4b7a02de1a4d84848794f0be562",
            "title": "A Case for Deep Learning in Mining Software Repositories",
            "url": "https://www.semanticscholar.org/paper/9d719baae18ea4b7a02de1a4d84848794f0be562",
            "venue": "",
            "year": 2017
        },
        {
            "arxivId": null,
            "authors": [
                {
                    "authorId": "1734481",
                    "name": "Eirini Kalliamvakou"
                },
                {
                    "authorId": "2211882",
                    "name": "Georgios Gousios"
                },
                {
                    "authorId": "1715864",
                    "name": "Kelly Blincoe"
                },
                {
                    "authorId": "18264995",
                    "name": "Leif Singer"
                },
                {
                    "authorId": "2131161",
                    "name": "D. Germ\u00e1n"
                },
                {
                    "authorId": "1741744",
                    "name": "D. Damian"
                }
            ],
            "doi": null,
            "intent": [
                "methodology"
            ],
            "isInfluential": true,
            "paperId": "0cb5de4f73f2b858d9d31941eba6e2dc4f1bb7eb",
            "title": "The Promises and Perils of Mining GitHub ( Extended Version )",
            "url": "https://www.semanticscholar.org/paper/0cb5de4f73f2b858d9d31941eba6e2dc4f1bb7eb",
            "venue": "",
            "year": 2015
        },
        {
            "arxivId": null,
            "authors": [
                {
                    "authorId": "2286374597",
                    "name": "Richard Berntsson Svensson"
                },
                {
                    "authorId": "1580186594",
                    "name": "Ilja Pavlov"
                },
                {
                    "authorId": "2221004887",
                    "name": "Susanne Ali"
                },
                {
                    "authorId": "5891657",
                    "name": "Tauhid Mahmud"
                }
            ],
            "doi": null,
            "intent": [
                "methodology"
            ],
            "isInfluential": false,
            "paperId": "c43827c007238b7f4020a2894ada757f29a61bf8",
            "title": "Serverless Development Trends in Open Source: a Mixed-Research Study",
            "url": "https://www.semanticscholar.org/paper/c43827c007238b7f4020a2894ada757f29a61bf8",
            "venue": "",
            "year": null
        },
        {
            "arxivId": null,
            "authors": [
                {
                    "authorId": "2165481260",
                    "name": "Agust\u00edn Olmedo"
                },
                {
                    "authorId": "2277129450",
                    "name": "Gabriela Ar\u00e9valo"
                },
                {
                    "authorId": "3303954",
                    "name": "Ignacio Cassol"
                },
                {
                    "authorId": "1702102",
                    "name": "C. Urtado"
                },
                {
                    "authorId": "1738035",
                    "name": "S. Vauttier"
                }
            ],
            "doi": null,
            "intent": [],
            "isInfluential": false,
            "paperId": "dbbe1e365f9ee95ddfa344b1a2d823371c7f84ee",
            "title": "Improving Integration Process Ef\ufb01ciency through Pull Request Prioritization",
            "url": "https://www.semanticscholar.org/paper/dbbe1e365f9ee95ddfa344b1a2d823371c7f84ee",
            "venue": "",
            "year": null
        },
        {
            "arxivId": null,
            "authors": [
                {
                    "authorId": "2272542833",
                    "name": "Gunnar Kudrjavets"
                }
            ],
            "doi": "10.33612/diss.781738808",
            "intent": [
                "background"
            ],
            "isInfluential": false,
            "paperId": "ea99bfdb9b008eb1b6ba3140e642ef24a13828dc",
            "title": "The Need for Speed: Increasing the Code Review Velocity",
            "url": "https://www.semanticscholar.org/paper/ea99bfdb9b008eb1b6ba3140e642ef24a13828dc",
            "venue": "",
            "year": null
        }
    ],
    "corpusId": 15537872,
    "doi": "10.1145/2597073.2597122",
    "fieldsOfStudy": [
        "Computer Science"
    ],
    "influentialCitationCount": 9,
    "isOpenAccess": false,
    "isPublisherLicensed": true,
    "is_open_access": false,
    "is_publisher_licensed": true,
    "numCitedBy": 65,
    "numCiting": 15,
    "paperId": "0d855817b4218b87e5b58b05b039fee3ba108710",
    "references": [
        {
            "arxivId": null,
            "authors": [
                {
                    "authorId": "2211882",
                    "name": "Georgios Gousios"
                },
                {
                    "authorId": "1775709",
                    "name": "M. Pinzger"
                },
                {
                    "authorId": "1737202",
                    "name": "A. Deursen"
                }
            ],
            "doi": "10.1145/2568225.2568260",
            "intent": [],
            "isInfluential": false,
            "paperId": "79d0909c84fbf4e0fba60ecc235192183fecc8c1",
            "title": "An exploratory study of the pull-based software development model",
            "url": "https://www.semanticscholar.org/paper/79d0909c84fbf4e0fba60ecc235192183fecc8c1",
            "venue": "ICSE",
            "year": 2014
        },
        {
            "arxivId": null,
            "authors": [
                {
                    "authorId": "39374345",
                    "name": "Peter C. Rigby"
                },
                {
                    "authorId": "145193818",
                    "name": "C. Bird"
                }
            ],
            "doi": "10.1145/2491411.2491444",
            "intent": [],
            "isInfluential": false,
            "paperId": "b726137451e8c5e962ad7597c71c912a682848bf",
            "title": "Convergent contemporary software peer review practices",
            "url": "https://www.semanticscholar.org/paper/b726137451e8c5e962ad7597c71c912a682848bf",
            "venue": "ESEC/FSE 2013",
            "year": 2013
        },
        {
            "arxivId": null,
            "authors": [
                {
                    "authorId": "39374345",
                    "name": "Peter C. Rigby"
                },
                {
                    "authorId": "145193818",
                    "name": "C. Bird"
                }
            ],
            "doi": null,
            "intent": [
                "methodology",
                "background"
            ],
            "isInfluential": false,
            "paperId": "fc0feffc61dda1df05b7b3ba5c96038b5f07c96b",
            "title": "Convergent Software Peer Review Practices",
            "url": "https://www.semanticscholar.org/paper/fc0feffc61dda1df05b7b3ba5c96038b5f07c96b",
            "venue": "",
            "year": 2013
        },
        {
            "arxivId": null,
            "authors": [
                {
                    "authorId": "2211882",
                    "name": "Georgios Gousios"
                }
            ],
            "doi": "10.1109/MSR.2013.6624034",
            "intent": [
                "methodology"
            ],
            "isInfluential": true,
            "paperId": "2867eb64cc4bb1945363fdae12a168962ea823aa",
            "title": "The GHTorent dataset and tool suite",
            "url": "https://www.semanticscholar.org/paper/2867eb64cc4bb1945363fdae12a168962ea823aa",
            "venue": "2013 10th Working Conference on Mining Software Repositories (MSR)",
            "year": 2013
        },
        {
            "arxivId": null,
            "authors": [
                {
                    "authorId": "7161686",
                    "name": "Raphael Pham"
                },
                {
                    "authorId": "18264995",
                    "name": "Leif Singer"
                },
                {
                    "authorId": "1765703",
                    "name": "Olga Liskin"
                },
                {
                    "authorId": "5011359",
                    "name": "Fernando Marques Figueira Filho"
                },
                {
                    "authorId": "144014947",
                    "name": "K. Schneider"
                }
            ],
            "doi": "10.1109/ICSE.2013.6606557",
            "intent": [
                "methodology",
                "background"
            ],
            "isInfluential": true,
            "paperId": "aa71290dd29d51a583d4edf029485c6eb492404c",
            "title": "Creating a shared understanding of testing culture on a social coding site",
            "url": "https://www.semanticscholar.org/paper/aa71290dd29d51a583d4edf029485c6eb492404c",
            "venue": "2013 35th International Conference on Software Engineering (ICSE)",
            "year": 2013
        },
        {
            "arxivId": null,
            "authors": [
                {
                    "authorId": "40242908",
                    "name": "M. Mukadam"
                },
                {
                    "authorId": "145193818",
                    "name": "C. Bird"
                },
                {
                    "authorId": "39374345",
                    "name": "Peter C. Rigby"
                }
            ],
            "doi": "10.1109/MSR.2013.6624002",
            "intent": [],
            "isInfluential": false,
            "paperId": "1f62a5526c571aeb4a00a40b8de2b59a6c537449",
            "title": "Gerrit software code review data from Android",
            "url": "https://www.semanticscholar.org/paper/1f62a5526c571aeb4a00a40b8de2b59a6c537449",
            "venue": "2013 10th Working Conference on Mining Software Repositories (MSR)",
            "year": 2013
        },
        {
            "arxivId": null,
            "authors": [
                {
                    "authorId": "28356180",
                    "name": "Kazuki Hamasaki"
                },
                {
                    "authorId": "1680034",
                    "name": "R. Kula"
                },
                {
                    "authorId": "143884632",
                    "name": "Norihiro Yoshida"
                },
                {
                    "authorId": "23635036",
                    "name": "Ana Erika Camargo Cruz"
                },
                {
                    "authorId": "46891693",
                    "name": "Kenji Fujiwara"
                },
                {
                    "authorId": "1687605",
                    "name": "Hajimu Iida"
                }
            ],
            "doi": "10.1109/MSR.2013.6624003",
            "intent": [],
            "isInfluential": false,
            "paperId": "e062d9ef26a07a9d8a0dd0a185b995f465011f16",
            "title": "Who does what during a code review? Datasets of OSS peer review repositories",
            "url": "https://www.semanticscholar.org/paper/e062d9ef26a07a9d8a0dd0a185b995f465011f16",
            "venue": "2013 10th Working Conference on Mining Software Repositories (MSR)",
            "year": 2013
        },
        {
            "arxivId": null,
            "authors": [
                {
                    "authorId": "25701557",
                    "name": "Olga Baysal"
                },
                {
                    "authorId": "1789705",
                    "name": "Reid Holmes"
                },
                {
                    "authorId": "47521175",
                    "name": "Michael W. Godfrey"
                }
            ],
            "doi": "10.1109/MSR.2012.6224305",
            "intent": [],
            "isInfluential": false,
            "paperId": "8a9e88560d59cbd5b424bcb9c119645f463e86ba",
            "title": "Mining usage data and development artifacts",
            "url": "https://www.semanticscholar.org/paper/8a9e88560d59cbd5b424bcb9c119645f463e86ba",
            "venue": "2012 9th IEEE Working Conference on Mining Software Repositories (MSR)",
            "year": 2012
        },
        {
            "arxivId": null,
            "authors": [
                {
                    "authorId": "1784365",
                    "name": "Laura A. Dabbish"
                },
                {
                    "authorId": "2223681983",
                    "name": "Colleen Stuart"
                },
                {
                    "authorId": "2052949",
                    "name": "Jason Tsay"
                },
                {
                    "authorId": "1705550",
                    "name": "J. Herbsleb"
                }
            ],
            "doi": "10.1145/2145204.2145396",
            "intent": [
                "methodology",
                "background"
            ],
            "isInfluential": false,
            "paperId": "aeaaa72d4a35388cba9ea0d81e1d46c8c2abaac1",
            "title": "Social coding in GitHub: transparency and collaboration in an open software repository",
            "url": "https://www.semanticscholar.org/paper/aeaaa72d4a35388cba9ea0d81e1d46c8c2abaac1",
            "venue": "CSCW",
            "year": 2012
        },
        {
            "arxivId": null,
            "authors": [
                {
                    "authorId": "1732227",
                    "name": "E. Giger"
                },
                {
                    "authorId": "1775709",
                    "name": "M. Pinzger"
                },
                {
                    "authorId": "50355692",
                    "name": "H. Gall"
                }
            ],
            "doi": "10.1145/1808920.1808933",
            "intent": [],
            "isInfluential": false,
            "paperId": "f11d382a23eca5ba225df0f8f6eb1fc97b7065d3",
            "title": "Predicting the fix time of bugs",
            "url": "https://www.semanticscholar.org/paper/f11d382a23eca5ba225df0f8f6eb1fc97b7065d3",
            "venue": "RSSE '10",
            "year": 2010
        },
        {
            "arxivId": null,
            "authors": [
                {
                    "authorId": "1974054",
                    "name": "P. Wei\u00dfgerber"
                },
                {
                    "authorId": "2074098424",
                    "name": "Daniel Neu"
                },
                {
                    "authorId": "1680836",
                    "name": "S. Diehl"
                }
            ],
            "doi": "10.1145/1370750.1370767",
            "intent": [
                "methodology",
                "background"
            ],
            "isInfluential": false,
            "paperId": "f28ecdd0a501ce8300f577dad0d473e32083a4ff",
            "title": "Small patches get in!",
            "url": "https://www.semanticscholar.org/paper/f28ecdd0a501ce8300f577dad0d473e32083a4ff",
            "venue": "MSR '08",
            "year": 2008
        },
        {
            "arxivId": null,
            "authors": [
                {
                    "authorId": "145193818",
                    "name": "C. Bird"
                },
                {
                    "authorId": "2047076",
                    "name": "A. Gourley"
                },
                {
                    "authorId": "1730296",
                    "name": "Premkumar T. Devanbu"
                },
                {
                    "authorId": "145014504",
                    "name": "A. Swaminathan"
                },
                {
                    "authorId": "3144976",
                    "name": "Greta Hsu"
                }
            ],
            "doi": "10.1109/MSR.2007.23",
            "intent": [
                "background"
            ],
            "isInfluential": false,
            "paperId": "55a6ea938c24d6d86b30f1259f526f1f90807401",
            "title": "Open Borders? Immigration in Open Source Projects",
            "url": "https://www.semanticscholar.org/paper/55a6ea938c24d6d86b30f1259f526f1f90807401",
            "venue": "Fourth International Workshop on Mining Software Repositories (MSR'07:ICSE Workshops 2007)",
            "year": 2007
        },
        {
            "arxivId": null,
            "authors": [
                {
                    "authorId": "2226695",
                    "name": "J. Anvik"
                },
                {
                    "authorId": "47799990",
                    "name": "L. Hiew"
                },
                {
                    "authorId": "1739674",
                    "name": "G. Murphy"
                }
            ],
            "doi": "10.1145/1134285.1134336",
            "intent": [
                "methodology"
            ],
            "isInfluential": false,
            "paperId": "b3b3c562a45d7710d6f62ad8f210ebca9a47d23f",
            "title": "Who should fix this bug?",
            "url": "https://www.semanticscholar.org/paper/b3b3c562a45d7710d6f62ad8f210ebca9a47d23f",
            "venue": "ICSE",
            "year": 2006
        },
        {
            "arxivId": null,
            "authors": [
                {
                    "authorId": "1693689",
                    "name": "Nachiappan Nagappan"
                },
                {
                    "authorId": "144434028",
                    "name": "T. Ball"
                }
            ],
            "doi": "10.1145/1062455.1062514",
            "intent": [],
            "isInfluential": false,
            "paperId": "b65c215021f062ad66e1c5080d762f589b0dbbf4",
            "title": "Use of relative code churn measures to predict system defect density",
            "url": "https://www.semanticscholar.org/paper/b65c215021f062ad66e1c5080d762f589b0dbbf4",
            "venue": "Proceedings. 27th International Conference on Software Engineering, 2005. ICSE 2005.",
            "year": 2005
        },
        {
            "arxivId": null,
            "authors": [
                {
                    "authorId": "2274422",
                    "name": "Gaeul Jeong"
                },
                {
                    "authorId": "1787729",
                    "name": "Sunghun Kim"
                },
                {
                    "authorId": "143609903",
                    "name": "Thomas Zimmermann"
                },
                {
                    "authorId": "40344266",
                    "name": "K. Yi"
                }
            ],
            "doi": null,
            "intent": [
                "background"
            ],
            "isInfluential": false,
            "paperId": "2c9b1dac31694c65466487dd11534d41cf328d32",
            "title": "Improving Code Review by Predicting Reviewers and Acceptance of Patches",
            "url": "https://www.semanticscholar.org/paper/2c9b1dac31694c65466487dd11534d41cf328d32",
            "venue": "",
            "year": 2009
        }
    ],
    "s2FieldsOfStudy": [
        {
            "category": "Computer Science",
            "source": "external"
        },
        {
            "category": "Computer Science",
            "source": "s2-fos-model"
        }
    ],
    "title": "A dataset for pull-based development research",
    "topics": [],
    "url": "https://www.semanticscholar.org/paper/0d855817b4218b87e5b58b05b039fee3ba108710",
    "venue": "IEEE Working Conference on Mining Software Repositories",
    "year": 2014
}