{
    "abstract": "In this paper, we present a curated collection of 2833 C# solutions taken from Github. We encode the data in a new intermediate representation (IR) that facilitates further analysis by restricting the complexity of the syntax tree and by avoiding implicit information. The dataset is intended as a standardized input for research on recommendation systems for software engineering, but is also useful in many other areas that analyze source code.",
    "arxivId": null,
    "authors": [
        {
            "authorId": "1933475",
            "name": "Sebastian Proksch",
            "url": "https://www.semanticscholar.org/author/1933475"
        },
        {
            "authorId": "33787987",
            "name": "Sven Amann",
            "url": "https://www.semanticscholar.org/author/33787987"
        },
        {
            "authorId": "1869015",
            "name": "Sarah Nadi",
            "url": "https://www.semanticscholar.org/author/1869015"
        },
        {
            "authorId": "1681134",
            "name": "M. Mezini",
            "url": "https://www.semanticscholar.org/author/1681134"
        }
    ],
    "citationVelocity": 0,
    "citations": [
        {
            "arxivId": "2111.14583",
            "authors": [
                {
                    "authorId": "148430293",
                    "name": "Zoe Kotti"
                },
                {
                    "authorId": "2937511",
                    "name": "Konstantinos Kravvaritis"
                },
                {
                    "authorId": "41095366",
                    "name": "Konstantina Dritsa"
                },
                {
                    "authorId": "1740799",
                    "name": "D. Spinellis"
                }
            ],
            "doi": "10.1007/s10664-020-09834-7",
            "intent": [
                "methodology"
            ],
            "isInfluential": false,
            "paperId": "7889d09a8d6c1fc0089ad645b5fda0dae57a6314",
            "title": "Standing on shoulders or feet? An extended study on the usage of the MSR data papers",
            "url": "https://www.semanticscholar.org/paper/7889d09a8d6c1fc0089ad645b5fda0dae57a6314",
            "venue": "Empirical Software Engineering",
            "year": 2020
        },
        {
            "arxivId": null,
            "authors": [
                {
                    "authorId": "15711563",
                    "name": "David Azcona"
                }
            ],
            "doi": null,
            "intent": [
                "methodology"
            ],
            "isInfluential": false,
            "paperId": "4cfcdf865d51f1578f0bd968a480c2cf81747802",
            "title": "Artificial intelligence in computer science and mathematics education",
            "url": "https://www.semanticscholar.org/paper/4cfcdf865d51f1578f0bd968a480c2cf81747802",
            "venue": "",
            "year": 2019
        },
        {
            "arxivId": null,
            "authors": [
                {
                    "authorId": "148430293",
                    "name": "Zoe Kotti"
                },
                {
                    "authorId": "1740799",
                    "name": "D. Spinellis"
                }
            ],
            "doi": "10.1109/MSR.2019.00085",
            "intent": [],
            "isInfluential": false,
            "paperId": "43148fabe2636026e07ca04974aff40d204bfb6b",
            "title": "Standing on Shoulders or Feet? The Usage of the MSR Data Papers",
            "url": "https://www.semanticscholar.org/paper/43148fabe2636026e07ca04974aff40d204bfb6b",
            "venue": "2019 IEEE/ACM 16th International Conference on Mining Software Repositories (MSR)",
            "year": 2019
        },
        {
            "arxivId": null,
            "authors": [
                {
                    "authorId": "2297847300",
                    "name": "Vincent Hellendoorn"
                },
                {
                    "authorId": "1933475",
                    "name": "Sebastian Proksch"
                },
                {
                    "authorId": "50355692",
                    "name": "H. Gall"
                },
                {
                    "authorId": "1686038",
                    "name": "Alberto Bacchelli"
                }
            ],
            "doi": "10.1109/ICSE.2019.00101",
            "intent": [],
            "isInfluential": false,
            "paperId": "d02285385fd2b53a6100b8d62421bba6693b788c",
            "title": "When Code Completion Fails: A Case Study on Real-World Completions",
            "url": "https://www.semanticscholar.org/paper/d02285385fd2b53a6100b8d62421bba6693b788c",
            "venue": "2019 IEEE/ACM 41st International Conference on Software Engineering (ICSE)",
            "year": 2019
        },
        {
            "arxivId": null,
            "authors": [
                {
                    "authorId": "15711563",
                    "name": "David Azcona"
                },
                {
                    "authorId": "50128338",
                    "name": "Piyush Arora"
                },
                {
                    "authorId": "1854679",
                    "name": "I-Han Hsiao"
                },
                {
                    "authorId": "1680223",
                    "name": "A. Smeaton"
                }
            ],
            "doi": "10.1145/3303772.3303813",
            "intent": [
                "methodology"
            ],
            "isInfluential": false,
            "paperId": "208fdf2f598d42cadcbb28ee6e6a90cc608c90a9",
            "title": "user2code2vec: Embeddings for Profiling Students Based on Distributional Representations of Source Code",
            "url": "https://www.semanticscholar.org/paper/208fdf2f598d42cadcbb28ee6e6a90cc608c90a9",
            "venue": "LAK",
            "year": 2019
        },
        {
            "arxivId": null,
            "authors": [
                {
                    "authorId": "3282351",
                    "name": "Ervina \u00c7ergani"
                },
                {
                    "authorId": "1933475",
                    "name": "Sebastian Proksch"
                },
                {
                    "authorId": "1869015",
                    "name": "Sarah Nadi"
                },
                {
                    "authorId": "1681134",
                    "name": "M. Mezini"
                }
            ],
            "doi": "10.5220/0006839000910102",
            "intent": [
                "methodology"
            ],
            "isInfluential": false,
            "paperId": "06c1c92444e80e02e40a5aa9b7643cab64ddbbeb",
            "title": "Investigating Order Information in API-Usage Patterns: A Benchmark and Empirical Study",
            "url": "https://www.semanticscholar.org/paper/06c1c92444e80e02e40a5aa9b7643cab64ddbbeb",
            "venue": "ICSOFT",
            "year": 2018
        },
        {
            "arxivId": null,
            "authors": [
                {
                    "authorId": "3282351",
                    "name": "Ervina \u00c7ergani"
                },
                {
                    "authorId": "1681134",
                    "name": "M. Mezini"
                }
            ],
            "doi": "10.1007/978-3-030-29157-0_4",
            "intent": [],
            "isInfluential": false,
            "paperId": "ce4bdff444ab19d3838471c10f5bd65478e842c8",
            "title": "On the Impact of Order Information in API Usage Patterns",
            "url": "https://www.semanticscholar.org/paper/ce4bdff444ab19d3838471c10f5bd65478e842c8",
            "venue": "ICSOFT",
            "year": 2018
        },
        {
            "arxivId": null,
            "authors": [
                {
                    "authorId": "2747210",
                    "name": "Carol V. Alexandru"
                },
                {
                    "authorId": "3117169",
                    "name": "Sebastiano Panichella"
                },
                {
                    "authorId": "1933475",
                    "name": "Sebastian Proksch"
                },
                {
                    "authorId": "50355692",
                    "name": "H. Gall"
                }
            ],
            "doi": "10.1007/s10664-018-9630-9",
            "intent": [
                "background"
            ],
            "isInfluential": false,
            "paperId": "721ca839174a9f3c5db3fc23a854939a8b2414b8",
            "title": "Redundancy-free analysis of multi-revision software artifacts",
            "url": "https://www.semanticscholar.org/paper/721ca839174a9f3c5db3fc23a854939a8b2414b8",
            "venue": "Empirical Software Engineering",
            "year": 2018
        },
        {
            "arxivId": null,
            "authors": [
                {
                    "authorId": "51126011",
                    "name": "Alireza Joonbakhsh"
                },
                {
                    "authorId": "12238096",
                    "name": "A. Sami"
                }
            ],
            "doi": "10.1145/3196398.3196462",
            "intent": [
                "methodology"
            ],
            "isInfluential": false,
            "paperId": "23407e2114dca0fd834ecf606b5b9b167869fca4",
            "title": "Mining and Extraction of Personal Software Process Measures through IDE Interaction Logs",
            "url": "https://www.semanticscholar.org/paper/23407e2114dca0fd834ecf606b5b9b167869fca4",
            "venue": "2018 IEEE/ACM 15th International Conference on Mining Software Repositories (MSR)",
            "year": 2018
        },
        {
            "arxivId": null,
            "authors": [
                {
                    "authorId": "1933475",
                    "name": "Sebastian Proksch"
                },
                {
                    "authorId": "33787987",
                    "name": "Sven Amann"
                },
                {
                    "authorId": "2265665233",
                    "name": "Sarah Nadi"
                }
            ],
            "doi": "10.1145/3196398.3196400",
            "intent": [
                "background"
            ],
            "isInfluential": false,
            "paperId": "a73bd1dff0c3718d438d56c19239ddfd2e8149e9",
            "title": "Enriched Event Streams: A General Dataset for Empirical Studies on In-IDE Activities of Software Developers",
            "url": "https://www.semanticscholar.org/paper/a73bd1dff0c3718d438d56c19239ddfd2e8149e9",
            "venue": "2018 IEEE/ACM 15th International Conference on Mining Software Repositories (MSR)",
            "year": 2018
        },
        {
            "arxivId": null,
            "authors": [
                {
                    "authorId": "47848983",
                    "name": "Johannes H\u00e4rtel"
                },
                {
                    "authorId": "2064442725",
                    "name": "Hakan Aksu"
                },
                {
                    "authorId": "1738018",
                    "name": "R. L\u00e4mmel"
                }
            ],
            "doi": "10.1145/3196321.3196344",
            "intent": [
                "methodology"
            ],
            "isInfluential": false,
            "paperId": "b825a0813501c1af7d035fb425f0df66ec604a1d",
            "title": "Classification of APIs by Hierarchical Clustering",
            "url": "https://www.semanticscholar.org/paper/b825a0813501c1af7d035fb425f0df66ec604a1d",
            "venue": "2018 IEEE/ACM 26th International Conference on Program Comprehension (ICPC)",
            "year": 2018
        },
        {
            "arxivId": null,
            "authors": [
                {
                    "authorId": "1933475",
                    "name": "Sebastian Proksch"
                },
                {
                    "authorId": "1869015",
                    "name": "Sarah Nadi"
                },
                {
                    "authorId": "33787987",
                    "name": "Sven Amann"
                },
                {
                    "authorId": "1681134",
                    "name": "M. Mezini"
                }
            ],
            "doi": "10.1109/SANER.2017.7884626",
            "intent": [
                "background"
            ],
            "isInfluential": false,
            "paperId": "e0f3235efa71e4a389db93b102063c6b525fb9df",
            "title": "Enriching in-IDE process information with fine-grained source code history",
            "url": "https://www.semanticscholar.org/paper/e0f3235efa71e4a389db93b102063c6b525fb9df",
            "venue": "2017 IEEE 24th International Conference on Software Analysis, Evolution and Reengineering (SANER)",
            "year": 2017
        },
        {
            "arxivId": null,
            "authors": [
                {
                    "authorId": "1933475",
                    "name": "Sebastian Proksch"
                },
                {
                    "authorId": "33787987",
                    "name": "Sven Amann"
                },
                {
                    "authorId": "1869015",
                    "name": "Sarah Nadi"
                },
                {
                    "authorId": "1681134",
                    "name": "M. Mezini"
                }
            ],
            "doi": "10.1145/2970276.2970330",
            "intent": [
                "methodology",
                "background"
            ],
            "isInfluential": false,
            "paperId": "ab2010c53580921fd32b45a2efddfad123d20b0c",
            "title": "Evaluating the evaluations of code recommender systems: A reality check",
            "url": "https://www.semanticscholar.org/paper/ab2010c53580921fd32b45a2efddfad123d20b0c",
            "venue": "2016 31st IEEE/ACM International Conference on Automated Software Engineering (ASE)",
            "year": 2016
        },
        {
            "arxivId": null,
            "authors": [
                {
                    "authorId": "2270672601",
                    "name": "Sebastian Proksch"
                }
            ],
            "doi": null,
            "intent": [
                "methodology",
                "background"
            ],
            "isInfluential": true,
            "paperId": "70f1e76a2ae14b8c1b78eeb2dffc2e3ceddfa319",
            "title": "Enriched Event Streams: A General Platform For Empirical Studies On In-IDE Activities Of Software Developers",
            "url": "https://www.semanticscholar.org/paper/70f1e76a2ae14b8c1b78eeb2dffc2e3ceddfa319",
            "venue": "",
            "year": 2017
        }
    ],
    "corpusId": 17114932,
    "doi": "10.1145/2901739.2903507",
    "fieldsOfStudy": [
        "Computer Science"
    ],
    "influentialCitationCount": 1,
    "isOpenAccess": false,
    "isPublisherLicensed": true,
    "is_open_access": false,
    "is_publisher_licensed": true,
    "numCitedBy": 14,
    "numCiting": 18,
    "paperId": "dc04961f21b634704a1c1c1927fe6742bd96b535",
    "references": [
        {
            "arxivId": null,
            "authors": [
                {
                    "authorId": "1933475",
                    "name": "Sebastian Proksch"
                },
                {
                    "authorId": "34972481",
                    "name": "Johannes Lerch"
                },
                {
                    "authorId": "1681134",
                    "name": "M. Mezini"
                }
            ],
            "doi": "10.1145/2744200",
            "intent": [
                "methodology"
            ],
            "isInfluential": false,
            "paperId": "66911442b67460f0e602a1f56b7342dd593c1993",
            "title": "Intelligent Code Completion with Bayesian Networks",
            "url": "https://www.semanticscholar.org/paper/66911442b67460f0e602a1f56b7342dd593c1993",
            "venue": "ACM Trans. Softw. Eng. Methodol.",
            "year": 2015
        },
        {
            "arxivId": null,
            "authors": [
                {
                    "authorId": "1967472",
                    "name": "Veselin Raychev"
                },
                {
                    "authorId": "1736447",
                    "name": "Martin T. Vechev"
                },
                {
                    "authorId": "1743232",
                    "name": "Eran Yahav"
                }
            ],
            "doi": "10.1145/2594291.2594321",
            "intent": [
                "background"
            ],
            "isInfluential": false,
            "paperId": "1e688be9f4554aa981fe3db9e2a66388b05bd167",
            "title": "Code completion with statistical language models",
            "url": "https://www.semanticscholar.org/paper/1e688be9f4554aa981fe3db9e2a66388b05bd167",
            "venue": "PLDI",
            "year": 2014
        },
        {
            "arxivId": null,
            "authors": [
                {
                    "authorId": "1933475",
                    "name": "Sebastian Proksch"
                },
                {
                    "authorId": "33787987",
                    "name": "Sven Amann"
                },
                {
                    "authorId": "1681134",
                    "name": "M. Mezini"
                }
            ],
            "doi": "10.1145/2593822.2593827",
            "intent": [],
            "isInfluential": false,
            "paperId": "0252f0234b7b8f9643ebeb712a61c8b118f31f5e",
            "title": "Towards standardized evaluation of developer-assistance tools",
            "url": "https://www.semanticscholar.org/paper/0252f0234b7b8f9643ebeb712a61c8b118f31f5e",
            "venue": "RSSE 2014",
            "year": 2014
        },
        {
            "arxivId": null,
            "authors": [
                {
                    "authorId": "144659797",
                    "name": "A. Nguyen"
                },
                {
                    "authorId": "40538640",
                    "name": "Tung Thanh Nguyen"
                },
                {
                    "authorId": "2909676",
                    "name": "H. Nguyen"
                },
                {
                    "authorId": "3124666",
                    "name": "Ahmed Tamrawi"
                },
                {
                    "authorId": "1399952773",
                    "name": "H. V. Nguyen"
                },
                {
                    "authorId": "1403198972",
                    "name": "Jafar M. Al-Kofahi"
                },
                {
                    "authorId": "2327697",
                    "name": "T. Nguyen"
                }
            ],
            "doi": "10.1109/ICSE.2012.6227205",
            "intent": [
                "background"
            ],
            "isInfluential": false,
            "paperId": "79a203f19c5bec57047309aa0bd0ede0568a21fb",
            "title": "Graph-based pattern-oriented, context-sensitive source code completion",
            "url": "https://www.semanticscholar.org/paper/79a203f19c5bec57047309aa0bd0ede0568a21fb",
            "venue": "2012 34th International Conference on Software Engineering (ICSE)",
            "year": 2012
        },
        {
            "arxivId": null,
            "authors": [
                {
                    "authorId": "144755752",
                    "name": "Hao Zhong"
                },
                {
                    "authorId": "145906750",
                    "name": "Tao Xie"
                },
                {
                    "authorId": "144281339",
                    "name": "Lu Zhang"
                },
                {
                    "authorId": "145525190",
                    "name": "J. Pei"
                },
                {
                    "authorId": "2072391067",
                    "name": "Hong Mei"
                }
            ],
            "doi": "10.1007/978-3-642-03013-0_15",
            "intent": [],
            "isInfluential": false,
            "paperId": "fed132d312a9f618329238ac6542d0148a0ff157",
            "title": "MAPO: Mining and Recommending API Usage Patterns",
            "url": "https://www.semanticscholar.org/paper/fed132d312a9f618329238ac6542d0148a0ff157",
            "venue": "ECOOP",
            "year": 2009
        },
        {
            "arxivId": null,
            "authors": [],
            "doi": null,
            "intent": [],
            "isInfluential": false,
            "paperId": "",
            "title": "GenericPart = \u2018\u201d < Num > \u2018[\u2019 < GenericParam > ( \u2018,\u2019 < GenericParam >)\u2217 \u2018]\u2019 GenericParam = \u2018[\u2019 < TypeParameter > ( \u2018-> \u2019 < Type >) ? \u2018]\u2019",
            "url": "",
            "venue": "",
            "year": null
        },
        {
            "arxivId": null,
            "authors": [],
            "doi": null,
            "intent": [],
            "isInfluential": false,
            "paperId": "",
            "title": "Assignment = { ref: < AssignableRef >",
            "url": "",
            "venue": "",
            "year": null
        },
        {
            "arxivId": null,
            "authors": [],
            "doi": null,
            "intent": [],
            "isInfluential": false,
            "paperId": "",
            "title": "SimpleExpr = < ConstExpr > | < ReferenceExpr > | < UnknownExpr > ConstExpr = { value: < Id > }",
            "url": "",
            "venue": "",
            "year": null
        },
        {
            "arxivId": null,
            "authors": [],
            "doi": null,
            "intent": [],
            "isInfluential": false,
            "paperId": "",
            "title": "AssignableExpr =",
            "url": "",
            "venue": "",
            "year": null
        },
        {
            "arxivId": null,
            "authors": [],
            "doi": null,
            "intent": [],
            "isInfluential": false,
            "paperId": "",
            "title": "gen-IR = { typeShape: < TypeShape > , type: < TypeDecl > }",
            "url": "",
            "venue": "type shape",
            "year": null
        },
        {
            "arxivId": null,
            "authors": [],
            "doi": null,
            "intent": [],
            "isInfluential": false,
            "paperId": "",
            "title": "LoopHeaderExpr = < SimpleExpr > | < LoopHeaderBlockExpr > LoopHeaderBlockExpr = { body: < Statement >\u2217 }",
            "url": "",
            "venue": "",
            "year": null
        },
        {
            "arxivId": null,
            "authors": [],
            "doi": null,
            "intent": [],
            "isInfluential": false,
            "paperId": "",
            "title": "AssemblyVersion = < Num > \u2018.\u2019 < Num > \u2018.\u2019 < Num > \u2018.\u2019 < Num >",
            "url": "",
            "venue": "member names",
            "year": null
        },
        {
            "arxivId": null,
            "authors": [],
            "doi": null,
            "intent": [],
            "isInfluential": false,
            "paperId": "",
            "title": "MethodHierarchy = { elem: < Type > , super: (< Type >) ?, \ufb01rst: (< Type >) ? }",
            "url": "",
            "venue": "declarations",
            "year": null
        },
        {
            "arxivId": null,
            "authors": [],
            "doi": null,
            "intent": [],
            "isInfluential": false,
            "paperId": "",
            "title": "IfElseBlock = { cond: < VariableRef",
            "url": "",
            "venue": "",
            "year": null
        },
        {
            "arxivId": null,
            "authors": [],
            "doi": null,
            "intent": [],
            "isInfluential": false,
            "paperId": "",
            "title": "ReferenceExpr",
            "url": "",
            "venue": "",
            "year": null
        },
        {
            "arxivId": null,
            "authors": [],
            "doi": null,
            "intent": [],
            "isInfluential": false,
            "paperId": "",
            "title": "Type = \u2018?\u2019 | < TypeParameter > | < DelegateType > | < ArrayType > | < RegularType >",
            "url": "",
            "venue": "",
            "year": null
        },
        {
            "arxivId": null,
            "authors": [],
            "doi": null,
            "intent": [],
            "isInfluential": false,
            "paperId": "",
            "title": "RegularType = (< TypeQuali\ufb01er > \u2018:\u2019 ) ? < ResolvedType > \u2018,\u2019 < Assembly > TypeQuali\ufb01er = \u2018e\u2019 | \u2018i\u2019 | \u2018s\u2019",
            "url": "",
            "venue": "enum, interface, struct",
            "year": null
        },
        {
            "arxivId": null,
            "authors": [],
            "doi": null,
            "intent": [],
            "isInfluential": false,
            "paperId": "",
            "title": "TypeShape = { th: < TypeHierarchy > mh: < MethodHierarchy >\u2217 } TypeHierarchy = { elem: < Type > , extends: (< TypeHierarchy >) ?, implements: < TypeHierarchy >\u2217 }",
            "url": "",
            "venue": "",
            "year": null
        }
    ],
    "s2FieldsOfStudy": [
        {
            "category": "Computer Science",
            "source": "external"
        },
        {
            "category": "Computer Science",
            "source": "s2-fos-model"
        }
    ],
    "title": "A Dataset of Simplified Syntax Trees for C#",
    "topics": [],
    "url": "https://www.semanticscholar.org/paper/dc04961f21b634704a1c1c1927fe6742bd96b535",
    "venue": "IEEE Working Conference on Mining Software Repositories",
    "year": 2016
}