{
    "abstract": "A main difficulty to study the evolution and quality of real-life software systems is the effect of moderator factors, such as: programming skill, type of maintenance task, and learning effect. Experimenters must account for moderator factors to identify the relationships between the variables of interest. In practice, controlling for moderator factors in realistic (industrial) settings is expensive and rather difficult. The data presented in this paper has two particularities: First, it involves six professional developers and four real-life, industrial systems. Second, it was obtained from controlled, multiple case studies where the moderator variables: programming skill, maintenance task, and learning effect were controlled for. This data set is relevant to experimenters studying evolution and quality of real-life systems, in particular those interested in studying industrial systems and replicating empirical studies.",
    "arxivId": null,
    "authors": [
        {
            "authorId": "40340068",
            "name": "A. Yamashita",
            "url": "https://www.semanticscholar.org/author/40340068"
        },
        {
            "authorId": "1924512",
            "name": "S. Amirhossein Abtahizadeh",
            "url": "https://www.semanticscholar.org/author/1924512"
        },
        {
            "authorId": "1703493",
            "name": "Foutse Khomh",
            "url": "https://www.semanticscholar.org/author/1703493"
        },
        {
            "authorId": "1718050",
            "name": "Yann-Ga\u00ebl Gu\u00e9h\u00e9neuc",
            "url": "https://www.semanticscholar.org/author/1718050"
        }
    ],
    "citationVelocity": 0,
    "citations": [
        {
            "arxivId": "2209.04511",
            "authors": [
                {
                    "authorId": "2056767397",
                    "name": "Samuel W. Flint"
                },
                {
                    "authorId": "2056766928",
                    "name": "Jigyasa Chauhan"
                },
                {
                    "authorId": "2256709693",
                    "name": "Robert Dyer"
                }
            ],
            "doi": "10.1007/s10664-022-10200-y",
            "intent": [],
            "isInfluential": false,
            "paperId": "d1988265d634962b4682dc2b1ff8200cbf0eb9eb",
            "title": "Pitfalls and guidelines for using time-based Git data",
            "url": "https://www.semanticscholar.org/paper/d1988265d634962b4682dc2b1ff8200cbf0eb9eb",
            "venue": "Empirical Software Engineering",
            "year": 2022
        },
        {
            "arxivId": null,
            "authors": [
                {
                    "authorId": "1754291",
                    "name": "N. Gold"
                },
                {
                    "authorId": "1824150",
                    "name": "J. Krinke"
                }
            ],
            "doi": "10.1007/s10664-021-10057-7",
            "intent": [
                "background"
            ],
            "isInfluential": true,
            "paperId": "8a7ab081a35f9f7336c60d6cf1c6a9627e8c71e1",
            "title": "Ethics in the mining of software repositories",
            "url": "https://www.semanticscholar.org/paper/8a7ab081a35f9f7336c60d6cf1c6a9627e8c71e1",
            "venue": "Empirical Software Engineering",
            "year": 2021
        },
        {
            "arxivId": "2111.14583",
            "authors": [
                {
                    "authorId": "148430293",
                    "name": "Zoe Kotti"
                },
                {
                    "authorId": "2937511",
                    "name": "Konstantinos Kravvaritis"
                },
                {
                    "authorId": "41095366",
                    "name": "Konstantina Dritsa"
                },
                {
                    "authorId": "1740799",
                    "name": "D. Spinellis"
                }
            ],
            "doi": "10.1007/s10664-020-09834-7",
            "intent": [],
            "isInfluential": false,
            "paperId": "7889d09a8d6c1fc0089ad645b5fda0dae57a6314",
            "title": "Standing on shoulders or feet? An extended study on the usage of the MSR data papers",
            "url": "https://www.semanticscholar.org/paper/7889d09a8d6c1fc0089ad645b5fda0dae57a6314",
            "venue": "Empirical Software Engineering",
            "year": 2020
        },
        {
            "arxivId": null,
            "authors": [
                {
                    "authorId": "148430293",
                    "name": "Zoe Kotti"
                },
                {
                    "authorId": "1740799",
                    "name": "D. Spinellis"
                }
            ],
            "doi": "10.1109/MSR.2019.00085",
            "intent": [],
            "isInfluential": false,
            "paperId": "43148fabe2636026e07ca04974aff40d204bfb6b",
            "title": "Standing on Shoulders or Feet? The Usage of the MSR Data Papers",
            "url": "https://www.semanticscholar.org/paper/43148fabe2636026e07ca04974aff40d204bfb6b",
            "venue": "2019 IEEE/ACM 16th International Conference on Mining Software Repositories (MSR)",
            "year": 2019
        },
        {
            "arxivId": null,
            "authors": [
                {
                    "authorId": "40340068",
                    "name": "A. Yamashita"
                },
                {
                    "authorId": "145400424",
                    "name": "F\u00e1bio Petrillo"
                },
                {
                    "authorId": "1703493",
                    "name": "Foutse Khomh"
                },
                {
                    "authorId": "1718050",
                    "name": "Yann-Ga\u00ebl Gu\u00e9h\u00e9neuc"
                }
            ],
            "doi": "10.1145/3196398.3196457",
            "intent": [
                "methodology"
            ],
            "isInfluential": false,
            "paperId": "b6168caf63709e584ebba78f3c4555722236cf36",
            "title": "Developer Interaction Traces Backed by IDE Screen Recordings from Think Aloud Sessions",
            "url": "https://www.semanticscholar.org/paper/b6168caf63709e584ebba78f3c4555722236cf36",
            "venue": "2018 IEEE/ACM 15th International Conference on Mining Software Repositories (MSR)",
            "year": 2018
        },
        {
            "arxivId": null,
            "authors": [
                {
                    "authorId": "2105219000",
                    "name": "Nick Lodewijks"
                }
            ],
            "doi": null,
            "intent": [],
            "isInfluential": false,
            "paperId": "59c498385cf65c88d03a85e57d22435524b3c16d",
            "title": "Clone-and-Own Analysis of an Industrial Automation System",
            "url": "https://www.semanticscholar.org/paper/59c498385cf65c88d03a85e57d22435524b3c16d",
            "venue": "",
            "year": 2018
        },
        {
            "arxivId": null,
            "authors": [
                {
                    "authorId": "2105219000",
                    "name": "Nick Lodewijks"
                }
            ],
            "doi": null,
            "intent": [
                "methodology"
            ],
            "isInfluential": false,
            "paperId": "40ca0e99af96a581f2a43a4cff92bcc966274f06",
            "title": "Analysis of a Clone-and-Own Industrial Automation System : An Exploratory Study",
            "url": "https://www.semanticscholar.org/paper/40ca0e99af96a581f2a43a4cff92bcc966274f06",
            "venue": "",
            "year": 2017
        }
    ],
    "corpusId": 37450483,
    "doi": "10.1109/MSR.2017.44",
    "fieldsOfStudy": [
        "Computer Science"
    ],
    "influentialCitationCount": 1,
    "isOpenAccess": true,
    "isPublisherLicensed": true,
    "is_open_access": true,
    "is_publisher_licensed": true,
    "numCitedBy": 7,
    "numCiting": 16,
    "paperId": "d21acf00a909e97cbaa4d6f6e4478e07c1bf7580",
    "references": [
        {
            "arxivId": null,
            "authors": [
                {
                    "authorId": "3021119",
                    "name": "Z. Soh"
                },
                {
                    "authorId": "40340068",
                    "name": "A. Yamashita"
                },
                {
                    "authorId": "1703493",
                    "name": "Foutse Khomh"
                },
                {
                    "authorId": "1718050",
                    "name": "Yann-Ga\u00ebl Gu\u00e9h\u00e9neuc"
                }
            ],
            "doi": "10.1109/SANER.2016.103",
            "intent": [],
            "isInfluential": false,
            "paperId": "5c07b92d689a41db0ad3dacd147bd34d139edda9",
            "title": "Do Code Smells Impact the Effort of Different Maintenance Programming Activities?",
            "url": "https://www.semanticscholar.org/paper/5c07b92d689a41db0ad3dacd147bd34d139edda9",
            "venue": "2016 IEEE 23rd International Conference on Software Analysis, Evolution, and Reengineering (SANER)",
            "year": 2016
        },
        {
            "arxivId": null,
            "authors": [
                {
                    "authorId": "2803579",
                    "name": "Mike Barnett"
                },
                {
                    "authorId": "145193818",
                    "name": "C. Bird"
                },
                {
                    "authorId": "145663521",
                    "name": "Jo\u00e3o Brunet"
                },
                {
                    "authorId": "145474353",
                    "name": "Shuvendu K. Lahiri"
                }
            ],
            "doi": "10.1109/ICSE.2015.35",
            "intent": [
                "background"
            ],
            "isInfluential": false,
            "paperId": "fee5ad386a4d665751f980b4f662200b37480524",
            "title": "Helping Developers Help Themselves: Automatic Decomposition of Code Review Changesets",
            "url": "https://www.semanticscholar.org/paper/fee5ad386a4d665751f980b4f662200b37480524",
            "venue": "2015 IEEE/ACM 37th IEEE International Conference on Software Engineering",
            "year": 2015
        },
        {
            "arxivId": null,
            "authors": [
                {
                    "authorId": "40340068",
                    "name": "A. Yamashita"
                },
                {
                    "authorId": "1762006",
                    "name": "L. Moonen"
                }
            ],
            "doi": "10.1016/J.INFSOF.2013.08.002",
            "intent": [
                "background"
            ],
            "isInfluential": false,
            "paperId": "895bdcb6a8035ddb9b09588c0084587c7cf2b214",
            "title": "To what extent can maintenance problems be predicted by code smell detection? - An empirical study",
            "url": "https://www.semanticscholar.org/paper/895bdcb6a8035ddb9b09588c0084587c7cf2b214",
            "venue": "Inf. Softw. Technol.",
            "year": 2013
        },
        {
            "arxivId": null,
            "authors": [
                {
                    "authorId": "40340068",
                    "name": "A. Yamashita"
                },
                {
                    "authorId": "145677084",
                    "name": "S. Counsell"
                }
            ],
            "doi": "10.1016/J.JSS.2013.05.007",
            "intent": [
                "methodology"
            ],
            "isInfluential": false,
            "paperId": "bee7b2bf042bbe1c82aa07b8776d26a5522426d1",
            "title": "Code smells as system-level indicators of maintainability: An empirical study",
            "url": "https://www.semanticscholar.org/paper/bee7b2bf042bbe1c82aa07b8776d26a5522426d1",
            "venue": "J. Syst. Softw.",
            "year": 2013
        },
        {
            "arxivId": null,
            "authors": [
                {
                    "authorId": "52099029",
                    "name": "Dag I.K. Sj\u00f8berg"
                },
                {
                    "authorId": "40340068",
                    "name": "A. Yamashita"
                },
                {
                    "authorId": "2766941",
                    "name": "Bente Anda"
                },
                {
                    "authorId": "1702551",
                    "name": "A. Mockus"
                },
                {
                    "authorId": "1724774",
                    "name": "T. Dyb\u00e5"
                }
            ],
            "doi": "10.1109/TSE.2012.89",
            "intent": [
                "background"
            ],
            "isInfluential": false,
            "paperId": "8b0197d7c528c72c2997ec09091956de29783da6",
            "title": "Quantifying the Effect of Code Smells on Maintenance Effort",
            "url": "https://www.semanticscholar.org/paper/8b0197d7c528c72c2997ec09091956de29783da6",
            "venue": "IEEE Transactions on Software Engineering",
            "year": 2013
        },
        {
            "arxivId": null,
            "authors": [
                {
                    "authorId": "40340068",
                    "name": "A. Yamashita"
                },
                {
                    "authorId": "1762006",
                    "name": "L. Moonen"
                }
            ],
            "doi": "10.1109/ICSE.2013.6606614",
            "intent": [],
            "isInfluential": false,
            "paperId": "e18944245819cfc6905af89dd4bc93268f7e5558",
            "title": "Exploring the impact of inter-smell relations on software maintainability: An empirical study",
            "url": "https://www.semanticscholar.org/paper/e18944245819cfc6905af89dd4bc93268f7e5558",
            "venue": "2013 35th International Conference on Software Engineering (ICSE)",
            "year": 2013
        },
        {
            "arxivId": null,
            "authors": [
                {
                    "authorId": "40340068",
                    "name": "A. Yamashita"
                }
            ],
            "doi": "10.1007/s10664-013-9250-3",
            "intent": [
                "background"
            ],
            "isInfluential": false,
            "paperId": "e8907ec317b4f4ae090988a3252f9d622130765b",
            "title": "Assessing the capability of code smells to explain maintenance problems: an empirical study combining quantitative and qualitative data",
            "url": "https://www.semanticscholar.org/paper/e8907ec317b4f4ae090988a3252f9d622130765b",
            "venue": "Empirical Software Engineering",
            "year": 2013
        },
        {
            "arxivId": null,
            "authors": [
                {
                    "authorId": "3027235",
                    "name": "Gunnar R. Bergersen"
                },
                {
                    "authorId": "103154097",
                    "name": "J. Gustafsson"
                }
            ],
            "doi": "10.1027/1614-0001/A000052",
            "intent": [
                "background",
                "methodology"
            ],
            "isInfluential": false,
            "paperId": "4c915241ba9ed69dff8cdb22321062f9aa4e02b0",
            "title": "Programming Skill, Knowledge, and Working Memory Among Professional Software Developers from an Investment Theory Perspective",
            "url": "https://www.semanticscholar.org/paper/4c915241ba9ed69dff8cdb22321062f9aa4e02b0",
            "venue": "",
            "year": 2011
        },
        {
            "arxivId": null,
            "authors": [
                {
                    "authorId": "2766941",
                    "name": "Bente Anda"
                },
                {
                    "authorId": "52099029",
                    "name": "Dag I.K. Sj\u00f8berg"
                },
                {
                    "authorId": "1702551",
                    "name": "A. Mockus"
                }
            ],
            "doi": "10.1109/TSE.2008.89",
            "intent": [
                "methodology"
            ],
            "isInfluential": false,
            "paperId": "2f4be19304d36a55d1debf33d6c2a7562f2703a4",
            "title": "Variability and Reproducibility in Software Engineering: A Study of Four Companies that Developed the Same System",
            "url": "https://www.semanticscholar.org/paper/2f4be19304d36a55d1debf33d6c2a7562f2703a4",
            "venue": "IEEE Transactions on Software Engineering",
            "year": 2009
        },
        {
            "arxivId": null,
            "authors": [
                {
                    "authorId": "2766941",
                    "name": "Bente Anda"
                }
            ],
            "doi": "10.1109/ICSM.2007.4362633",
            "intent": [
                "methodology"
            ],
            "isInfluential": false,
            "paperId": "72b1a5f3c61c2d3a1cfa88763d86da9e287d132a",
            "title": "Assessing Software System Maintainability using Structural Measures and Expert Assessments",
            "url": "https://www.semanticscholar.org/paper/72b1a5f3c61c2d3a1cfa88763d86da9e287d132a",
            "venue": "2007 IEEE International Conference on Software Maintenance",
            "year": 2007
        },
        {
            "arxivId": null,
            "authors": [
                {
                    "authorId": "2808565",
                    "name": "Radu Marinescu"
                }
            ],
            "doi": "10.1109/ICSM.2005.63",
            "intent": [
                "methodology"
            ],
            "isInfluential": false,
            "paperId": "b8a4a24eb1895b0c7f4e01843122f590eaf99889",
            "title": "Measurement and Quality in Object-Oriented Design",
            "url": "https://www.semanticscholar.org/paper/b8a4a24eb1895b0c7f4e01843122f590eaf99889",
            "venue": "ICSM",
            "year": 2005
        },
        {
            "arxivId": null,
            "authors": [
                {
                    "authorId": "1723491",
                    "name": "F. Shull"
                },
                {
                    "authorId": "1678713",
                    "name": "V. Basili"
                },
                {
                    "authorId": "1680416",
                    "name": "Jeffrey C. Carver"
                },
                {
                    "authorId": "32768962",
                    "name": "J. Maldonado"
                },
                {
                    "authorId": "1688347",
                    "name": "G. Travassos"
                },
                {
                    "authorId": "1723519",
                    "name": "Manoel G. Mendon\u00e7a"
                },
                {
                    "authorId": "40202024",
                    "name": "S. Fabbri"
                }
            ],
            "doi": "10.1109/ISESE.2002.1166920",
            "intent": [
                "background"
            ],
            "isInfluential": false,
            "paperId": "29f908a6026f4a64ce76531720a27511e2ccd35a",
            "title": "Replicating software engineering experiments: addressing the tacit knowledge problem",
            "url": "https://www.semanticscholar.org/paper/29f908a6026f4a64ce76531720a27511e2ccd35a",
            "venue": "Proceedings International Symposium on Empirical Software Engineering",
            "year": 2002
        },
        {
            "arxivId": "cs/0612004",
            "authors": [
                {
                    "authorId": "38818920",
                    "name": "Jean-Marie Burkhardt"
                },
                {
                    "authorId": "1693932",
                    "name": "F. D\u00e9tienne"
                },
                {
                    "authorId": "1682649",
                    "name": "Susan Wiedenbeck"
                }
            ],
            "doi": "10.1023/A:1015297914742",
            "intent": [],
            "isInfluential": false,
            "paperId": "08504be2b1185e92b3c04e860a95326369beea2e",
            "title": "Object-Oriented Program Comprehension: Effect of Expertise, Task and Phase",
            "url": "https://www.semanticscholar.org/paper/08504be2b1185e92b3c04e860a95326369beea2e",
            "venue": "Empirical Software Engineering",
            "year": 2002
        },
        {
            "arxivId": null,
            "authors": [
                {
                    "authorId": "11424023",
                    "name": "Gregory A. Hall"
                },
                {
                    "authorId": "1794764",
                    "name": "J. Munson"
                }
            ],
            "doi": "10.1016/S0164-1212(00)00031-5",
            "intent": [
                "methodology"
            ],
            "isInfluential": false,
            "paperId": "ba1d1d389587a6a9e527d3cebfabaa75f32d88b4",
            "title": "Software evolution: code delta and code churn",
            "url": "https://www.semanticscholar.org/paper/ba1d1d389587a6a9e527d3cebfabaa75f32d88b4",
            "venue": "J. Syst. Softw.",
            "year": 2000
        },
        {
            "arxivId": null,
            "authors": [
                {
                    "authorId": "40340068",
                    "name": "A. Yamashita"
                }
            ],
            "doi": null,
            "intent": [
                "background",
                "methodology"
            ],
            "isInfluential": true,
            "paperId": "322451b37abdb1f492100ebe0ec54bfff433d604",
            "title": "Assessing the Capability of Code Smells to Support Software Maintainability Assessments: Empirical Inquiry and Methodological Approach",
            "url": "https://www.semanticscholar.org/paper/322451b37abdb1f492100ebe0ec54bfff433d604",
            "venue": "",
            "year": 2012
        },
        {
            "arxivId": null,
            "authors": [
                {
                    "authorId": "144145499",
                    "name": "J. Kidd"
                }
            ],
            "doi": null,
            "intent": [
                "background"
            ],
            "isInfluential": false,
            "paperId": "efeeebfc5273898c8f40f923d9f2026b462af059",
            "title": "Management Teams: Why They Succeed or Fail",
            "url": "https://www.semanticscholar.org/paper/efeeebfc5273898c8f40f923d9f2026b462af059",
            "venue": "",
            "year": 1982
        }
    ],
    "s2FieldsOfStudy": [
        {
            "category": "Computer Science",
            "source": "external"
        },
        {
            "category": "Computer Science",
            "source": "s2-fos-model"
        }
    ],
    "title": "Software Evolution and Quality Data from Controlled, Multiple, Industrial Case Studies",
    "topics": [],
    "url": "https://www.semanticscholar.org/paper/d21acf00a909e97cbaa4d6f6e4478e07c1bf7580",
    "venue": "IEEE Working Conference on Mining Software Repositories",
    "year": 2017
}