{
    "abstract": "A good evolution process and a good architecture can greatly support the maintainability of long-lived, large software systems. We present AREVOL, a dataset for the empirical study of architectural evolution. The dataset comprises two popular systems from the same domain and using the same component model, to make comparative studies possible. Besides the original component metadata, AREVOL includes scripts to obtain simplified models that nevertheless support rich studies of architectural evolution, as the authors' previous work has shown.",
    "arxivId": null,
    "authors": [
        {
            "authorId": "1770749",
            "name": "M. Wermelinger",
            "url": "https://www.semanticscholar.org/author/1770749"
        },
        {
            "authorId": "1718749",
            "name": "Y. Yu",
            "url": "https://www.semanticscholar.org/author/1718749"
        }
    ],
    "citationVelocity": 0,
    "citations": [
        {
            "arxivId": "2209.04511",
            "authors": [
                {
                    "authorId": "2056767397",
                    "name": "Samuel W. Flint"
                },
                {
                    "authorId": "2056766928",
                    "name": "Jigyasa Chauhan"
                },
                {
                    "authorId": "2256709693",
                    "name": "Robert Dyer"
                }
            ],
            "doi": "10.1007/s10664-022-10200-y",
            "intent": [],
            "isInfluential": false,
            "paperId": "d1988265d634962b4682dc2b1ff8200cbf0eb9eb",
            "title": "Pitfalls and guidelines for using time-based Git data",
            "url": "https://www.semanticscholar.org/paper/d1988265d634962b4682dc2b1ff8200cbf0eb9eb",
            "venue": "Empirical Software Engineering",
            "year": 2022
        },
        {
            "arxivId": "2111.14583",
            "authors": [
                {
                    "authorId": "148430293",
                    "name": "Zoe Kotti"
                },
                {
                    "authorId": "2937511",
                    "name": "Konstantinos Kravvaritis"
                },
                {
                    "authorId": "41095366",
                    "name": "Konstantina Dritsa"
                },
                {
                    "authorId": "1740799",
                    "name": "D. Spinellis"
                }
            ],
            "doi": "10.1007/s10664-020-09834-7",
            "intent": [
                "background"
            ],
            "isInfluential": false,
            "paperId": "7889d09a8d6c1fc0089ad645b5fda0dae57a6314",
            "title": "Standing on shoulders or feet? An extended study on the usage of the MSR data papers",
            "url": "https://www.semanticscholar.org/paper/7889d09a8d6c1fc0089ad645b5fda0dae57a6314",
            "venue": "Empirical Software Engineering",
            "year": 2020
        },
        {
            "arxivId": null,
            "authors": [
                {
                    "authorId": "1729877",
                    "name": "A. Capiluppi"
                },
                {
                    "authorId": "2133181",
                    "name": "D. D. Ruscio"
                },
                {
                    "authorId": "37121973",
                    "name": "Juri Di Rocco"
                },
                {
                    "authorId": "145431495",
                    "name": "P. T. Nguyen"
                },
                {
                    "authorId": "3460573",
                    "name": "N. Ajienka"
                }
            ],
            "doi": "10.1016/j.infsof.2020.106279",
            "intent": [
                "background"
            ],
            "isInfluential": false,
            "paperId": "82c53c971b10a55640ea44c4efce1741a47a8877",
            "title": "Detecting Java software similarities by using different clustering techniques",
            "url": "https://www.semanticscholar.org/paper/82c53c971b10a55640ea44c4efce1741a47a8877",
            "venue": "Inf. Softw. Technol.",
            "year": 2020
        },
        {
            "arxivId": null,
            "authors": [
                {
                    "authorId": "1729877",
                    "name": "A. Capiluppi"
                },
                {
                    "authorId": "3460573",
                    "name": "N. Ajienka"
                },
                {
                    "authorId": "144092156",
                    "name": "Nour Ali"
                },
                {
                    "authorId": "2724255",
                    "name": "Mahir Arzoky"
                },
                {
                    "authorId": "145677084",
                    "name": "S. Counsell"
                },
                {
                    "authorId": "2048851",
                    "name": "Giuseppe Destefanis"
                },
                {
                    "authorId": "2064009926",
                    "name": "A. Miron"
                },
                {
                    "authorId": "1580286323",
                    "name": "Bhaveet Nagaria"
                },
                {
                    "authorId": "2349325",
                    "name": "R. Neykova"
                },
                {
                    "authorId": "2319775",
                    "name": "M. Shepperd"
                },
                {
                    "authorId": "151475240",
                    "name": "S. Swift"
                },
                {
                    "authorId": "1775612",
                    "name": "A. Tucker"
                }
            ],
            "doi": "10.1145/3383219.3383231",
            "intent": [
                "background"
            ],
            "isInfluential": false,
            "paperId": "0d91f6f9d717a68825836234b99d8e012a7ee39c",
            "title": "Using the Lexicon from Source Code to Determine Application Domain",
            "url": "https://www.semanticscholar.org/paper/0d91f6f9d717a68825836234b99d8e012a7ee39c",
            "venue": "EASE",
            "year": 2020
        },
        {
            "arxivId": null,
            "authors": [
                {
                    "authorId": "1729877",
                    "name": "A. Capiluppi"
                },
                {
                    "authorId": "3460573",
                    "name": "N. Ajienka"
                }
            ],
            "doi": "10.1109/SOHEAL.2019.00010",
            "intent": [
                "background"
            ],
            "isInfluential": false,
            "paperId": "1a613d98c4cab75d3658f1bf2e32d68d995c2e1b",
            "title": "The relevance of application domains in empirical findings",
            "url": "https://www.semanticscholar.org/paper/1a613d98c4cab75d3658f1bf2e32d68d995c2e1b",
            "venue": "SoHeal@ICSE",
            "year": 2019
        },
        {
            "arxivId": null,
            "authors": [
                {
                    "authorId": "148430293",
                    "name": "Zoe Kotti"
                },
                {
                    "authorId": "1740799",
                    "name": "D. Spinellis"
                }
            ],
            "doi": "10.1109/MSR.2019.00085",
            "intent": [],
            "isInfluential": false,
            "paperId": "43148fabe2636026e07ca04974aff40d204bfb6b",
            "title": "Standing on Shoulders or Feet? The Usage of the MSR Data Papers",
            "url": "https://www.semanticscholar.org/paper/43148fabe2636026e07ca04974aff40d204bfb6b",
            "venue": "2019 IEEE/ACM 16th International Conference on Mining Software Repositories (MSR)",
            "year": 2019
        }
    ],
    "corpusId": 10020860,
    "doi": "10.1109/MSR.2015.74",
    "fieldsOfStudy": [
        "Computer Science"
    ],
    "influentialCitationCount": 0,
    "isOpenAccess": true,
    "isPublisherLicensed": true,
    "is_open_access": true,
    "is_publisher_licensed": true,
    "numCitedBy": 6,
    "numCiting": 8,
    "paperId": "007c939a090d828b70f8581dc2d7c84a00486521",
    "references": [
        {
            "arxivId": null,
            "authors": [
                {
                    "authorId": "1770749",
                    "name": "M. Wermelinger"
                },
                {
                    "authorId": "1718749",
                    "name": "Y. Yu"
                },
                {
                    "authorId": "144833546",
                    "name": "A. Lozano"
                },
                {
                    "authorId": "1729877",
                    "name": "A. Capiluppi"
                }
            ],
            "doi": "10.1007/s10664-011-9164-x",
            "intent": [
                "background"
            ],
            "isInfluential": false,
            "paperId": "ca281c2b7eca5963cf703eaef66f11919fe9be2d",
            "title": "Assessing architectural evolution: a case study",
            "url": "https://www.semanticscholar.org/paper/ca281c2b7eca5963cf703eaef66f11919fe9be2d",
            "venue": "Empirical Software Engineering",
            "year": 2011
        },
        {
            "arxivId": "1304.1186",
            "authors": [
                {
                    "authorId": "70060283",
                    "name": "B. Flyvbjerg"
                }
            ],
            "doi": "10.1177/1077800405284363",
            "intent": [
                "background"
            ],
            "isInfluential": false,
            "paperId": "ce7131b8096d257d9ab5d98892d297f9e33e7e9e",
            "title": "Five Misunderstandings About Case-Study Research",
            "url": "https://www.semanticscholar.org/paper/ce7131b8096d257d9ab5d98892d297f9e33e7e9e",
            "venue": "",
            "year": 2006
        },
        {
            "arxivId": null,
            "authors": [
                {
                    "authorId": "20973083",
                    "name": "Dirk Beyer"
                },
                {
                    "authorId": "1943843",
                    "name": "A. Noack"
                },
                {
                    "authorId": "3204437",
                    "name": "C. Lewerentz"
                }
            ],
            "doi": "10.1109/TSE.2005.23",
            "intent": [
                "background",
                "methodology"
            ],
            "isInfluential": true,
            "paperId": "449fd3751a36e5652247e02a84ef87b582711bf4",
            "title": "Efficient relational calculation for software analysis",
            "url": "https://www.semanticscholar.org/paper/449fd3751a36e5652247e02a84ef87b582711bf4",
            "venue": "IEEE Transactions on Software Engineering",
            "year": 2005
        },
        {
            "arxivId": null,
            "authors": [
                {
                    "authorId": "1771065",
                    "name": "M. Lehman"
                },
                {
                    "authorId": "1398548185",
                    "name": "J. Fern\u00e1ndez-Ramil"
                },
                {
                    "authorId": "3327356",
                    "name": "P. Wernick"
                },
                {
                    "authorId": "143977783",
                    "name": "D. Perry"
                },
                {
                    "authorId": "34773526",
                    "name": "W. Turski"
                }
            ],
            "doi": "10.1109/METRIC.1997.637156",
            "intent": [
                "methodology"
            ],
            "isInfluential": false,
            "paperId": "fd5e4c7715f32070b10ee9d06183a76acdf2cd21",
            "title": "Metrics and laws of software evolution-the nineties view",
            "url": "https://www.semanticscholar.org/paper/fd5e4c7715f32070b10ee9d06183a76acdf2cd21",
            "venue": "Proceedings Fourth International Software Metrics Symposium",
            "year": 1997
        },
        {
            "arxivId": null,
            "authors": [
                {
                    "authorId": "52058480",
                    "name": "Version"
                },
                {
                    "authorId": "145581354",
                    "name": "Kenny Wong"
                },
                {
                    "authorId": "2151194858",
                    "name": "H. M\u00fcller"
                }
            ],
            "doi": null,
            "intent": [],
            "isInfluential": false,
            "paperId": "781fe2fb92aa551e55a3db7aac6e214d40836bca",
            "title": "Rigi User\u2019s Manual",
            "url": "https://www.semanticscholar.org/paper/781fe2fb92aa551e55a3db7aac6e214d40836bca",
            "venue": "",
            "year": 1998
        },
        {
            "arxivId": null,
            "authors": [],
            "doi": null,
            "intent": [
                "background"
            ],
            "isInfluential": false,
            "paperId": "",
            "title": "Large-scale stability",
            "url": "",
            "venue": "C++ Report, vol. 9, no. 2, pp. 54\u201360, Feb. 1997.",
            "year": 1997
        },
        {
            "arxivId": null,
            "authors": [
                {
                    "authorId": "1722904",
                    "name": "L. Briand"
                },
                {
                    "authorId": "1712038",
                    "name": "S. Morasca"
                },
                {
                    "authorId": "1678713",
                    "name": "V. Basili"
                }
            ],
            "doi": "10.1109/32.481535",
            "intent": [
                "background"
            ],
            "isInfluential": false,
            "paperId": "c0d9a396c6d3881dfcb0d1cd28b2433f83faf9ca",
            "title": "Property-Based Software Engineering Measurement",
            "url": "https://www.semanticscholar.org/paper/c0d9a396c6d3881dfcb0d1cd28b2433f83faf9ca",
            "venue": "IEEE Trans. Software Eng.",
            "year": 1996
        },
        {
            "arxivId": null,
            "authors": [],
            "doi": null,
            "intent": [],
            "isInfluential": false,
            "paperId": "",
            "title": "Granularity , \u201d C + + Report , vol . 8 , no . 10 , pp . 57 \u2013 62 , Nov . - Dec . 1996 . [ 5 ] \u2014 \u2014 , \u201c Large - scale stability , \u201d C + + Report",
            "url": "",
            "venue": "",
            "year": null
        }
    ],
    "s2FieldsOfStudy": [
        {
            "category": "Computer Science",
            "source": "external"
        },
        {
            "category": "Computer Science",
            "source": "s2-fos-model"
        },
        {
            "category": "Engineering",
            "source": "s2-fos-model"
        }
    ],
    "title": "An Architectural Evolution Dataset",
    "topics": [],
    "url": "https://www.semanticscholar.org/paper/007c939a090d828b70f8581dc2d7c84a00486521",
    "venue": "2015 IEEE/ACM 12th Working Conference on Mining Software Repositories",
    "year": 2015
}