{
    "abstract": "Excessive non-actionable warnings generated by static program analysis tools can hinder developers from utilizing these tools effectively. Leveraging learning-based approaches for actionable warning identification has demonstrated promise in boosting developer productivity, minimizing the risk of bugs, and reducing code smells. However, the small sizes of existing datasets have limited the model choices for machine learning researchers, and the lack of aligned fix commits limits the scope of the dataset for research. In this paper, we present AW4C, an actionable warning C dataset that contains 38,134 actionable warnings mined from more than 500 repositories on GitHub. These warnings are generated via Cppcheck, and most importantly, each warning is precisely mapped to the commit where the corrective action occurred. To the best of our knowledge, this is the largest publicly available actionable warning dataset for C programming language to date. The dataset is suited for use in machine/deep learning models and can support a wide range of tasks, such as actionable warning identification and vulnerability detection. Furthermore, we have released our dataset1 and a general framework for collecting actionable warnings on GitHub2 to facilitate other researchers to replicate our work and validate their innovative ideas.CCS Concepts\u2022 Software and its engineering \u2192 Software maintenance tools; Software creation and management; Software testing and debugging;\u2022 Mathematics of computing \u2192 Data mining.",
    "arxivId": null,
    "authors": [
        {
            "authorId": "2276260993",
            "name": "Zhipeng Liu",
            "url": "https://www.semanticscholar.org/author/2276260993"
        },
        {
            "authorId": "2242953759",
            "name": "Meng Yan",
            "url": "https://www.semanticscholar.org/author/2242953759"
        },
        {
            "authorId": "2243685513",
            "name": "Zhipeng Gao",
            "url": "https://www.semanticscholar.org/author/2243685513"
        },
        {
            "authorId": "2307652306",
            "name": "Dong Li",
            "url": "https://www.semanticscholar.org/author/2307652306"
        },
        {
            "authorId": "2190265846",
            "name": "Xiaohong Zhang",
            "url": "https://www.semanticscholar.org/author/2190265846"
        },
        {
            "authorId": "2186703367",
            "name": "Dan Yang",
            "url": "https://www.semanticscholar.org/author/2186703367"
        }
    ],
    "citationVelocity": 0,
    "citations": [],
    "corpusId": 270592770,
    "doi": "10.1145/3643991.3644885",
    "fieldsOfStudy": [
        "Computer Science"
    ],
    "influentialCitationCount": 0,
    "isOpenAccess": false,
    "isPublisherLicensed": true,
    "is_open_access": false,
    "is_publisher_licensed": true,
    "numCitedBy": 0,
    "numCiting": 18,
    "paperId": "bbcab38695db7b1a22c42be8069186d3313b7933",
    "references": [
        {
            "arxivId": null,
            "authors": [
                {
                    "authorId": "1380224328",
                    "name": "Xiuting Ge"
                },
                {
                    "authorId": "7595994",
                    "name": "Chunrong Fang"
                },
                {
                    "authorId": "39280862",
                    "name": "Jia Liu"
                },
                {
                    "authorId": "2142736632",
                    "name": "Mingshuang Qing"
                },
                {
                    "authorId": "2216320246",
                    "name": "Xuanye Li"
                },
                {
                    "authorId": "2191234318",
                    "name": "Zhihong Zhao"
                }
            ],
            "doi": "10.1016/j.eswa.2023.120152",
            "intent": [
                "background"
            ],
            "isInfluential": false,
            "paperId": "e58b032752680066a8ec337095d0977ad149f96e",
            "title": "An unsupervised feature selection approach for actionable warning identification",
            "url": "https://www.semanticscholar.org/paper/e58b032752680066a8ec337095d0977ad149f96e",
            "venue": "Expert Syst. Appl.",
            "year": 2023
        },
        {
            "arxivId": "2205.10504",
            "authors": [
                {
                    "authorId": "2121614670",
                    "name": "Rahul Yedida"
                },
                {
                    "authorId": "48654378",
                    "name": "Hong Jin Kang"
                },
                {
                    "authorId": "41016373",
                    "name": "Huy Tu"
                },
                {
                    "authorId": "47008250",
                    "name": "Xueqi Yang"
                },
                {
                    "authorId": "143960552",
                    "name": "David Lo"
                },
                {
                    "authorId": "1703872",
                    "name": "T. Menzies"
                }
            ],
            "doi": "10.1109/TSE.2023.3234206",
            "intent": [
                "background"
            ],
            "isInfluential": false,
            "paperId": "f44e90a6ba62d00f85b74c2a5719bf5b6c8a6a92",
            "title": "How to Find Actionable Static Analysis Warnings: A Case Study With FindBugs",
            "url": "https://www.semanticscholar.org/paper/f44e90a6ba62d00f85b74c2a5719bf5b6c8a6a92",
            "venue": "IEEE Transactions on Software Engineering",
            "year": 2022
        },
        {
            "arxivId": "2203.09907",
            "authors": [
                {
                    "authorId": "35665260",
                    "name": "Anant Kharkar"
                },
                {
                    "authorId": "1680427",
                    "name": "Roshanak Zilouchian Moghaddam"
                },
                {
                    "authorId": "2159543096",
                    "name": "Matthew Jin"
                },
                {
                    "authorId": "2111037735",
                    "name": "Xiaoyu Liu"
                },
                {
                    "authorId": "2159544304",
                    "name": "Xin Shi"
                },
                {
                    "authorId": "2064509404",
                    "name": "Colin B. Clement"
                },
                {
                    "authorId": "145507437",
                    "name": "Neel Sundaresan"
                }
            ],
            "doi": "10.1145/3510003.3510153",
            "intent": [
                "methodology"
            ],
            "isInfluential": false,
            "paperId": "291390ece15032c6a72c61a460efc25209162efb",
            "title": "Learning to Reduce False Positives in Analytic Bug Detectors",
            "url": "https://www.semanticscholar.org/paper/291390ece15032c6a72c61a460efc25209162efb",
            "venue": "2022 IEEE/ACM 44th International Conference on Software Engineering (ICSE)",
            "year": 2022
        },
        {
            "arxivId": "2202.05982",
            "authors": [
                {
                    "authorId": "48654378",
                    "name": "Hong Jin Kang"
                },
                {
                    "authorId": "2154417982",
                    "name": "Khai Loong Aw"
                },
                {
                    "authorId": "143960553",
                    "name": "D. Lo"
                }
            ],
            "doi": "10.1145/3510003.3510214",
            "intent": [
                "background"
            ],
            "isInfluential": false,
            "paperId": "9e9033cea9d3a677c185455730c1139000db4713",
            "title": "Detecting False Alarms from Automatic Static Analysis Tools: How Far are We?",
            "url": "https://www.semanticscholar.org/paper/9e9033cea9d3a677c185455730c1139000db4713",
            "venue": "2022 IEEE/ACM 44th International Conference on Software Engineering (ICSE)",
            "year": 2022
        },
        {
            "arxivId": null,
            "authors": [
                {
                    "authorId": "2701493",
                    "name": "Tukaram Muske"
                },
                {
                    "authorId": "1747171",
                    "name": "Alexander Serebrenik"
                }
            ],
            "doi": "10.1145/3494521",
            "intent": [
                "background"
            ],
            "isInfluential": false,
            "paperId": "452ee36d07a178f972d2f1d9e9de76f2603e748f",
            "title": "Survey of Approaches for Postprocessing of Static Analysis Alarms",
            "url": "https://www.semanticscholar.org/paper/452ee36d07a178f972d2f1d9e9de76f2603e748f",
            "venue": "ACM Comput. Surv.",
            "year": 2022
        },
        {
            "arxivId": "2105.14565",
            "authors": [
                {
                    "authorId": "2110347097",
                    "name": "Yaqin Zhou"
                },
                {
                    "authorId": "30163639",
                    "name": "J. Siow"
                },
                {
                    "authorId": "2109502308",
                    "name": "Chenyu Wang"
                },
                {
                    "authorId": "13877308",
                    "name": "Shangqing Liu"
                },
                {
                    "authorId": "38057121",
                    "name": "Yang Liu"
                }
            ],
            "doi": "10.1145/3468854",
            "intent": [
                "background"
            ],
            "isInfluential": false,
            "paperId": "58ea9241f3f61eeb278a768651c297ebf31d8550",
            "title": "SPI: Automated Identification of Security Patches via Commits",
            "url": "https://www.semanticscholar.org/paper/58ea9241f3f61eeb278a768651c297ebf31d8550",
            "venue": "ACM Trans. Softw. Eng. Methodol.",
            "year": 2021
        },
        {
            "arxivId": "2009.07235",
            "authors": [
                {
                    "authorId": "47570053",
                    "name": "Saikat Chakraborty"
                },
                {
                    "authorId": "49206685",
                    "name": "R. Krishna"
                },
                {
                    "authorId": "1902935998",
                    "name": "Yangruibo Ding"
                },
                {
                    "authorId": "31631000",
                    "name": "Baishakhi Ray"
                }
            ],
            "doi": "10.1109/TSE.2021.3087402",
            "intent": [],
            "isInfluential": false,
            "paperId": "bd02bcf2a437217eaac245abe443b2f672b3b36a",
            "title": "Deep Learning Based Vulnerability Detection: Are We There Yet?",
            "url": "https://www.semanticscholar.org/paper/bd02bcf2a437217eaac245abe443b2f672b3b36a",
            "venue": "IEEE Transactions on Software Engineering",
            "year": 2020
        },
        {
            "arxivId": null,
            "authors": [
                {
                    "authorId": "47008250",
                    "name": "Xueqi Yang"
                },
                {
                    "authorId": "1491247841",
                    "name": "Zhe Yu"
                },
                {
                    "authorId": "2109763128",
                    "name": "Junjie Wang"
                },
                {
                    "authorId": "1703872",
                    "name": "T. Menzies"
                }
            ],
            "doi": "10.1016/j.eswa.2020.114134",
            "intent": [
                "background"
            ],
            "isInfluential": false,
            "paperId": "462dfde80c8bcef7e971d4db06a236c761f47dc3",
            "title": "Understanding static code warnings: An incremental AI approach",
            "url": "https://www.semanticscholar.org/paper/462dfde80c8bcef7e971d4db06a236c761f47dc3",
            "venue": "Expert Syst. Appl.",
            "year": 2019
        },
        {
            "arxivId": null,
            "authors": [
                {
                    "authorId": "2109763128",
                    "name": "Junjie Wang"
                },
                {
                    "authorId": "2117074753",
                    "name": "Song Wang"
                },
                {
                    "authorId": "40326638",
                    "name": "Qing Wang"
                }
            ],
            "doi": "10.1145/3239235.3239523",
            "intent": [
                "background"
            ],
            "isInfluential": false,
            "paperId": "9826a8d17c7bd090974d39d263949ea710e80de0",
            "title": "Is there a \"golden\" feature set for static warning identification?: an experimental evaluation",
            "url": "https://www.semanticscholar.org/paper/9826a8d17c7bd090974d39d263949ea710e80de0",
            "venue": "ESEM",
            "year": 2018
        },
        {
            "arxivId": null,
            "authors": [
                {
                    "authorId": "9180121",
                    "name": "Enas A. Alikhashashneh"
                },
                {
                    "authorId": "1796910",
                    "name": "R. Raje"
                },
                {
                    "authorId": "2111166734",
                    "name": "James H. Hill"
                }
            ],
            "doi": "10.1109/AICCSA.2018.8612819",
            "intent": [],
            "isInfluential": false,
            "paperId": "601899e4ddca5db51ff19ea9be2ccb5a44c2378d",
            "title": "Using Machine Learning Techniques to Classify and Predict Static Code Analysis Tool Warnings",
            "url": "https://www.semanticscholar.org/paper/601899e4ddca5db51ff19ea9be2ccb5a44c2378d",
            "venue": "2018 IEEE/ACS 15th International Conference on Computer Systems and Applications (AICCSA)",
            "year": 2018
        },
        {
            "arxivId": "1807.06756",
            "authors": [
                {
                    "authorId": "1700892",
                    "name": "Z. Li"
                },
                {
                    "authorId": "2068865",
                    "name": "Deqing Zou"
                },
                {
                    "authorId": "5030313",
                    "name": "Shouhuai Xu"
                },
                {
                    "authorId": "145914256",
                    "name": "Hai Jin"
                },
                {
                    "authorId": "13457125",
                    "name": "Yawei Zhu"
                },
                {
                    "authorId": "51121239",
                    "name": "Zhaoxuan Chen"
                },
                {
                    "authorId": "2116429557",
                    "name": "Sujuan Wang"
                },
                {
                    "authorId": "2109657003",
                    "name": "Jialai Wang"
                }
            ],
            "doi": "10.1109/TDSC.2021.3051525",
            "intent": [],
            "isInfluential": false,
            "paperId": "cb7f45a0915bfc833f36523b22bd12bab766d8a8",
            "title": "SySeVR: A Framework for Using Deep Learning to Detect Software Vulnerabilities",
            "url": "https://www.semanticscholar.org/paper/cb7f45a0915bfc833f36523b22bd12bab766d8a8",
            "venue": "IEEE Transactions on Dependable and Secure Computing",
            "year": 2018
        },
        {
            "arxivId": "1807.02458",
            "authors": [
                {
                    "authorId": "1737833",
                    "name": "A. Sabetta"
                },
                {
                    "authorId": "34876221",
                    "name": "M. Bezzi"
                }
            ],
            "doi": "10.1109/ICSME.2018.00058",
            "intent": [
                "methodology"
            ],
            "isInfluential": false,
            "paperId": "80592ad12d3ed6f274823c7ed9a17b154cb319fd",
            "title": "A Practical Approach to the Automatic Classification of Security-Relevant Commits",
            "url": "https://www.semanticscholar.org/paper/80592ad12d3ed6f274823c7ed9a17b154cb319fd",
            "venue": "2018 IEEE International Conference on Software Maintenance and Evolution (ICSME)",
            "year": 2018
        },
        {
            "arxivId": null,
            "authors": [
                {
                    "authorId": "2110347097",
                    "name": "Yaqin Zhou"
                },
                {
                    "authorId": "39117273",
                    "name": "Asankhaya Sharma"
                }
            ],
            "doi": "10.1145/3106237.3117771",
            "intent": [
                "methodology"
            ],
            "isInfluential": false,
            "paperId": "89c6a8c77284e2453efbd3f4c5f494f7b693cb6a",
            "title": "Automated identification of security issues from commit messages and bug reports",
            "url": "https://www.semanticscholar.org/paper/89c6a8c77284e2453efbd3f4c5f494f7b693cb6a",
            "venue": "ESEC/SIGSOFT FSE",
            "year": 2017
        },
        {
            "arxivId": null,
            "authors": [
                {
                    "authorId": "3191798",
                    "name": "Jean-R\u00e9my Falleri"
                },
                {
                    "authorId": "2152412",
                    "name": "Flor\u00e9al Morandat"
                },
                {
                    "authorId": "145821577",
                    "name": "Xavier Blanc"
                },
                {
                    "authorId": "37368749",
                    "name": "Matias Martinez"
                },
                {
                    "authorId": "150220964",
                    "name": "Monperrus Martin"
                }
            ],
            "doi": "10.1145/2642937.2642982",
            "intent": [
                "methodology"
            ],
            "isInfluential": false,
            "paperId": "099c9fa379eeb10222969ce0073968ea47417768",
            "title": "Fine-grained and accurate source code differencing",
            "url": "https://www.semanticscholar.org/paper/099c9fa379eeb10222969ce0073968ea47417768",
            "venue": "ASE",
            "year": 2014
        },
        {
            "arxivId": null,
            "authors": [
                {
                    "authorId": "3000077",
                    "name": "Quinn Hanam"
                },
                {
                    "authorId": "144938015",
                    "name": "Lin Tan"
                },
                {
                    "authorId": "1789705",
                    "name": "Reid Holmes"
                },
                {
                    "authorId": "145773256",
                    "name": "Patrick Lam"
                }
            ],
            "doi": "10.1145/2597073.2597100",
            "intent": [],
            "isInfluential": false,
            "paperId": "6381f158c3731541318950a789a3b401fcc93cec",
            "title": "Finding patterns in static analysis alerts: improving actionable alert ranking",
            "url": "https://www.semanticscholar.org/paper/6381f158c3731541318950a789a3b401fcc93cec",
            "venue": "MSR 2014",
            "year": 2014
        },
        {
            "arxivId": null,
            "authors": [
                {
                    "authorId": "143638773",
                    "name": "S. Heckman"
                },
                {
                    "authorId": "144426849",
                    "name": "L. Williams"
                }
            ],
            "doi": "10.1016/j.infsof.2010.12.007",
            "intent": [],
            "isInfluential": false,
            "paperId": "a6ac2a53a3829ea23d5212087afbda22429bdd74",
            "title": "A systematic literature review of actionable alert identification techniques for automated static code analysis",
            "url": "https://www.semanticscholar.org/paper/a6ac2a53a3829ea23d5212087afbda22429bdd74",
            "venue": "Inf. Softw. Technol.",
            "year": 2011
        },
        {
            "arxivId": null,
            "authors": [
                {
                    "authorId": "1700892",
                    "name": "Z. Li"
                },
                {
                    "authorId": "2068865",
                    "name": "Deqing Zou"
                },
                {
                    "authorId": "5030313",
                    "name": "Shouhuai Xu"
                },
                {
                    "authorId": "2456308",
                    "name": "Xinyu Ou"
                },
                {
                    "authorId": "145914256",
                    "name": "Hai Jin"
                },
                {
                    "authorId": "2116429557",
                    "name": "Sujuan Wang"
                },
                {
                    "authorId": null,
                    "name": "Zhijun Deng"
                },
                {
                    "authorId": "2112887959",
                    "name": "Yuyi Zhong"
                }
            ],
            "doi": "10.14722/ndss.2018.23158",
            "intent": [
                "background"
            ],
            "isInfluential": false,
            "paperId": "de83185c7a2b7924a110d841fcf3694a9a416e74",
            "title": "A Security Analysis of Honeywords",
            "url": "https://www.semanticscholar.org/paper/de83185c7a2b7924a110d841fcf3694a9a416e74",
            "venue": "NDSS",
            "year": 2018
        },
        {
            "arxivId": null,
            "authors": [],
            "doi": null,
            "intent": [
                "methodology",
                "background"
            ],
            "isInfluential": false,
            "paperId": "",
            "title": "Reducing False Positives of Static Program Analysis in Industry",
            "url": "",
            "venue": ":",
            "year": null
        }
    ],
    "s2FieldsOfStudy": [
        {
            "category": "Computer Science",
            "source": "external"
        },
        {
            "category": "Computer Science",
            "source": "s2-fos-model"
        }
    ],
    "title": "AW4C: A Commit-Aware C Dataset for Actionable Warning Identification",
    "topics": [],
    "url": "https://www.semanticscholar.org/paper/bbcab38695db7b1a22c42be8069186d3313b7933",
    "venue": "IEEE Working Conference on Mining Software Repositories",
    "year": 2024
}