{
    "abstract": "Examining the different characteristics of open-source software in relation to security vulnerabilities, can provide the research community with findings that can lead to the development of more secure systems. We present a dataset where the reported vulnerabilities of 8694 open-source project versions, can be correlated with the corresponding source code and a number of software metrics. The metrics were obtained by analyzing the project's source code via well-established tools. Apart from commonly used metrics (e.g. loc), we also provide data related to modern development trends such as continuous integration and testing. We outline motivational examples based on the dataset we describe.",
    "arxivId": null,
    "authors": [
        {
            "authorId": "2647473",
            "name": "Antonios Gkortzis",
            "url": "https://www.semanticscholar.org/author/2647473"
        },
        {
            "authorId": "7498035",
            "name": "Dimitris Mitropoulos",
            "url": "https://www.semanticscholar.org/author/7498035"
        },
        {
            "authorId": "1740799",
            "name": "D. Spinellis",
            "url": "https://www.semanticscholar.org/author/1740799"
        }
    ],
    "citationVelocity": 10,
    "citations": [
        {
            "arxivId": null,
            "authors": [
                {
                    "authorId": "2319478416",
                    "name": "Chen Liang"
                },
                {
                    "authorId": "2267153863",
                    "name": "Qiang Wei"
                },
                {
                    "authorId": "2232403327",
                    "name": "Jiang Du"
                },
                {
                    "authorId": "2232264035",
                    "name": "Yisen Wang"
                },
                {
                    "authorId": "2319594497",
                    "name": "Zirui Jiang"
                }
            ],
            "doi": "10.1016/j.cose.2024.104098",
            "intent": [],
            "isInfluential": false,
            "paperId": "ed7b22495dce310270cade217c345990bd6b6bfc",
            "title": "Survey of source code vulnerability analysis based on deep learning",
            "url": "https://www.semanticscholar.org/paper/ed7b22495dce310270cade217c345990bd6b6bfc",
            "venue": "Comput. Secur.",
            "year": 2024
        },
        {
            "arxivId": null,
            "authors": [
                {
                    "authorId": "1817470",
                    "name": "David Broneske"
                },
                {
                    "authorId": "2311223875",
                    "name": "Sebastian Kittan"
                },
                {
                    "authorId": "2294487423",
                    "name": "Jacob Kr\u00fcger"
                }
            ],
            "doi": "10.1145/3660798",
            "intent": [],
            "isInfluential": false,
            "paperId": "6f30b34e9e923168baa57f2edc5233577d778292",
            "title": "Sharing Software-Evolution Datasets: Practices, Challenges, and Recommendations",
            "url": "https://www.semanticscholar.org/paper/6f30b34e9e923168baa57f2edc5233577d778292",
            "venue": "Proceedings of the ACM on Software Engineering",
            "year": 2024
        },
        {
            "arxivId": null,
            "authors": [
                {
                    "authorId": "1643560031",
                    "name": "Jinke Song"
                },
                {
                    "authorId": "2213867453",
                    "name": "Qiang Li"
                },
                {
                    "authorId": "2145333268",
                    "name": "Haining Wang"
                },
                {
                    "authorId": "2108965339",
                    "name": "Jiqiang Liu"
                }
            ],
            "doi": "10.1109/TDSC.2023.3334762",
            "intent": [],
            "isInfluential": false,
            "paperId": "2a37e6cc0884c0e5b983371eece922cb776ccdfa",
            "title": "PKVIC: Supplement Missing Software Package Information in Security Vulnerability Reports",
            "url": "https://www.semanticscholar.org/paper/2a37e6cc0884c0e5b983371eece922cb776ccdfa",
            "venue": "IEEE Transactions on Dependable and Secure Computing",
            "year": 2024
        },
        {
            "arxivId": null,
            "authors": [
                {
                    "authorId": "2180646859",
                    "name": "Matteo Esposito"
                },
                {
                    "authorId": "2275613881",
                    "name": "Davide Falessi"
                }
            ],
            "doi": "10.1016/j.infsof.2024.107448",
            "intent": [],
            "isInfluential": false,
            "paperId": "3778e7697403c24cf28870eeb6369b94e65c7bcf",
            "title": "VALIDATE: A deep dive into vulnerability prediction datasets",
            "url": "https://www.semanticscholar.org/paper/3778e7697403c24cf28870eeb6369b94e65c7bcf",
            "venue": "Inf. Softw. Technol.",
            "year": 2024
        },
        {
            "arxivId": null,
            "authors": [
                {
                    "authorId": "1379924159",
                    "name": "Sabrina Amft"
                },
                {
                    "authorId": "2220405957",
                    "name": "Sandra H\u00f6ltervennhoff"
                },
                {
                    "authorId": "2230686345",
                    "name": "Rebecca Panskus"
                },
                {
                    "authorId": "3399279",
                    "name": "Karola Marky"
                },
                {
                    "authorId": "2200198",
                    "name": "S. Fahl"
                }
            ],
            "doi": "10.1109/SP54263.2024.00214",
            "intent": [],
            "isInfluential": false,
            "paperId": "795e4e0c9fe44a9e89de781d47f04a485ce9fe3b",
            "title": "Everyone for Themselves? A Qualitative Study about Individual Security Setups of Open Source Software Contributors",
            "url": "https://www.semanticscholar.org/paper/795e4e0c9fe44a9e89de781d47f04a485ce9fe3b",
            "venue": "2024 IEEE Symposium on Security and Privacy (SP)",
            "year": 2024
        },
        {
            "arxivId": null,
            "authors": [
                {
                    "authorId": "2190436127",
                    "name": "Fahad Al Debeyan"
                },
                {
                    "authorId": "1731361",
                    "name": "L. Madeyski"
                },
                {
                    "authorId": "2285514898",
                    "name": "Tracy Hall"
                },
                {
                    "authorId": "143969104",
                    "name": "David Bowes"
                }
            ],
            "doi": "10.1016/j.jss.2024.112003",
            "intent": [],
            "isInfluential": false,
            "paperId": "c22ec5d76f04483370975979047bf9ae4899aa9f",
            "title": "The impact of hard and easy negative training data on vulnerability prediction performance",
            "url": "https://www.semanticscholar.org/paper/c22ec5d76f04483370975979047bf9ae4899aa9f",
            "venue": "J. Syst. Softw.",
            "year": 2024
        },
        {
            "arxivId": null,
            "authors": [
                {
                    "authorId": "2292461706",
                    "name": "Anurag Yadav"
                },
                {
                    "authorId": "2319503486",
                    "name": "Joseph N. Wilson"
                }
            ],
            "doi": "10.1145/3643788.3648013",
            "intent": [],
            "isInfluential": false,
            "paperId": "c16258672a426a296da1642a3250f2eff125a82c",
            "title": "BOSS: A Dataset to Train ML-Based Systems to Repair Programs with Out-of-Bounds Write Flaws",
            "url": "https://www.semanticscholar.org/paper/c16258672a426a296da1642a3250f2eff125a82c",
            "venue": "2024 IEEE/ACM International Workshop on Automated Program Repair (APR)",
            "year": 2024
        },
        {
            "arxivId": null,
            "authors": [
                {
                    "authorId": "2297556288",
                    "name": "Niraj Salvi"
                },
                {
                    "authorId": "2297558300",
                    "name": "Amal Thundiyil"
                },
                {
                    "authorId": "2297559200",
                    "name": "Seema Supe"
                },
                {
                    "authorId": "3225428",
                    "name": "Nataasha Raul"
                }
            ],
            "doi": "10.36948/ijfmr.2024.v06i02.16980",
            "intent": [
                "methodology"
            ],
            "isInfluential": false,
            "paperId": "5483e771f6fb9eee4625e81fb48cb14a25c98d8c",
            "title": "Evaluating Security and Community Health Metrics of FOSS Repositories",
            "url": "https://www.semanticscholar.org/paper/5483e771f6fb9eee4625e81fb48cb14a25c98d8c",
            "venue": "International Journal For Multidisciplinary Research",
            "year": 2024
        },
        {
            "arxivId": null,
            "authors": [
                {
                    "authorId": "2296790725",
                    "name": "Tianyang Liu"
                },
                {
                    "authorId": "2268789278",
                    "name": "Weixing Ji"
                },
                {
                    "authorId": "2296660766",
                    "name": "Xiaohui Dong"
                },
                {
                    "authorId": "2296459307",
                    "name": "Wuhuang Yao"
                },
                {
                    "authorId": "2306052538",
                    "name": "Yizhuo Wang"
                },
                {
                    "authorId": "2248952331",
                    "name": "Hui Liu"
                },
                {
                    "authorId": "2296568214",
                    "name": "Haiyang Peng"
                },
                {
                    "authorId": "2306077963",
                    "name": "Yuxuan Wang"
                }
            ],
            "doi": "10.1145/3597503.3639162",
            "intent": [],
            "isInfluential": false,
            "paperId": "78e74dde73ac9e40888e3a709622a74367211282",
            "title": "JLeaks: A Featured Resource Leak Repository Collected From Hundreds of Open-Source Java Projects",
            "url": "https://www.semanticscholar.org/paper/78e74dde73ac9e40888e3a709622a74367211282",
            "venue": "2024 IEEE/ACM 46th International Conference on Software Engineering (ICSE)",
            "year": 2024
        },
        {
            "arxivId": null,
            "authors": [
                {
                    "authorId": "2144980402",
                    "name": "Nafiz Sadman"
                },
                {
                    "authorId": "2277541726",
                    "name": "Kazi Amit Hasan"
                },
                {
                    "authorId": "66164802",
                    "name": "Elyas Rashno"
                },
                {
                    "authorId": "1721668",
                    "name": "Furkan Alaca"
                },
                {
                    "authorId": "2277535839",
                    "name": "Yuan Tian"
                },
                {
                    "authorId": "1717045",
                    "name": "F. Zulkernine"
                }
            ],
            "doi": "10.1109/SSCI52147.2023.10371801",
            "intent": [
                "background"
            ],
            "isInfluential": false,
            "paperId": "e8ed96ea031fbe465d58b07490dce6c6ec6d95d2",
            "title": "Vulnerability of Open-Source Face Recognition Systems to Blackbox Attacks: A Case Study with InsightFace",
            "url": "https://www.semanticscholar.org/paper/e8ed96ea031fbe465d58b07490dce6c6ec6d95d2",
            "venue": "2023 IEEE Symposium Series on Computational Intelligence (SSCI)",
            "year": 2023
        },
        {
            "arxivId": null,
            "authors": [
                {
                    "authorId": "2227708212",
                    "name": "Madhukar Shrestha"
                },
                {
                    "authorId": "2256777971",
                    "name": "Yonghyun Kim"
                },
                {
                    "authorId": "2227702269",
                    "name": "Jeehyun Oh"
                },
                {
                    "authorId": "2237798919",
                    "name": "Junghwan Rhee"
                },
                {
                    "authorId": "2266896881",
                    "name": "Yung Ryn Choe"
                },
                {
                    "authorId": "2143228052",
                    "name": "Fei Zuo"
                },
                {
                    "authorId": "2237961923",
                    "name": "Myungah Park"
                },
                {
                    "authorId": "2227680950",
                    "name": "Gang Qian"
                }
            ],
            "doi": "10.1007/s44227-023-00014-9",
            "intent": [
                "methodology"
            ],
            "isInfluential": false,
            "paperId": "15bfef0b901a0d2361536b1e99613e2cdc0ecaf1",
            "title": "ProvSec: Open Cybersecurity System Provenance Analysis Benchmark Dataset with Labels",
            "url": "https://www.semanticscholar.org/paper/15bfef0b901a0d2361536b1e99613e2cdc0ecaf1",
            "venue": "International Journal of Networked and Distributed Computing",
            "year": 2023
        },
        {
            "arxivId": null,
            "authors": [
                {
                    "authorId": "2143228052",
                    "name": "Fei Zuo"
                },
                {
                    "authorId": "2237798919",
                    "name": "Junghwan Rhee"
                },
                {
                    "authorId": "2256777971",
                    "name": "Yonghyun Kim"
                },
                {
                    "authorId": "2227702269",
                    "name": "Jeehyun Oh"
                },
                {
                    "authorId": "2227680950",
                    "name": "Gang Qian"
                }
            ],
            "doi": "10.1145/3585059.3611416",
            "intent": [],
            "isInfluential": false,
            "paperId": "987baa1a247c4978a0bd94ccde12d00e23f3b4a9",
            "title": "A Comprehensive Dataset Towards Hands-on Experience Enhancement in a Research-Involved Cybersecurity Program",
            "url": "https://www.semanticscholar.org/paper/987baa1a247c4978a0bd94ccde12d00e23f3b4a9",
            "venue": "SIGITE",
            "year": 2023
        },
        {
            "arxivId": null,
            "authors": [
                {
                    "authorId": "2177371880",
                    "name": "Xu Nie"
                },
                {
                    "authorId": "2177447932",
                    "name": "Ningke Li"
                },
                {
                    "authorId": "3088630",
                    "name": "Kailong Wang"
                },
                {
                    "authorId": "2177451",
                    "name": "Shangguang Wang"
                },
                {
                    "authorId": "1708419",
                    "name": "Xiapu Luo"
                },
                {
                    "authorId": null,
                    "name": "Haoyu Wang"
                }
            ],
            "doi": "10.1145/3597926.3598037",
            "intent": [],
            "isInfluential": false,
            "paperId": "91410f6866727b290b3be871a68925a17c405cbd",
            "title": "Understanding and Tackling Label Errors in Deep Learning-Based Vulnerability Detection (Experience Paper)",
            "url": "https://www.semanticscholar.org/paper/91410f6866727b290b3be871a68925a17c405cbd",
            "venue": "ISSTA",
            "year": 2023
        },
        {
            "arxivId": null,
            "authors": [
                {
                    "authorId": "1849211",
                    "name": "A. Okutan"
                },
                {
                    "authorId": "152956203",
                    "name": "P. Mell"
                },
                {
                    "authorId": "2097532",
                    "name": "Mehdi Mirakhorli"
                },
                {
                    "authorId": "2191241131",
                    "name": "Igor Khokhlov"
                },
                {
                    "authorId": "30299173",
                    "name": "Joanna C. S. Santos"
                },
                {
                    "authorId": "10707876",
                    "name": "Danielle Gonzalez"
                },
                {
                    "authorId": "2191241377",
                    "name": "Steven Simmons"
                }
            ],
            "doi": "10.1109/TSE.2023.3250479",
            "intent": [],
            "isInfluential": false,
            "paperId": "c3527d80b5d92a04839777079cce973e16e2c147",
            "title": "Empirical Validation of Automated Vulnerability Curation and Characterization",
            "url": "https://www.semanticscholar.org/paper/c3527d80b5d92a04839777079cce973e16e2c147",
            "venue": "IEEE Transactions on Software Engineering",
            "year": 2023
        },
        {
            "arxivId": null,
            "authors": [
                {
                    "authorId": "2188250743",
                    "name": "M. Bhuiyan"
                },
                {
                    "authorId": "2223176973",
                    "name": "Adithya Srinivas Parthasarathy"
                },
                {
                    "authorId": "2220400096",
                    "name": "Nikos Vasilakis"
                },
                {
                    "authorId": "1884064",
                    "name": "Michael Pradel"
                },
                {
                    "authorId": "40141524",
                    "name": "Cristian-Alexandru Staicu"
                }
            ],
            "doi": "10.1109/ICSE48619.2023.00096",
            "intent": [
                "background"
            ],
            "isInfluential": false,
            "paperId": "9819a1114cbc1648d4f35b40271908daae9557a0",
            "title": "SecBench.js: An Executable Security Benchmark Suite for Server-Side JavaScript",
            "url": "https://www.semanticscholar.org/paper/9819a1114cbc1648d4f35b40271908daae9557a0",
            "venue": "2023 IEEE/ACM 45th International Conference on Software Engineering (ICSE)",
            "year": 2023
        },
        {
            "arxivId": null,
            "authors": [
                {
                    "authorId": "1755183",
                    "name": "Marcel Fourn\u00e9"
                },
                {
                    "authorId": "10660223",
                    "name": "Dominik Wermke"
                },
                {
                    "authorId": "1716269",
                    "name": "W. Enck"
                },
                {
                    "authorId": "2200198",
                    "name": "S. Fahl"
                },
                {
                    "authorId": "3224778",
                    "name": "Y. Acar"
                }
            ],
            "doi": "10.1109/SP46215.2023.10179320",
            "intent": [],
            "isInfluential": false,
            "paperId": "cbfd3d581b317a1925bdb3d4adbb52f921ce4019",
            "title": "It\u2019s like flossing your teeth: On the Importance and Challenges of Reproducible Builds for Software Supply Chain Security",
            "url": "https://www.semanticscholar.org/paper/cbfd3d581b317a1925bdb3d4adbb52f921ce4019",
            "venue": "2023 IEEE Symposium on Security and Privacy (SP)",
            "year": 2023
        },
        {
            "arxivId": null,
            "authors": [
                {
                    "authorId": "2227708212",
                    "name": "Madhukar Shrestha"
                },
                {
                    "authorId": "50682377",
                    "name": "Y. Kim"
                },
                {
                    "authorId": "2227702269",
                    "name": "Jeehyun Oh"
                },
                {
                    "authorId": "2164569",
                    "name": "J. Rhee"
                },
                {
                    "authorId": "1711909",
                    "name": "Yung Ryn Choe"
                },
                {
                    "authorId": "2143228052",
                    "name": "Fei Zuo"
                },
                {
                    "authorId": "2115226534",
                    "name": "M. Park"
                },
                {
                    "authorId": "2059384548",
                    "name": "Gang Qian"
                }
            ],
            "doi": "10.1109/SERA57763.2023.10197743",
            "intent": [
                "methodology"
            ],
            "isInfluential": false,
            "paperId": "ddf47d35b606e13f4c175dcd8b02154a197d1c46",
            "title": "ProvSec: Cybersecurity System Provenance Analysis Benchmark Dataset",
            "url": "https://www.semanticscholar.org/paper/ddf47d35b606e13f4c175dcd8b02154a197d1c46",
            "venue": "2023 IEEE/ACIS 21st International Conference on Software Engineering Research, Management and Applications (SERA)",
            "year": 2023
        },
        {
            "arxivId": null,
            "authors": [
                {
                    "authorId": "3048471",
                    "name": "M. Abadeh"
                },
                {
                    "authorId": "22457286",
                    "name": "Mansooreh Mirzaie"
                }
            ],
            "doi": "10.1002/sys.21686",
            "intent": [],
            "isInfluential": false,
            "paperId": "46d863fa9730d198fb7aadb2cdb1d1ac51361aba",
            "title": "An empirical analysis for software robustness vulnerability in terms of modularity quality",
            "url": "https://www.semanticscholar.org/paper/46d863fa9730d198fb7aadb2cdb1d1ac51361aba",
            "venue": "Syst. Eng.",
            "year": 2023
        },
        {
            "arxivId": null,
            "authors": [
                {
                    "authorId": "2238406368",
                    "name": "Xiaozhou Li"
                },
                {
                    "authorId": "2008202884",
                    "name": "Sergio Moreschini"
                },
                {
                    "authorId": "2295680673",
                    "name": "Zheying Zhang"
                },
                {
                    "authorId": "2288338893",
                    "name": "Fabio Palomba"
                },
                {
                    "authorId": "2261106576",
                    "name": "Davide Taibi"
                }
            ],
            "doi": "10.2139/ssrn.4211033",
            "intent": [],
            "isInfluential": false,
            "paperId": "52519ed0577c007ed9d816c734010f502c008515",
            "title": "The anatomy of a vulnerability database: A systematic mapping study",
            "url": "https://www.semanticscholar.org/paper/52519ed0577c007ed9d816c734010f502c008515",
            "venue": "J. Syst. Softw.",
            "year": 2023
        },
        {
            "arxivId": null,
            "authors": [
                {
                    "authorId": "2052108267",
                    "name": "Dejiang Jing"
                }
            ],
            "doi": "10.1088/1742-6596/2363/1/012010",
            "intent": [
                "background"
            ],
            "isInfluential": false,
            "paperId": "00aacec39159bcd92a412aa314b376c3378c49cb",
            "title": "Improvement of Vulnerable Code Dataset Based on Program Equivalence Transformation",
            "url": "https://www.semanticscholar.org/paper/00aacec39159bcd92a412aa314b376c3378c49cb",
            "venue": "Journal of Physics: Conference Series",
            "year": 2022
        },
        {
            "arxivId": "2208.01137",
            "authors": [
                {
                    "authorId": "2617488",
                    "name": "Javad Ghofrani"
                },
                {
                    "authorId": "2180027731",
                    "name": "Paria Heravi"
                },
                {
                    "authorId": "2180025525",
                    "name": "Kambiz A. Babaei"
                },
                {
                    "authorId": "1927795",
                    "name": "Mohammad Divband Soorati"
                }
            ],
            "doi": "10.1145/3503229.3547061",
            "intent": [],
            "isInfluential": false,
            "paperId": "5497aa3e9f67658f81d9f27c9497ca2d5df1a15a",
            "title": "Trust challenges in reusing open source software: an interview-based initial study",
            "url": "https://www.semanticscholar.org/paper/5497aa3e9f67658f81d9f27c9497ca2d5df1a15a",
            "venue": "SPLC",
            "year": 2022
        },
        {
            "arxivId": null,
            "authors": [
                {
                    "authorId": "2116263324",
                    "name": "Yuhao Lin"
                },
                {
                    "authorId": "2153643579",
                    "name": "Ying Li"
                },
                {
                    "authorId": "2171831834",
                    "name": "Mianxue Gu"
                },
                {
                    "authorId": "35365620",
                    "name": "Hongyu Sun"
                },
                {
                    "authorId": "3289697",
                    "name": "Qiuling Yue"
                },
                {
                    "authorId": "37065012",
                    "name": "Jinglu Hu"
                },
                {
                    "authorId": "1860328",
                    "name": "Chunjie Cao"
                },
                {
                    "authorId": "2108445005",
                    "name": "Yuqing Zhang"
                }
            ],
            "doi": "10.1109/dsn-w54100.2022.00032",
            "intent": [],
            "isInfluential": false,
            "paperId": "bb01029fbf6b195566f649b8d59a82b0397850a1",
            "title": "Vulnerability Dataset Construction Methods Applied To Vulnerability Detection: A Survey",
            "url": "https://www.semanticscholar.org/paper/bb01029fbf6b195566f649b8d59a82b0397850a1",
            "venue": "2022 52nd Annual IEEE/IFIP International Conference on Dependable Systems and Networks Workshops (DSN-W)",
            "year": 2022
        },
        {
            "arxivId": "2205.02208",
            "authors": [
                {
                    "authorId": "2064257326",
                    "name": "B. Russo"
                },
                {
                    "authorId": "2579936",
                    "name": "Matteo Camilli"
                },
                {
                    "authorId": "2164122865",
                    "name": "Moritz Mock"
                }
            ],
            "doi": "10.1145/3524842.3528469",
            "intent": [],
            "isInfluential": false,
            "paperId": "01871666b9e7af56e4bec4f095fa9a33d5d0f073",
            "title": "WeakSATD: Detecting Weak Self-admitted Technical Debt",
            "url": "https://www.semanticscholar.org/paper/01871666b9e7af56e4bec4f095fa9a33d5d0f073",
            "venue": "2022 IEEE/ACM 19th International Conference on Mining Software Repositories (MSR)",
            "year": 2022
        },
        {
            "arxivId": null,
            "authors": [
                {
                    "authorId": "2051539980",
                    "name": "Quang-Cuong Bui"
                },
                {
                    "authorId": "1723601",
                    "name": "R. Scandariato"
                },
                {
                    "authorId": "3370607",
                    "name": "N. E. D. Ferreyra"
                }
            ],
            "doi": "10.1145/3524842.3528482",
            "intent": [
                "methodology"
            ],
            "isInfluential": false,
            "paperId": "30e13e65d68a195ab6748da16e2a015756d4ca7b",
            "title": "Vul4J: A Dataset of Reproducible Java Vulnerabilities Geared Towards the Study of Program Repair Techniques",
            "url": "https://www.semanticscholar.org/paper/30e13e65d68a195ab6748da16e2a015756d4ca7b",
            "venue": "2022 IEEE/ACM 19th International Conference on Mining Software Repositories (MSR)",
            "year": 2022
        },
        {
            "arxivId": null,
            "authors": [
                {
                    "authorId": "10660223",
                    "name": "Dominik Wermke"
                },
                {
                    "authorId": "2179560214",
                    "name": "Noah W\u00f6hler"
                },
                {
                    "authorId": "98517058",
                    "name": "J. Klemmer"
                },
                {
                    "authorId": "1755183",
                    "name": "Marcel Fourn\u00e9"
                },
                {
                    "authorId": "3224778",
                    "name": "Y. Acar"
                },
                {
                    "authorId": "2200198",
                    "name": "S. Fahl"
                }
            ],
            "doi": "10.1109/sp46214.2022.9833686",
            "intent": [],
            "isInfluential": false,
            "paperId": "ca2925811878d47cd80113ece88c708cc4a594b0",
            "title": "Committed to Trust: A Qualitative Study on Security & Trust in Open Source Software Projects",
            "url": "https://www.semanticscholar.org/paper/ca2925811878d47cd80113ece88c708cc4a594b0",
            "venue": "2022 IEEE Symposium on Security and Privacy (SP)",
            "year": 2022
        },
        {
            "arxivId": "2203.02660",
            "authors": [
                {
                    "authorId": "2109519289",
                    "name": "Sicong Cao"
                },
                {
                    "authorId": "1471621799",
                    "name": "Xiaobing Sun"
                },
                {
                    "authorId": "2113257114",
                    "name": "Lili Bo"
                },
                {
                    "authorId": "39766214",
                    "name": "Rongxin Wu"
                },
                {
                    "authorId": "2156071626",
                    "name": "Bin Li"
                },
                {
                    "authorId": "2106994",
                    "name": "Chuanqi Tao"
                }
            ],
            "doi": "10.1145/3510003.3510219",
            "intent": [
                "background"
            ],
            "isInfluential": false,
            "paperId": "8668537082f97b85a9fdb02a61e5fa9526d06f82",
            "title": "MVD: Memory-Related Vulnerability Detection Based on Flow-Sensitive Graph Neural Networks",
            "url": "https://www.semanticscholar.org/paper/8668537082f97b85a9fdb02a61e5fa9526d06f82",
            "venue": "2022 IEEE/ACM 44th International Conference on Software Engineering (ICSE)",
            "year": 2022
        },
        {
            "arxivId": null,
            "authors": [
                {
                    "authorId": "2070027646",
                    "name": "N. Chan"
                },
                {
                    "authorId": "1724253",
                    "name": "J. Chandy"
                }
            ],
            "doi": "10.1109/saner53432.2022.00038",
            "intent": [],
            "isInfluential": false,
            "paperId": "0daf0a146f88f5133de627fccaf9615bb8b12135",
            "title": "Extracting Vulnerabilities from GitHub Commits",
            "url": "https://www.semanticscholar.org/paper/0daf0a146f88f5133de627fccaf9615bb8b12135",
            "venue": "2022 IEEE International Conference on Software Analysis, Evolution and Reengineering (SANER)",
            "year": 2022
        },
        {
            "arxivId": null,
            "authors": [
                {
                    "authorId": "104814692",
                    "name": "Azin Piran"
                },
                {
                    "authorId": "2158607631",
                    "name": "Che-Pin Chang"
                },
                {
                    "authorId": "34584522",
                    "name": "Amin Milani Fard"
                }
            ],
            "doi": "10.1109/QRS54544.2021.00076",
            "intent": [
                "background"
            ],
            "isInfluential": false,
            "paperId": "bfe9bddd776594107973811ceaf2fe5f73b742d7",
            "title": "Vulnerability Analysis of Similar Code",
            "url": "https://www.semanticscholar.org/paper/bfe9bddd776594107973811ceaf2fe5f73b742d7",
            "venue": "2021 IEEE 21st International Conference on Software Quality, Reliability and Security (QRS)",
            "year": 2021
        },
        {
            "arxivId": null,
            "authors": [
                {
                    "authorId": "151237913",
                    "name": "Tim Sonnekalb"
                },
                {
                    "authorId": "122233317",
                    "name": "Thomas S. Heinze"
                },
                {
                    "authorId": "35215848",
                    "name": "Patrick M\u00e4der"
                }
            ],
            "doi": "10.1007/s10664-021-10029-x",
            "intent": [],
            "isInfluential": false,
            "paperId": "e84315eccc5a10c35e7a2d64631a24dbbf9543d1",
            "title": "Deep security analysis of program code",
            "url": "https://www.semanticscholar.org/paper/e84315eccc5a10c35e7a2d64631a24dbbf9543d1",
            "venue": "Empirical Software Engineering",
            "year": 2021
        },
        {
            "arxivId": "2110.09635",
            "authors": [
                {
                    "authorId": "2060121253",
                    "name": "Sofia Reis"
                },
                {
                    "authorId": "144837389",
                    "name": "Rui Abreu"
                }
            ],
            "doi": null,
            "intent": [
                "background"
            ],
            "isInfluential": false,
            "paperId": "6003c6e6ae08851f1e7ff55b8fe56ceaa09957c1",
            "title": "A ground-truth dataset of real security patches",
            "url": "https://www.semanticscholar.org/paper/6003c6e6ae08851f1e7ff55b8fe56ceaa09957c1",
            "venue": "ArXiv",
            "year": 2021
        },
        {
            "arxivId": null,
            "authors": [
                {
                    "authorId": "144011505",
                    "name": "Rodrigo Andrade"
                },
                {
                    "authorId": "2146472941",
                    "name": "Vin\u00edcius Santos"
                }
            ],
            "doi": "10.5753/vem.2021.17213",
            "intent": [
                "methodology",
                "background"
            ],
            "isInfluential": true,
            "paperId": "e5c04b7d9d8b4fba5c412331fa6dc9a2f521d14a",
            "title": "Investigating vulnerability datasets",
            "url": "https://www.semanticscholar.org/paper/e5c04b7d9d8b4fba5c412331fa6dc9a2f521d14a",
            "venue": "VEM",
            "year": 2021
        },
        {
            "arxivId": null,
            "authors": [
                {
                    "authorId": "2134139346",
                    "name": "Namrud Zakeya"
                },
                {
                    "authorId": "66912025",
                    "name": "Kpodjedo S\u00e9gla"
                },
                {
                    "authorId": "2134135406",
                    "name": "Talhi Chamseddine"
                },
                {
                    "authorId": "2045600384",
                    "name": "Boaye Belle Alvine"
                }
            ],
            "doi": "10.1016/j.jksuci.2021.08.033",
            "intent": [],
            "isInfluential": false,
            "paperId": "1e22463e4222d193ce3a3656e22b49976c06a3bb",
            "title": "Probing AndroVul dataset for studies on Android malware classification",
            "url": "https://www.semanticscholar.org/paper/1e22463e4222d193ce3a3656e22b49976c06a3bb",
            "venue": "Journal of King Saud University - Computer and Information Sciences",
            "year": 2021
        },
        {
            "arxivId": null,
            "authors": [
                {
                    "authorId": "2123635428",
                    "name": "Georgios Nikitopoulos"
                },
                {
                    "authorId": "41095366",
                    "name": "Konstantina Dritsa"
                },
                {
                    "authorId": "123396793",
                    "name": "Panos Louridas"
                },
                {
                    "authorId": "7498035",
                    "name": "Dimitris Mitropoulos"
                }
            ],
            "doi": "10.1145/3468264.3473122",
            "intent": [],
            "isInfluential": false,
            "paperId": "6e32e7c61ad20fc60f603ee742dc8a57fcbaae27",
            "title": "CrossVul: a cross-language vulnerability dataset with commit data",
            "url": "https://www.semanticscholar.org/paper/6e32e7c61ad20fc60f603ee742dc8a57fcbaae27",
            "venue": "ESEC/SIGSOFT FSE",
            "year": 2021
        },
        {
            "arxivId": "2107.13723",
            "authors": [
                {
                    "authorId": "1557381907",
                    "name": "Roland Croft"
                },
                {
                    "authorId": "79303607",
                    "name": "Yongzhen Xie"
                },
                {
                    "authorId": "2337624",
                    "name": "Mansooreh Zahedi"
                },
                {
                    "authorId": "145348760",
                    "name": "M. Babar"
                },
                {
                    "authorId": "1685418",
                    "name": "Christoph Treude"
                }
            ],
            "doi": "10.1007/s10664-021-10054-w",
            "intent": [
                "methodology"
            ],
            "isInfluential": false,
            "paperId": "887429d6ab57037d767fbf7758ed91a920ab7e6b",
            "title": "An empirical study of developers\u2019 discussions about security challenges of different programming languages",
            "url": "https://www.semanticscholar.org/paper/887429d6ab57037d767fbf7758ed91a920ab7e6b",
            "venue": "Empirical Software Engineering",
            "year": 2021
        },
        {
            "arxivId": "2107.12699",
            "authors": [
                {
                    "authorId": "1826250",
                    "name": "Jukka Ruohonen"
                },
                {
                    "authorId": "151074193",
                    "name": "Kalle Hjerppe"
                },
                {
                    "authorId": "49535288",
                    "name": "Kalle Rindell"
                }
            ],
            "doi": "10.1109/PST52912.2021.9647791",
            "intent": [
                "background"
            ],
            "isInfluential": false,
            "paperId": "24a69a41b377ab52fa6192105122d8218a18e3c3",
            "title": "A Large-Scale Security-Oriented Static Analysis of Python Packages in PyPI",
            "url": "https://www.semanticscholar.org/paper/24a69a41b377ab52fa6192105122d8218a18e3c3",
            "venue": "2021 18th International Conference on Privacy, Security and Trust (PST)",
            "year": 2021
        },
        {
            "arxivId": "2107.08760",
            "authors": [
                {
                    "authorId": "11670279",
                    "name": "G. Bhandari"
                },
                {
                    "authorId": "2040705478",
                    "name": "Amara Naseer"
                },
                {
                    "authorId": "1762006",
                    "name": "L. Moonen"
                }
            ],
            "doi": "10.1145/3475960.3475985",
            "intent": [
                "background"
            ],
            "isInfluential": false,
            "paperId": "f1d7a4ed38192f156e77cde0785093cc0b66259e",
            "title": "CVEfixes: automated collection of vulnerabilities and their fixes from open-source software",
            "url": "https://www.semanticscholar.org/paper/f1d7a4ed38192f156e77cde0785093cc0b66259e",
            "venue": "PROMISE",
            "year": 2021
        },
        {
            "arxivId": null,
            "authors": [
                {
                    "authorId": "2126037136",
                    "name": "Canan Batur \u015eahin"
                },
                {
                    "authorId": "7833679",
                    "name": "L. Abualigah"
                }
            ],
            "doi": "10.1007/s00521-021-06047-x",
            "intent": [
                "background"
            ],
            "isInfluential": false,
            "paperId": "b0b39c091a9242775fd8f3ee1ca431abfe4a33b7",
            "title": "A novel deep learning-based feature selection model for improving the static analysis of vulnerability detection",
            "url": "https://www.semanticscholar.org/paper/b0b39c091a9242775fd8f3ee1ca431abfe4a33b7",
            "venue": "Neural Computing and Applications",
            "year": 2021
        },
        {
            "arxivId": "2104.08308",
            "authors": [
                {
                    "authorId": "46842516",
                    "name": "Zimin Chen"
                },
                {
                    "authorId": "51957922",
                    "name": "Steve Kommrusch"
                },
                {
                    "authorId": "150220964",
                    "name": "Monperrus Martin"
                }
            ],
            "doi": "10.1109/TSE.2022.3147265",
            "intent": [
                "background"
            ],
            "isInfluential": false,
            "paperId": "19f1e79eb46bfac683b68345e482838f41be69fa",
            "title": "Neural Transfer Learning for Repairing Security Vulnerabilities in C Code",
            "url": "https://www.semanticscholar.org/paper/19f1e79eb46bfac683b68345e482838f41be69fa",
            "venue": "IEEE Transactions on Software Engineering",
            "year": 2021
        },
        {
            "arxivId": null,
            "authors": [
                {
                    "authorId": "1491639679",
                    "name": "Solmaz Salimi"
                },
                {
                    "authorId": "2073451258",
                    "name": "Maryam Ebrahimzadeh"
                },
                {
                    "authorId": "145046236",
                    "name": "M. Kharrazi"
                }
            ],
            "doi": "10.1145/3416508.3417120",
            "intent": [
                "background"
            ],
            "isInfluential": false,
            "paperId": "726827ee6db42a9b4c2536b2d860de2e5c032955",
            "title": "Improving real-world vulnerability characterization with vulnerable slices",
            "url": "https://www.semanticscholar.org/paper/726827ee6db42a9b4c2536b2d860de2e5c032955",
            "venue": "PROMISE",
            "year": 2020
        },
        {
            "arxivId": null,
            "authors": [
                {
                    "authorId": "3260492",
                    "name": "P\u00e9ter Gyimesi"
                },
                {
                    "authorId": "51492931",
                    "name": "B\u00e9la Vancsics"
                },
                {
                    "authorId": "2079577791",
                    "name": "Andrea Stocco"
                },
                {
                    "authorId": "2778497",
                    "name": "D. Mazinanian"
                },
                {
                    "authorId": "1752419",
                    "name": "\u00c1rp\u00e1d Besz\u00e9des"
                },
                {
                    "authorId": "3172077",
                    "name": "R. Ferenc"
                },
                {
                    "authorId": "1853199",
                    "name": "A. Mesbah"
                }
            ],
            "doi": "10.1002/stvr.1751",
            "intent": [],
            "isInfluential": false,
            "paperId": "f4ef28993cc17a192b34e85e5a20e4ce64964c30",
            "title": "BUGSJS: a benchmark and taxonomy of JavaScript bugs",
            "url": "https://www.semanticscholar.org/paper/f4ef28993cc17a192b34e85e5a20e4ce64964c30",
            "venue": "Softw. Test. Verification Reliab.",
            "year": 2020
        },
        {
            "arxivId": null,
            "authors": [
                {
                    "authorId": "1500408026",
                    "name": "Jos\u00e9 D\u2019Abruzzo Pereira"
                }
            ],
            "doi": "10.1109/ISSREW51248.2020.00049",
            "intent": [
                "methodology"
            ],
            "isInfluential": false,
            "paperId": "f083d6fef2de34d96de354e940bd99ab57fdbd49",
            "title": "Techniques and Tools for Advanced Software Vulnerability Detection",
            "url": "https://www.semanticscholar.org/paper/f083d6fef2de34d96de354e940bd99ab57fdbd49",
            "venue": "2020 IEEE International Symposium on Software Reliability Engineering Workshops (ISSREW)",
            "year": 2020
        },
        {
            "arxivId": null,
            "authors": [
                {
                    "authorId": "29822894",
                    "name": "Charles F. Gon\u00e7alves"
                },
                {
                    "authorId": "143725286",
                    "name": "Nuno Antunes"
                }
            ],
            "doi": "10.1109/ISSREW51248.2020.00078",
            "intent": [
                "methodology"
            ],
            "isInfluential": false,
            "paperId": "5ee44fb38a6934b980ed3c3e86a35eee7d346f96",
            "title": "Vulnerability Analysis as Trustworthiness Evidence in Security Benchmarking: A Case Study on Xen.",
            "url": "https://www.semanticscholar.org/paper/5ee44fb38a6934b980ed3c3e86a35eee7d346f96",
            "venue": "2020 IEEE International Symposium on Software Reliability Engineering Workshops (ISSREW)",
            "year": 2020
        },
        {
            "arxivId": null,
            "authors": [
                {
                    "authorId": "3044702",
                    "name": "S. Heidbrink"
                },
                {
                    "authorId": "8705986",
                    "name": "Kathryn N. Rodhouse"
                },
                {
                    "authorId": "1749902",
                    "name": "Daniel M. Dunlavy"
                },
                {
                    "authorId": "2055305416",
                    "name": "Alexis Cooper"
                },
                {
                    "authorId": "48666864",
                    "name": "Xiaoxia Zhou"
                }
            ],
            "doi": "10.2172/1670527",
            "intent": [],
            "isInfluential": false,
            "paperId": "2a5d1650ffba37b9e91497d71157c33b511a958a",
            "title": "Joint Analysis of Program Data Representations using Machine Learning for Improved Software Assurance and Development Capabilities.",
            "url": "https://www.semanticscholar.org/paper/2a5d1650ffba37b9e91497d71157c33b511a958a",
            "venue": "",
            "year": 2020
        },
        {
            "arxivId": "2111.14583",
            "authors": [
                {
                    "authorId": "148430293",
                    "name": "Zoe Kotti"
                },
                {
                    "authorId": "2937511",
                    "name": "Konstantinos Kravvaritis"
                },
                {
                    "authorId": "41095366",
                    "name": "Konstantina Dritsa"
                },
                {
                    "authorId": "1740799",
                    "name": "D. Spinellis"
                }
            ],
            "doi": "10.1007/s10664-020-09834-7",
            "intent": [
                "background"
            ],
            "isInfluential": false,
            "paperId": "7889d09a8d6c1fc0089ad645b5fda0dae57a6314",
            "title": "Standing on shoulders or feet? An extended study on the usage of the MSR data papers",
            "url": "https://www.semanticscholar.org/paper/7889d09a8d6c1fc0089ad645b5fda0dae57a6314",
            "venue": "Empirical Software Engineering",
            "year": 2020
        },
        {
            "arxivId": null,
            "authors": [
                {
                    "authorId": "9432518",
                    "name": "Bingchang Liu"
                },
                {
                    "authorId": "2018895",
                    "name": "Guozhu Meng"
                },
                {
                    "authorId": "2290481163",
                    "name": "Wei Zou"
                },
                {
                    "authorId": "2055361592",
                    "name": "Qi Gong"
                },
                {
                    "authorId": "2146311731",
                    "name": "Feng Li"
                },
                {
                    "authorId": "2115913388",
                    "name": "Min Lin"
                },
                {
                    "authorId": "2112673495",
                    "name": "Dandan Sun"
                },
                {
                    "authorId": "2056206270",
                    "name": "Wei Huo"
                },
                {
                    "authorId": "2152736714",
                    "name": "Chao Zhang"
                }
            ],
            "doi": "10.1145/3377811.3380923",
            "intent": [],
            "isInfluential": false,
            "paperId": "307a392dd3b5bc1700f3e28bcc968f77e24aed2f",
            "title": "A Large-Scale Empirical Study on Vulnerability Distribution within Projects and the Lessons Learned",
            "url": "https://www.semanticscholar.org/paper/307a392dd3b5bc1700f3e28bcc968f77e24aed2f",
            "venue": "2020 IEEE/ACM 42nd International Conference on Software Engineering (ICSE)",
            "year": 2020
        },
        {
            "arxivId": null,
            "authors": [
                {
                    "authorId": "2118254758",
                    "name": "Mingxin Sun"
                },
                {
                    "authorId": "2117832747",
                    "name": "Wenjie Wang"
                },
                {
                    "authorId": "1845880158",
                    "name": "Hantao Feng"
                },
                {
                    "authorId": "1845793675",
                    "name": "Hongu Sun"
                },
                {
                    "authorId": "2108445005",
                    "name": "Yuqing Zhang"
                }
            ],
            "doi": "10.4108/eai.13-7-2018.164552",
            "intent": [
                "background"
            ],
            "isInfluential": false,
            "paperId": "7c60d6fb8727ab88d7bcdee40f4958ff6d39ebb5",
            "title": "Identify Vulnerability Fix Commits Automatically Using Hierarchical Attention Network",
            "url": "https://www.semanticscholar.org/paper/7c60d6fb8727ab88d7bcdee40f4958ff6d39ebb5",
            "venue": "EAI Endorsed Trans. Security Safety",
            "year": 2020
        },
        {
            "arxivId": "2006.13652",
            "authors": [
                {
                    "authorId": "50448100",
                    "name": "G\u00e1bor Antal"
                },
                {
                    "authorId": "147505365",
                    "name": "M\u00e1rton Keleti"
                },
                {
                    "authorId": "2076092",
                    "name": "P\u00e9ter Heged\u00fcs"
                }
            ],
            "doi": "10.1145/3379597.3387513",
            "intent": [],
            "isInfluential": false,
            "paperId": "d25558741e5b9e3b487648276744f8d04f8949fb",
            "title": "Exploring the Security Awareness of the Python and JavaScript Open Source Communities",
            "url": "https://www.semanticscholar.org/paper/d25558741e5b9e3b487648276744f8d04f8949fb",
            "venue": "2020 IEEE/ACM 17th International Conference on Mining Software Repositories (MSR)",
            "year": 2020
        },
        {
            "arxivId": null,
            "authors": [
                {
                    "authorId": "1949178496",
                    "name": "Jiahao Fan"
                },
                {
                    "authorId": "6299740",
                    "name": "Yi Li"
                },
                {
                    "authorId": "2145317386",
                    "name": "Shaohua Wang"
                },
                {
                    "authorId": "2327697",
                    "name": "T. Nguyen"
                }
            ],
            "doi": "10.1145/3379597.3387501",
            "intent": [],
            "isInfluential": false,
            "paperId": "7eebae9c294f68d8061d921e7c2bb76a06b15889",
            "title": "A C/C++ Code Vulnerability Dataset with Code Changes and CVE Summaries",
            "url": "https://www.semanticscholar.org/paper/7eebae9c294f68d8061d921e7c2bb76a06b15889",
            "venue": "2020 IEEE/ACM 17th International Conference on Mining Software Repositories (MSR)",
            "year": 2020
        },
        {
            "arxivId": null,
            "authors": [
                {
                    "authorId": "2056082988",
                    "name": "Guillaume Rousseau"
                },
                {
                    "authorId": "9381770",
                    "name": "R. D. Cosmo"
                },
                {
                    "authorId": "1682225",
                    "name": "Stefano Zacchiroli"
                }
            ],
            "doi": "10.1007/s10664-020-09828-5",
            "intent": [
                "background"
            ],
            "isInfluential": false,
            "paperId": "7e5f90d5a977ecb530d5f0247be7bbf165c7490e",
            "title": "Software provenance tracking at the scale of public source code",
            "url": "https://www.semanticscholar.org/paper/7e5f90d5a977ecb530d5f0247be7bbf165c7490e",
            "venue": "Empirical Software Engineering",
            "year": 2020
        },
        {
            "arxivId": null,
            "authors": [
                {
                    "authorId": "148430293",
                    "name": "Zoe Kotti"
                },
                {
                    "authorId": "1740799",
                    "name": "D. Spinellis"
                }
            ],
            "doi": "10.1109/MSR.2019.00085",
            "intent": [
                "background"
            ],
            "isInfluential": false,
            "paperId": "43148fabe2636026e07ca04974aff40d204bfb6b",
            "title": "Standing on Shoulders or Feet? The Usage of the MSR Data Papers",
            "url": "https://www.semanticscholar.org/paper/43148fabe2636026e07ca04974aff40d204bfb6b",
            "venue": "2019 IEEE/ACM 16th International Conference on Mining Software Repositories (MSR)",
            "year": 2019
        },
        {
            "arxivId": null,
            "authors": [
                {
                    "authorId": "3469814",
                    "name": "A. Wickert"
                },
                {
                    "authorId": "47138634",
                    "name": "Michael Reif"
                },
                {
                    "authorId": "1696396",
                    "name": "Michael Eichberg"
                },
                {
                    "authorId": "79420173",
                    "name": "Anam Dodhy"
                },
                {
                    "authorId": "1681134",
                    "name": "M. Mezini"
                }
            ],
            "doi": "10.1109/MSR.2019.00023",
            "intent": [
                "background"
            ],
            "isInfluential": false,
            "paperId": "8a29e6fe92b8f8c0d5461feaee8ec59a2b063aea",
            "title": "A Dataset of Parametric Cryptographic Misuses",
            "url": "https://www.semanticscholar.org/paper/8a29e6fe92b8f8c0d5461feaee8ec59a2b063aea",
            "venue": "2019 IEEE/ACM 16th International Conference on Mining Software Repositories (MSR)",
            "year": 2019
        },
        {
            "arxivId": "2405.07213",
            "authors": [
                {
                    "authorId": "3172077",
                    "name": "R. Ferenc"
                },
                {
                    "authorId": "2076092",
                    "name": "P\u00e9ter Heged\u00fcs"
                },
                {
                    "authorId": "3260492",
                    "name": "P\u00e9ter Gyimesi"
                },
                {
                    "authorId": "50448100",
                    "name": "G\u00e1bor Antal"
                },
                {
                    "authorId": "2442722",
                    "name": "D\u00e9nes B\u00e1n"
                },
                {
                    "authorId": "1681248",
                    "name": "T. Gyim\u00f3thy"
                }
            ],
            "doi": "10.1109/RAISE.2019.00010",
            "intent": [
                "background"
            ],
            "isInfluential": false,
            "paperId": "7c3c046dd44f242b899963925772f117dc351e00",
            "title": "Challenging Machine Learning Algorithms in Predicting Vulnerable JavaScript Functions",
            "url": "https://www.semanticscholar.org/paper/7c3c046dd44f242b899963925772f117dc351e00",
            "venue": "2019 IEEE/ACM 7th International Workshop on Realizing Artificial Intelligence Synergies in Software Engineering (RAISE)",
            "year": 2019
        },
        {
            "arxivId": null,
            "authors": [
                {
                    "authorId": "51492931",
                    "name": "B\u00e9la Vancsics"
                },
                {
                    "authorId": "3260492",
                    "name": "P\u00e9ter Gyimesi"
                },
                {
                    "authorId": "2079577791",
                    "name": "Andrea Stocco"
                },
                {
                    "authorId": "2778497",
                    "name": "D. Mazinanian"
                },
                {
                    "authorId": "1752419",
                    "name": "\u00c1rp\u00e1d Besz\u00e9des"
                },
                {
                    "authorId": "3172077",
                    "name": "R. Ferenc"
                },
                {
                    "authorId": "1853199",
                    "name": "A. Mesbah"
                }
            ],
            "doi": "10.1109/ICST.2019.00046",
            "intent": [],
            "isInfluential": false,
            "paperId": "bf47baa5d39d09713039e734958473ca8849efc4",
            "title": "Poster: Supporting JavaScript Experimentation with BugsJS",
            "url": "https://www.semanticscholar.org/paper/bf47baa5d39d09713039e734958473ca8849efc4",
            "venue": "2019 12th IEEE Conference on Software Testing, Validation and Verification (ICST)",
            "year": 2019
        },
        {
            "arxivId": null,
            "authors": [
                {
                    "authorId": "3260492",
                    "name": "P\u00e9ter Gyimesi"
                },
                {
                    "authorId": "51492931",
                    "name": "B\u00e9la Vancsics"
                },
                {
                    "authorId": "2079577791",
                    "name": "Andrea Stocco"
                },
                {
                    "authorId": "2778497",
                    "name": "D. Mazinanian"
                },
                {
                    "authorId": "1752419",
                    "name": "\u00c1rp\u00e1d Besz\u00e9des"
                },
                {
                    "authorId": "3172077",
                    "name": "R. Ferenc"
                },
                {
                    "authorId": "1853199",
                    "name": "A. Mesbah"
                }
            ],
            "doi": "10.1109/ICST.2019.00019",
            "intent": [],
            "isInfluential": false,
            "paperId": "10fd1629037821e6fc480506004b8d7d5ac986c8",
            "title": "BugsJS: a Benchmark of JavaScript Bugs",
            "url": "https://www.semanticscholar.org/paper/10fd1629037821e6fc480506004b8d7d5ac986c8",
            "venue": "2019 12th IEEE Conference on Software Testing, Validation and Verification (ICST)",
            "year": 2019
        },
        {
            "arxivId": "1902.02595",
            "authors": [
                {
                    "authorId": "2005211",
                    "name": "Serena Elisa Ponta"
                },
                {
                    "authorId": "3283588",
                    "name": "H. Plate"
                },
                {
                    "authorId": "1737833",
                    "name": "A. Sabetta"
                },
                {
                    "authorId": "34876221",
                    "name": "M. Bezzi"
                },
                {
                    "authorId": "68977382",
                    "name": "C\u00e9dric Dangremont"
                }
            ],
            "doi": "10.1109/MSR.2019.00064",
            "intent": [
                "methodology"
            ],
            "isInfluential": false,
            "paperId": "1abbaa1dec355d99291d151845e5aa568af46b1c",
            "title": "A Manually-Curated Dataset of Fixes to Vulnerabilities of Open-Source Software",
            "url": "https://www.semanticscholar.org/paper/1abbaa1dec355d99291d151845e5aa568af46b1c",
            "venue": "2019 IEEE/ACM 16th International Conference on Mining Software Repositories (MSR)",
            "year": 2019
        },
        {
            "arxivId": null,
            "authors": [
                {
                    "authorId": "2064267358",
                    "name": "B. G. Oliveira"
                },
                {
                    "authorId": "9126430",
                    "name": "A. T. Endo"
                },
                {
                    "authorId": "145983572",
                    "name": "S. Vergilio"
                }
            ],
            "doi": "10.5220/0011966100003467",
            "intent": [
                "background"
            ],
            "isInfluential": false,
            "paperId": "b8bdb8e22a3cdfcc9e9071e605c2e22816d03240",
            "title": "Characterizing Security-Related Commits of JavaScript Engines",
            "url": "https://www.semanticscholar.org/paper/b8bdb8e22a3cdfcc9e9071e605c2e22816d03240",
            "venue": "ICEIS",
            "year": 2023
        },
        {
            "arxivId": null,
            "authors": [
                {
                    "authorId": "2006136724",
                    "name": "Tam\u00e1s Aladics"
                },
                {
                    "authorId": "2076092",
                    "name": "P\u00e9ter Heged\u00fcs"
                },
                {
                    "authorId": "3172077",
                    "name": "R. Ferenc"
                }
            ],
            "doi": "10.5220/0011275200003266",
            "intent": [
                "background"
            ],
            "isInfluential": false,
            "paperId": "efb90e4774f4904af0a1c55b6b4b7fc7e22abc70",
            "title": "A Vulnerability Introducing Commit Dataset for Java: An Improved SZZ based Approach",
            "url": "https://www.semanticscholar.org/paper/efb90e4774f4904af0a1c55b6b4b7fc7e22abc70",
            "venue": "ICSOFT",
            "year": 2022
        },
        {
            "arxivId": null,
            "authors": [
                {
                    "authorId": "2257379657",
                    "name": "Congying Xu"
                },
                {
                    "authorId": "144943089",
                    "name": "Bihuan Chen"
                },
                {
                    "authorId": "2257179687",
                    "name": "Chenhao Lu"
                },
                {
                    "authorId": "11360887",
                    "name": "Kaifeng Huang"
                },
                {
                    "authorId": "2152488627",
                    "name": "Xin Peng"
                },
                {
                    "authorId": "2152799257",
                    "name": "Yang Liu"
                }
            ],
            "doi": null,
            "intent": [
                "background"
            ],
            "isInfluential": false,
            "paperId": "169bd84bbcb588990bd3525d0a8ac4fbfedad9bb",
            "title": "TRACER: Finding Patches for Open Source Software Vulnerabilities",
            "url": "https://www.semanticscholar.org/paper/169bd84bbcb588990bd3525d0a8ac4fbfedad9bb",
            "venue": "ArXiv",
            "year": 2021
        },
        {
            "arxivId": null,
            "authors": [
                {
                    "authorId": "145193049",
                    "name": "Gottfried Wilhelm"
                }
            ],
            "doi": null,
            "intent": [],
            "isInfluential": false,
            "paperId": "0ba194ccf6c1ae83c92bc38b28c71c1a8ad41333",
            "title": "Security Study with the Use of Known Vulnerabilities in Github",
            "url": "https://www.semanticscholar.org/paper/0ba194ccf6c1ae83c92bc38b28c71c1a8ad41333",
            "venue": "",
            "year": 2020
        }
    ],
    "corpusId": 48357722,
    "doi": "10.1145/3196398.3196454",
    "fieldsOfStudy": [
        "Computer Science"
    ],
    "influentialCitationCount": 1,
    "isOpenAccess": false,
    "isPublisherLicensed": true,
    "is_open_access": false,
    "is_publisher_licensed": true,
    "numCitedBy": 59,
    "numCiting": 10,
    "paperId": "337fd6a9824cc1c4f8b81fa34cdc198dc733e2d3",
    "references": [
        {
            "arxivId": null,
            "authors": [],
            "doi": "10.1109/MSR.2017.24",
            "intent": [
                "methodology"
            ],
            "isInfluential": false,
            "paperId": "840d779e02a646d19cabd6bb186533cae81fc966",
            "title": "TravisTorrent: Synthesizing Travis CI and GitHub for Full-Stack Research on Continuous Integration",
            "url": "https://www.semanticscholar.org/paper/840d779e02a646d19cabd6bb186533cae81fc966",
            "venue": "2017 IEEE/ACM 14th International Conference on Mining Software Repositories (MSR)",
            "year": 2017
        },
        {
            "arxivId": null,
            "authors": [
                {
                    "authorId": "5511581",
                    "name": "Nuthan Munaiah"
                },
                {
                    "authorId": "8642170",
                    "name": "Steven Kroh"
                },
                {
                    "authorId": "8680312",
                    "name": "Craig Cabrey"
                },
                {
                    "authorId": "7274019",
                    "name": "M. Nagappan"
                }
            ],
            "doi": "10.1007/s10664-017-9512-6",
            "intent": [
                "methodology"
            ],
            "isInfluential": false,
            "paperId": "8adfb836c1af62800be790e3353f7d28a2943192",
            "title": "Curating GitHub for engineered software projects",
            "url": "https://www.semanticscholar.org/paper/8adfb836c1af62800be790e3353f7d28a2943192",
            "venue": "Empirical Software Engineering",
            "year": 2017
        },
        {
            "arxivId": null,
            "authors": [
                {
                    "authorId": "2434621",
                    "name": "Bogdan Vasilescu"
                },
                {
                    "authorId": "47111832",
                    "name": "Yue Yu"
                },
                {
                    "authorId": "143969934",
                    "name": "Huaimin Wang"
                },
                {
                    "authorId": "1730296",
                    "name": "Premkumar T. Devanbu"
                },
                {
                    "authorId": "3179220",
                    "name": "V. Filkov"
                }
            ],
            "doi": "10.1145/2786805.2786850",
            "intent": [
                "background"
            ],
            "isInfluential": false,
            "paperId": "0b5a3c73c3a72941664828c049f1f483d462dd08",
            "title": "Quality and productivity outcomes relating to continuous integration in GitHub",
            "url": "https://www.semanticscholar.org/paper/0b5a3c73c3a72941664828c049f1f483d462dd08",
            "venue": "ESEC/SIGSOFT FSE",
            "year": 2015
        },
        {
            "arxivId": null,
            "authors": [
                {
                    "authorId": "2152806",
                    "name": "Andrew Meneely"
                },
                {
                    "authorId": "2448555",
                    "name": "Alberto Rodriguez Tejeda"
                },
                {
                    "authorId": "2600885",
                    "name": "B. Spates"
                },
                {
                    "authorId": "40469506",
                    "name": "Shannon Trudeau"
                },
                {
                    "authorId": "48144169",
                    "name": "Danielle Neuberger"
                },
                {
                    "authorId": "2365920",
                    "name": "K. Whitlock"
                },
                {
                    "authorId": "3340697",
                    "name": "Christopher Ketant"
                },
                {
                    "authorId": "2111798824",
                    "name": "Kayla Davis"
                }
            ],
            "doi": "10.1145/2661685.2661687",
            "intent": [
                "methodology"
            ],
            "isInfluential": false,
            "paperId": "4b58bf3b886997d79ba469099e44c2fd5ef8c770",
            "title": "An empirical investigation of socio-technical code review metrics and security vulnerabilities",
            "url": "https://www.semanticscholar.org/paper/4b58bf3b886997d79ba469099e44c2fd5ef8c770",
            "venue": "SSE@SIGSOFT FSE",
            "year": 2014
        },
        {
            "arxivId": null,
            "authors": [
                {
                    "authorId": "7498035",
                    "name": "Dimitris Mitropoulos"
                },
                {
                    "authorId": "2848117",
                    "name": "Vassilios Karakoidas"
                },
                {
                    "authorId": "6932577",
                    "name": "P. Louridas"
                },
                {
                    "authorId": "2211882",
                    "name": "Georgios Gousios"
                },
                {
                    "authorId": "1740799",
                    "name": "D. Spinellis"
                }
            ],
            "doi": "10.1145/2597073.2597123",
            "intent": [
                "background"
            ],
            "isInfluential": false,
            "paperId": "a7bfa4d8fb6ca8da96302b29832f9c3567958c7d",
            "title": "The bug catalog of the maven ecosystem",
            "url": "https://www.semanticscholar.org/paper/a7bfa4d8fb6ca8da96302b29832f9c3567958c7d",
            "venue": "MSR 2014",
            "year": 2014
        },
        {
            "arxivId": null,
            "authors": [
                {
                    "authorId": "2211882",
                    "name": "Georgios Gousios"
                }
            ],
            "doi": "10.1109/MSR.2013.6624034",
            "intent": [
                "methodology"
            ],
            "isInfluential": false,
            "paperId": "2867eb64cc4bb1945363fdae12a168962ea823aa",
            "title": "The GHTorent dataset and tool suite",
            "url": "https://www.semanticscholar.org/paper/2867eb64cc4bb1945363fdae12a168962ea823aa",
            "venue": "2013 10th Working Conference on Mining Software Repositories (MSR)",
            "year": 2013
        },
        {
            "arxivId": null,
            "authors": [
                {
                    "authorId": "2066799084",
                    "name": "Nigel Edwards"
                },
                {
                    "authorId": "39792258",
                    "name": "Liqun Chen"
                }
            ],
            "doi": "10.1145/2382196.2382218",
            "intent": [
                "background"
            ],
            "isInfluential": false,
            "paperId": "e1cbd3b54dd4326f7e85537830f1c23060dbad87",
            "title": "An historical examination of open source releases and their vulnerabilities",
            "url": "https://www.semanticscholar.org/paper/e1cbd3b54dd4326f7e85537830f1c23060dbad87",
            "venue": "CCS",
            "year": 2012
        },
        {
            "arxivId": null,
            "authors": [
                {
                    "authorId": "1746220",
                    "name": "F. Massacci"
                },
                {
                    "authorId": "34971343",
                    "name": "S. Neuhaus"
                },
                {
                    "authorId": "2075327929",
                    "name": "Viet Hung Nguyen"
                }
            ],
            "doi": "10.1007/978-3-642-19125-1_15",
            "intent": [
                "background"
            ],
            "isInfluential": false,
            "paperId": "5b19c1e4a7feb90b18300aa18ee1990839d71be4",
            "title": "After-Life Vulnerabilities: A Study on Firefox Evolution, Its Vulnerabilities, and Fixes",
            "url": "https://www.semanticscholar.org/paper/5b19c1e4a7feb90b18300aa18ee1990839d71be4",
            "venue": "ESSoS",
            "year": 2011
        },
        {
            "arxivId": null,
            "authors": [
                {
                    "authorId": "2136878",
                    "name": "Andy Ozment"
                },
                {
                    "authorId": "1803888",
                    "name": "Stuart E. Schechter"
                }
            ],
            "doi": null,
            "intent": [
                "background"
            ],
            "isInfluential": false,
            "paperId": "f8b9ec7d0dfca96f70d7531be22162c55ec28119",
            "title": "Milk or Wine: Does Software Security Improve with Age?",
            "url": "https://www.semanticscholar.org/paper/f8b9ec7d0dfca96f70d7531be22162c55ec28119",
            "venue": "USENIX Security Symposium",
            "year": 2006
        },
        {
            "arxivId": null,
            "authors": [],
            "doi": null,
            "intent": [],
            "isInfluential": false,
            "paperId": "",
            "title": "Georgios Gousios, and Diomidis Spinellis",
            "url": "",
            "venue": "Proceedings of the 11th Working Conference on Mining Software Repositories (MSR",
            "year": 2014
        }
    ],
    "s2FieldsOfStudy": [
        {
            "category": "Computer Science",
            "source": "external"
        },
        {
            "category": "Computer Science",
            "source": "s2-fos-model"
        },
        {
            "category": "Engineering",
            "source": "s2-fos-model"
        }
    ],
    "title": "VulinOSS: A Dataset of Security Vulnerabilities in Open-Source Systems",
    "topics": [],
    "url": "https://www.semanticscholar.org/paper/337fd6a9824cc1c4f8b81fa34cdc198dc733e2d3",
    "venue": "IEEE Working Conference on Mining Software Repositories",
    "year": 2018
}