{
    "abstract": "Agile software development is nowadays a widely adopted practise in both open-source and industrial software projects. Agile teams typically heavily rely on issue management tools to document new issues and keep track of outstanding ones, in addition to storing their technical details, effort estimates, assignment to developers, and more. Previous work utilised the historical information stored in issue management systems for various purposes; however, when researchers make their empirical data public, it is usually relevant solely to the study's objective. In this paper, we present a more holistic and versatile dataset containing a wealth of information on more than half a million issues from 44 open-source Agile software, making it well-suited to several research avenues, and cross-analyses therein, including effort estimation, issue prioritization, issue assignment and many more. We make this data publicly available on GitHub to facilitate ease of use, maintenance, and extensibility.",
    "arxivId": "2202.00979",
    "authors": [
        {
            "authorId": "1912306",
            "name": "Vali Tawosi",
            "url": "https://www.semanticscholar.org/author/1912306"
        },
        {
            "authorId": "1403114578",
            "name": "A. Al-Subaihin",
            "url": "https://www.semanticscholar.org/author/1403114578"
        },
        {
            "authorId": "23105293",
            "name": "Rebecca Moussa",
            "url": "https://www.semanticscholar.org/author/23105293"
        },
        {
            "authorId": "2103653",
            "name": "Federica Sarro",
            "url": "https://www.semanticscholar.org/author/2103653"
        }
    ],
    "citationVelocity": 0,
    "citations": [
        {
            "arxivId": null,
            "authors": [
                {
                    "authorId": "2317346754",
                    "name": "Burcu Yal\u00e7\u0131ner"
                },
                {
                    "authorId": "2285827237",
                    "name": "K\u0131van\u00e7 Din\u00e7er"
                },
                {
                    "authorId": "94391159",
                    "name": "Adil G\u00fcrsel Kara\u00e7or"
                },
                {
                    "authorId": "2261543149",
                    "name": "Mehmet \u00d6nder Efe"
                }
            ],
            "doi": "10.3390/app14167305",
            "intent": [],
            "isInfluential": false,
            "paperId": "f684bb4549d204053fec21df08b2aa2f9e770bb8",
            "title": "Enhancing Agile Story Point Estimation: Integrating Deep Learning, Machine Learning, and Natural Language Processing with SBERT and Gradient Boosted Trees",
            "url": "https://www.semanticscholar.org/paper/f684bb4549d204053fec21df08b2aa2f9e770bb8",
            "venue": "Applied Sciences",
            "year": 2024
        },
        {
            "arxivId": "2406.16259",
            "authors": [
                {
                    "authorId": "2300671216",
                    "name": "Giseldo Neo"
                },
                {
                    "authorId": "2300665231",
                    "name": "Jos\u00e9 Moura"
                },
                {
                    "authorId": "2300670135",
                    "name": "Hyggo Almeida"
                },
                {
                    "authorId": "2300669906",
                    "name": "Alana Neo"
                },
                {
                    "authorId": "2303660783",
                    "name": "Olival de Gusm\u00e3o Freitas J\u00fanior"
                }
            ],
            "doi": "10.5220/0012619200003693",
            "intent": [
                "methodology",
                "background"
            ],
            "isInfluential": false,
            "paperId": "65de5ae4218e59ce513b603ea81a75f02ce5e600",
            "title": "User Story Tutor (UST) to Support Agile Software Developers",
            "url": "https://www.semanticscholar.org/paper/65de5ae4218e59ce513b603ea81a75f02ce5e600",
            "venue": "CSEDU",
            "year": 2024
        },
        {
            "arxivId": null,
            "authors": [
                {
                    "authorId": "1403618037",
                    "name": "Bader Alshemaimri"
                },
                {
                    "authorId": "1410524146",
                    "name": "Nafla Alrumayyan"
                },
                {
                    "authorId": "2295904302",
                    "name": "Reem Alqadi"
                }
            ],
            "doi": "10.32473/flairs.37.1.135562",
            "intent": [],
            "isInfluential": false,
            "paperId": "53168829cf8ec7d6df6dcdc2ba42ae0066805415",
            "title": "GCN-Based Issues Classification in Software Repository",
            "url": "https://www.semanticscholar.org/paper/53168829cf8ec7d6df6dcdc2ba42ae0066805415",
            "venue": "The International FLAIRS Conference Proceedings",
            "year": 2024
        },
        {
            "arxivId": null,
            "authors": [
                {
                    "authorId": "1405762796",
                    "name": "T. Georgieva-Trifonova"
                }
            ],
            "doi": "10.1109/INFOTEH60418.2024.10495947",
            "intent": [],
            "isInfluential": false,
            "paperId": "d210cfabd4f85c8e6313314a8cd9fc143abace0c",
            "title": "Applying Data Classification for Predicting the Task Priorities of Software Projects",
            "url": "https://www.semanticscholar.org/paper/d210cfabd4f85c8e6313314a8cd9fc143abace0c",
            "venue": "2024 23rd International Symposium INFOTEH-JAHORINA (INFOTEH)",
            "year": 2024
        },
        {
            "arxivId": "2403.08430",
            "authors": [
                {
                    "authorId": "1912306",
                    "name": "Vali Tawosi"
                },
                {
                    "authorId": "2142986623",
                    "name": "Salwa Alamir"
                },
                {
                    "authorId": "2271803804",
                    "name": "Xiaomo Liu"
                }
            ],
            "doi": "10.1007/978-3-031-48796-5_9",
            "intent": [
                "methodology"
            ],
            "isInfluential": false,
            "paperId": "72b1a78ce2aed514d3eb38631582ee49474e5095",
            "title": "Search-Based Optimisation of LLM Learning Shots for Story Point Estimation",
            "url": "https://www.semanticscholar.org/paper/72b1a78ce2aed514d3eb38631582ee49474e5095",
            "venue": "SSBSE",
            "year": 2024
        },
        {
            "arxivId": "2403.05716",
            "authors": [
                {
                    "authorId": "2290847527",
                    "name": "Lloyd Montgomery"
                },
                {
                    "authorId": "51508446",
                    "name": "C. Luders"
                },
                {
                    "authorId": "1706506",
                    "name": "W. Maalej"
                }
            ],
            "doi": "10.48550/arXiv.2403.05716",
            "intent": [
                "background"
            ],
            "isInfluential": false,
            "paperId": "ea3b8409e09defd4bdffacbb4c0685bc4c2eb96c",
            "title": "Mining Issue Trackers: Concepts and Techniques",
            "url": "https://www.semanticscholar.org/paper/ea3b8409e09defd4bdffacbb4c0685bc4c2eb96c",
            "venue": "ArXiv",
            "year": 2024
        },
        {
            "arxivId": null,
            "authors": [
                {
                    "authorId": "1403562120",
                    "name": "Remah Younisse"
                },
                {
                    "authorId": "2270961835",
                    "name": "Mohammad Azzeh"
                }
            ],
            "doi": "10.1109/ICICS60529.2023.10330468",
            "intent": [
                "background"
            ],
            "isInfluential": false,
            "paperId": "cd98aa6d4efbb1a7fe6242b28c62cfe0e7d06239",
            "title": "Application of Natural Language Processing Techniques in Agile Software Project Management: A Survey",
            "url": "https://www.semanticscholar.org/paper/cd98aa6d4efbb1a7fe6242b28c62cfe0e7d06239",
            "venue": "2023 14th International Conference on Information and Communication Systems (ICICS)",
            "year": 2023
        },
        {
            "arxivId": "2303.03482",
            "authors": [
                {
                    "authorId": "2312989",
                    "name": "V\u00edctor Uc Cetina"
                }
            ],
            "doi": "10.48550/arXiv.2303.03482",
            "intent": [],
            "isInfluential": false,
            "paperId": "eeab6c4256065b3c068360178a90e619ff35cc5e",
            "title": "Recent Advances in Software Effort Estimation using Machine Learning",
            "url": "https://www.semanticscholar.org/paper/eeab6c4256065b3c068360178a90e619ff35cc5e",
            "venue": "ArXiv",
            "year": 2023
        },
        {
            "arxivId": null,
            "authors": [
                {
                    "authorId": "102937035",
                    "name": "E.M.M. Alzeyani"
                },
                {
                    "authorId": "144450797",
                    "name": "C. Szab\u00f3"
                }
            ],
            "doi": "10.2478/aei-2023-0001",
            "intent": [],
            "isInfluential": false,
            "paperId": "95954421cbc27415652b2e2a7ed46fd05b7954e2",
            "title": "A Study on the Effectiveness of Agile Methodology Using a Dataset",
            "url": "https://www.semanticscholar.org/paper/95954421cbc27415652b2e2a7ed46fd05b7954e2",
            "venue": "Acta Electrotechnica et Informatica",
            "year": 2023
        },
        {
            "arxivId": null,
            "authors": [
                {
                    "authorId": "102937035",
                    "name": "E.M.M. Alzeyani"
                },
                {
                    "authorId": "1664583590",
                    "name": "C. Szab\u00f3"
                }
            ],
            "doi": "10.1109/ICETA57911.2022.9974749",
            "intent": [],
            "isInfluential": false,
            "paperId": "390e6b8784733228ce25496fe94ac853e1dca4fb",
            "title": "A study on the methodology of Software Project Management used by students whether they are using an Agile or Waterfall methodology",
            "url": "https://www.semanticscholar.org/paper/390e6b8784733228ce25496fe94ac853e1dca4fb",
            "venue": "2022 20th International Conference on Emerging eLearning Technologies and Applications (ICETA)",
            "year": 2022
        },
        {
            "arxivId": null,
            "authors": [
                {
                    "authorId": "1912306",
                    "name": "Vali Tawosi"
                },
                {
                    "authorId": "2103653",
                    "name": "Federica Sarro"
                }
            ],
            "doi": "10.1145/3544902.3546238",
            "intent": [
                "methodology",
                "background"
            ],
            "isInfluential": true,
            "paperId": "9a4716b9065d7dfa959248a2464db3e1026963a4",
            "title": "On the Relationship Between Story Points and Development Effort in Agile Open-Source Software",
            "url": "https://www.semanticscholar.org/paper/9a4716b9065d7dfa959248a2464db3e1026963a4",
            "venue": "ESEM",
            "year": 2022
        },
        {
            "arxivId": "2206.11023",
            "authors": [
                {
                    "authorId": "29785036",
                    "name": "H. Phan"
                },
                {
                    "authorId": "1692563",
                    "name": "A. Jannesari"
                }
            ],
            "doi": "10.1145/3544902.3546248",
            "intent": [
                "methodology"
            ],
            "isInfluential": false,
            "paperId": "1390b8bca74f790fe835dcbc83c238a75f668753",
            "title": "Heterogeneous Graph Neural Networks for Software Effort Estimation",
            "url": "https://www.semanticscholar.org/paper/1390b8bca74f790fe835dcbc83c238a75f668753",
            "venue": "ESEM",
            "year": 2022
        },
        {
            "arxivId": null,
            "authors": [
                {
                    "authorId": "1912306",
                    "name": "Vali Tawosi"
                },
                {
                    "authorId": "1403114578",
                    "name": "A. Al-Subaihin"
                },
                {
                    "authorId": "2103653",
                    "name": "Federica Sarro"
                }
            ],
            "doi": "10.1109/saner53432.2022.00101",
            "intent": [
                "methodology",
                "background"
            ],
            "isInfluential": false,
            "paperId": "624fddbd66fbe6c6b6051ed5c6e8b3f9ebf4e149",
            "title": "Investigating the Effectiveness of Clustering for Story Point Estimation",
            "url": "https://www.semanticscholar.org/paper/624fddbd66fbe6c6b6051ed5c6e8b3f9ebf4e149",
            "venue": "2022 IEEE International Conference on Software Analysis, Evolution and Reengineering (SANER)",
            "year": 2022
        },
        {
            "arxivId": "2201.05401",
            "authors": [
                {
                    "authorId": "1912306",
                    "name": "Vali Tawosi"
                },
                {
                    "authorId": "23105293",
                    "name": "Rebecca Moussa"
                },
                {
                    "authorId": "2103653",
                    "name": "Federica Sarro"
                }
            ],
            "doi": "10.1109/TSE.2022.3228739",
            "intent": [
                "methodology"
            ],
            "isInfluential": false,
            "paperId": "6d08ec2735e7c12c4243955bb979a84efd1263e8",
            "title": "Agile Effort Estimation: Have We Solved the Problem Yet? Insights From a Replication Study",
            "url": "https://www.semanticscholar.org/paper/6d08ec2735e7c12c4243955bb979a84efd1263e8",
            "venue": "IEEE Transactions on Software Engineering",
            "year": 2022
        },
        {
            "arxivId": null,
            "authors": [
                {
                    "authorId": "2295625970",
                    "name": "Ashley T. van Can"
                },
                {
                    "authorId": "2295626053",
                    "name": "Fabiano Dalpiaz"
                }
            ],
            "doi": "10.1007/978-3-031-57327-9_19",
            "intent": [
                "background",
                "result"
            ],
            "isInfluential": false,
            "paperId": "10e2b163d331f4bf30b271629624898a8af70260",
            "title": "Requirements Information in Backlog Items: Content Analysis",
            "url": "https://www.semanticscholar.org/paper/10e2b163d331f4bf30b271629624898a8af70260",
            "venue": "REFSQ",
            "year": 2024
        }
    ],
    "corpusId": 246473307,
    "doi": "10.1145/3524842.3528029",
    "fieldsOfStudy": [
        "Computer Science"
    ],
    "influentialCitationCount": 0,
    "isOpenAccess": true,
    "isPublisherLicensed": true,
    "is_open_access": true,
    "is_publisher_licensed": true,
    "numCitedBy": 15,
    "numCiting": 31,
    "paperId": "729421d88f261f57f44bbfa0bcd0a90c04d14fa4",
    "references": [
        {
            "arxivId": null,
            "authors": [
                {
                    "authorId": "2103653",
                    "name": "Federica Sarro"
                },
                {
                    "authorId": "23105293",
                    "name": "Rebecca Moussa"
                },
                {
                    "authorId": "3400166",
                    "name": "Alessio Petrozziello"
                },
                {
                    "authorId": "145836176",
                    "name": "M. Harman"
                }
            ],
            "doi": "10.1109/tse.2020.3040793",
            "intent": [
                "methodology"
            ],
            "isInfluential": false,
            "paperId": "1407ba53b9cdfa4a3ed1972a053913f91616a08b",
            "title": "Learning From Mistakes: Machine Learning Enhanced Human Expert Effort Estimates",
            "url": "https://www.semanticscholar.org/paper/1407ba53b9cdfa4a3ed1972a053913f91616a08b",
            "venue": "IEEE Transactions on Software Engineering",
            "year": 2022
        },
        {
            "arxivId": null,
            "authors": [
                {
                    "authorId": "1912306",
                    "name": "Vali Tawosi"
                },
                {
                    "authorId": "1403114578",
                    "name": "A. Al-Subaihin"
                },
                {
                    "authorId": "2103653",
                    "name": "Federica Sarro"
                }
            ],
            "doi": "10.1109/saner53432.2022.00101",
            "intent": [
                "methodology",
                "background"
            ],
            "isInfluential": false,
            "paperId": "624fddbd66fbe6c6b6051ed5c6e8b3f9ebf4e149",
            "title": "Investigating the Effectiveness of Clustering for Story Point Estimation",
            "url": "https://www.semanticscholar.org/paper/624fddbd66fbe6c6b6051ed5c6e8b3f9ebf4e149",
            "venue": "2022 IEEE International Conference on Software Analysis, Evolution and Reengineering (SANER)",
            "year": 2022
        },
        {
            "arxivId": null,
            "authors": [
                {
                    "authorId": "2108716128",
                    "name": "Yuekai Huang"
                },
                {
                    "authorId": "2109763128",
                    "name": "Junjie Wang"
                },
                {
                    "authorId": "2117074753",
                    "name": "Song Wang"
                },
                {
                    "authorId": "2116746462",
                    "name": "Zhe Liu"
                },
                {
                    "authorId": "2155680314",
                    "name": "Dandan Wang"
                },
                {
                    "authorId": "40326638",
                    "name": "Qing Wang"
                }
            ],
            "doi": "10.1145/3475716.3475789",
            "intent": [
                "methodology"
            ],
            "isInfluential": false,
            "paperId": "b0bd339a9266ce54ea98885f2ddef28430a8eaaf",
            "title": "Characterizing and Predicting Good First Issues",
            "url": "https://www.semanticscholar.org/paper/b0bd339a9266ce54ea98885f2ddef28430a8eaaf",
            "venue": "ESEM",
            "year": 2021
        },
        {
            "arxivId": null,
            "authors": [
                {
                    "authorId": "1403585078",
                    "name": "Carlos Gavidia-Calderon"
                },
                {
                    "authorId": "2103653",
                    "name": "Federica Sarro"
                },
                {
                    "authorId": "145836176",
                    "name": "M. Harman"
                },
                {
                    "authorId": "1757975",
                    "name": "Earl T. Barr"
                }
            ],
            "doi": "10.1109/tse.2019.2944608",
            "intent": [],
            "isInfluential": false,
            "paperId": "c99d62d332fedfc6a46fc162fdd2124f7b8f4242",
            "title": "The Assessor's Dilemma: Improving Bug Repair via Empirical Game Theory",
            "url": "https://www.semanticscholar.org/paper/c99d62d332fedfc6a46fc162fdd2124f7b8f4242",
            "venue": "IEEE Transactions on Software Engineering",
            "year": 2021
        },
        {
            "arxivId": null,
            "authors": [
                {
                    "authorId": "2280948768",
                    "name": "Qasim Umer"
                },
                {
                    "authorId": "2146673922",
                    "name": "Hui Liu"
                },
                {
                    "authorId": "83328355",
                    "name": "Inam Illahi"
                }
            ],
            "doi": "10.1109/TR.2019.2959624",
            "intent": [
                "methodology",
                "background"
            ],
            "isInfluential": false,
            "paperId": "8e756b009a9a5feb3896d267909cebd2386deeea",
            "title": "CNN-Based Automatic Prioritization of Bug Reports",
            "url": "https://www.semanticscholar.org/paper/8e756b009a9a5feb3896d267909cebd2386deeea",
            "venue": "IEEE Transactions on Reliability",
            "year": 2020
        },
        {
            "arxivId": null,
            "authors": [
                {
                    "authorId": "1409143772",
                    "name": "W. Al-Zubaidi"
                },
                {
                    "authorId": "2352093",
                    "name": "Patanamon Thongtanunam"
                },
                {
                    "authorId": "2199994",
                    "name": "K. Dam"
                },
                {
                    "authorId": "1957122",
                    "name": "C. Tantithamthavorn"
                },
                {
                    "authorId": "1695281",
                    "name": "A. Ghose"
                }
            ],
            "doi": "10.1145/3416508.3417115",
            "intent": [
                "background"
            ],
            "isInfluential": false,
            "paperId": "bc686e570b661a969b217c20a154c3414de2448b",
            "title": "Workload-aware reviewer recommendation using a multi-objective search-based approach",
            "url": "https://www.semanticscholar.org/paper/bc686e570b661a969b217c20a154c3414de2448b",
            "venue": "PROMISE",
            "year": 2020
        },
        {
            "arxivId": null,
            "authors": [
                {
                    "authorId": "2048023865",
                    "name": "Andric Valdez"
                },
                {
                    "authorId": "1682027",
                    "name": "H. Oktaba"
                },
                {
                    "authorId": "2054367757",
                    "name": "Helena G\u00f3mez"
                },
                {
                    "authorId": "144540280",
                    "name": "Aurora Vizca\u00edno"
                }
            ],
            "doi": "10.1109/CONISOFT50191.2020.00043",
            "intent": [
                "methodology"
            ],
            "isInfluential": false,
            "paperId": "f5b7de923c36eec48fbeec001688db59b2638049",
            "title": "Sentiment Analysis in Jira Software Repositories",
            "url": "https://www.semanticscholar.org/paper/f5b7de923c36eec48fbeec001688db59b2638049",
            "venue": "2020 8th International Conference in Software Engineering Research and Innovation (CONISOFT)",
            "year": 2020
        },
        {
            "arxivId": null,
            "authors": [
                {
                    "authorId": "2146322053",
                    "name": "Ting Zhang"
                },
                {
                    "authorId": "2203459",
                    "name": "Bowen Xu"
                },
                {
                    "authorId": "2121315",
                    "name": "Ferdian Thung"
                },
                {
                    "authorId": "1626111855",
                    "name": "S. A. Haryono"
                },
                {
                    "authorId": "143960553",
                    "name": "D. Lo"
                },
                {
                    "authorId": "1680504",
                    "name": "Lingxiao Jiang"
                }
            ],
            "doi": "10.1109/ICSME46990.2020.00017",
            "intent": [
                "methodology"
            ],
            "isInfluential": false,
            "paperId": "b252328704c5a7d9cebd8e29b0210f3bc2f214a2",
            "title": "Sentiment Analysis for Software Engineering: How Far Can Pre-trained Transformer Models Go?",
            "url": "https://www.semanticscholar.org/paper/b252328704c5a7d9cebd8e29b0210f3bc2f214a2",
            "venue": "2020 IEEE International Conference on Software Maintenance and Evolution (ICSME)",
            "year": 2020
        },
        {
            "arxivId": null,
            "authors": [
                {
                    "authorId": "3481843",
                    "name": "R. Sepahvand"
                },
                {
                    "authorId": "2720429",
                    "name": "R. Akbari"
                },
                {
                    "authorId": "143957007",
                    "name": "S. Hashemi"
                }
            ],
            "doi": "10.1049/iet-sen.2019.0260",
            "intent": [
                "background"
            ],
            "isInfluential": false,
            "paperId": "ad8b75953a8d024798310d7399ba5562a5057725",
            "title": "Predicting the bug fixing time using word embedding and deep long short term memories",
            "url": "https://www.semanticscholar.org/paper/ad8b75953a8d024798310d7399ba5562a5057725",
            "venue": "IET Softw.",
            "year": 2020
        },
        {
            "arxivId": null,
            "authors": [
                {
                    "authorId": "50777874",
                    "name": "A. A. Bangash"
                },
                {
                    "authorId": "28096370",
                    "name": "Hareem Sahar"
                },
                {
                    "authorId": "145369636",
                    "name": "Abram Hindle"
                },
                {
                    "authorId": "49975642",
                    "name": "Karim Ali"
                }
            ],
            "doi": "10.1007/s10664-020-09878-9",
            "intent": [
                "methodology"
            ],
            "isInfluential": false,
            "paperId": "78211a8c6dc3b69fbabf0cf1ba545abe9c9debf1",
            "title": "On the time-based conclusion stability of cross-project defect prediction models",
            "url": "https://www.semanticscholar.org/paper/78211a8c6dc3b69fbabf0cf1ba545abe9c9debf1",
            "venue": "Empirical Software Engineering",
            "year": 2019
        },
        {
            "arxivId": null,
            "authors": [
                {
                    "authorId": "19370897",
                    "name": "Matthieu Jimenez"
                },
                {
                    "authorId": "81525994",
                    "name": "Renaud Rwemalika"
                },
                {
                    "authorId": "37766916",
                    "name": "Mike Papadakis"
                },
                {
                    "authorId": "2103653",
                    "name": "Federica Sarro"
                },
                {
                    "authorId": "47681863",
                    "name": "Y. L. Traon"
                },
                {
                    "authorId": "145836176",
                    "name": "M. Harman"
                }
            ],
            "doi": "10.1145/3338906.3338941",
            "intent": [
                "methodology"
            ],
            "isInfluential": false,
            "paperId": "c636beee1a8b551d86bfb7e6b8d21c0229606d95",
            "title": "The importance of accounting for real-world labelling when predicting software vulnerabilities",
            "url": "https://www.semanticscholar.org/paper/c636beee1a8b551d86bfb7e6b8d21c0229606d95",
            "venue": "ESEC/SIGSOFT FSE",
            "year": 2019
        },
        {
            "arxivId": null,
            "authors": [
                {
                    "authorId": "3132647",
                    "name": "Morakot Choetkiertikul"
                },
                {
                    "authorId": "113510289",
                    "name": "H. Dam"
                },
                {
                    "authorId": "6254479",
                    "name": "T. Tran"
                },
                {
                    "authorId": "1695281",
                    "name": "A. Ghose"
                },
                {
                    "authorId": "1687239",
                    "name": "J. Grundy"
                }
            ],
            "doi": "10.1109/TSE.2017.2693989",
            "intent": [
                "methodology"
            ],
            "isInfluential": false,
            "paperId": "c2bca940efa0f4f40bfab8609fd3bf99e9dcbc59",
            "title": "Predicting Delivery Capability in Iterative Software Development",
            "url": "https://www.semanticscholar.org/paper/c2bca940efa0f4f40bfab8609fd3bf99e9dcbc59",
            "venue": "IEEE Transactions on Software Engineering",
            "year": 2018
        },
        {
            "arxivId": null,
            "authors": [
                {
                    "authorId": "2279881",
                    "name": "Mayy Habayeb"
                },
                {
                    "authorId": "2307843",
                    "name": "Syed Shariyar Murtaza"
                },
                {
                    "authorId": "3314051",
                    "name": "A. Miranskyy"
                },
                {
                    "authorId": "1730000",
                    "name": "A. Bener"
                }
            ],
            "doi": "10.1145/3180155.3182522",
            "intent": [
                "background"
            ],
            "isInfluential": false,
            "paperId": "3ae24613974622f4fc362e89131b390404a2f27e",
            "title": "On the Use of Hidden Markov Model to Predict the Time to Fix Bugs",
            "url": "https://www.semanticscholar.org/paper/3ae24613974622f4fc362e89131b390404a2f27e",
            "venue": "IEEE Transactions on Software Engineering",
            "year": 2018
        },
        {
            "arxivId": null,
            "authors": [
                {
                    "authorId": "28991303",
                    "name": "Ezequiel Scott"
                },
                {
                    "authorId": "1681323",
                    "name": "Dietmar Pfahl"
                }
            ],
            "doi": "10.1145/3202710.3203160",
            "intent": [
                "background"
            ],
            "isInfluential": false,
            "paperId": "6a5f1f2fe2f3a4db7f8d2af995d5971d68077d7c",
            "title": "Using developers' features to estimate story points",
            "url": "https://www.semanticscholar.org/paper/6a5f1f2fe2f3a4db7f8d2af995d5971d68077d7c",
            "venue": "ICSSP",
            "year": 2018
        },
        {
            "arxivId": "1801.01275",
            "authors": [
                {
                    "authorId": "40147882",
                    "name": "Senthil Mani"
                },
                {
                    "authorId": "2473935",
                    "name": "A. Sankaran"
                },
                {
                    "authorId": "19509693",
                    "name": "Rahul Aralikatte"
                }
            ],
            "doi": "10.1145/3297001.3297023",
            "intent": [],
            "isInfluential": false,
            "paperId": "3d12c15fc48c9c887a8898f1976bfe1d922a7a99",
            "title": "DeepTriage: Exploring the Effectiveness of Deep Learning for Bug Triaging",
            "url": "https://www.semanticscholar.org/paper/3d12c15fc48c9c887a8898f1976bfe1d922a7a99",
            "venue": "COMAD/CODS",
            "year": 2018
        },
        {
            "arxivId": null,
            "authors": [
                {
                    "authorId": "145471996",
                    "name": "Oscar Chaparro"
                },
                {
                    "authorId": "2115404151",
                    "name": "Jing Lu"
                },
                {
                    "authorId": "8701060",
                    "name": "Fiorella Zampetti"
                },
                {
                    "authorId": "144968299",
                    "name": "Laura Moreno"
                },
                {
                    "authorId": "1719962",
                    "name": "M. D. Penta"
                },
                {
                    "authorId": "40473936",
                    "name": "Andrian Marcus"
                },
                {
                    "authorId": "1801330",
                    "name": "G. Bavota"
                },
                {
                    "authorId": "145106110",
                    "name": "Vincent Ng"
                }
            ],
            "doi": "10.1145/3106237.3106285",
            "intent": [
                "methodology"
            ],
            "isInfluential": false,
            "paperId": "e38e4cde8a32df4047174054157b43d9023e44b8",
            "title": "Detecting missing information in bug descriptions",
            "url": "https://www.semanticscholar.org/paper/e38e4cde8a32df4047174054157b43d9023e44b8",
            "venue": "ESEC/SIGSOFT FSE",
            "year": 2017
        },
        {
            "arxivId": null,
            "authors": [
                {
                    "authorId": "1410415261",
                    "name": "R. H. Al-Ta\u2019ani"
                },
                {
                    "authorId": "34689457",
                    "name": "R. Razali"
                }
            ],
            "doi": "10.18517/IJASEIT.6.6.1375",
            "intent": [
                "background"
            ],
            "isInfluential": false,
            "paperId": "f2f819175bfe0c4090134f31239e2f83e553b404",
            "title": "A Framework for Requirements Prioritisation Process in an Agile Software Development Environment: Empirical Study",
            "url": "https://www.semanticscholar.org/paper/f2f819175bfe0c4090134f31239e2f83e553b404",
            "venue": "",
            "year": 2016
        },
        {
            "arxivId": null,
            "authors": [
                {
                    "authorId": "2750007",
                    "name": "S. Porru"
                },
                {
                    "authorId": "39381939",
                    "name": "Alessandro Murgia"
                },
                {
                    "authorId": "1688862",
                    "name": "S. Demeyer"
                },
                {
                    "authorId": "144083401",
                    "name": "M. Marchesi"
                },
                {
                    "authorId": "2192634",
                    "name": "R. Tonelli"
                }
            ],
            "doi": "10.1145/2972958.2972959",
            "intent": [
                "background"
            ],
            "isInfluential": true,
            "paperId": "4181c4b18ca5c8e8dbefb0dd553269096a9813ae",
            "title": "Estimating Story Points from Issue Reports",
            "url": "https://www.semanticscholar.org/paper/4181c4b18ca5c8e8dbefb0dd553269096a9813ae",
            "venue": "PROMISE",
            "year": 2016
        },
        {
            "arxivId": "1609.00489",
            "authors": [
                {
                    "authorId": "3132647",
                    "name": "Morakot Choetkiertikul"
                },
                {
                    "authorId": "113510289",
                    "name": "H. Dam"
                },
                {
                    "authorId": "6254479",
                    "name": "T. Tran"
                },
                {
                    "authorId": "145227897",
                    "name": "Trang Pham"
                },
                {
                    "authorId": "1695281",
                    "name": "A. Ghose"
                },
                {
                    "authorId": "1703872",
                    "name": "T. Menzies"
                }
            ],
            "doi": "10.1109/TSE.2018.2792473",
            "intent": [
                "methodology",
                "background"
            ],
            "isInfluential": true,
            "paperId": "59772804b59747aff4e79f75d706378c4271cdc6",
            "title": "A Deep Learning Model for Estimating Story Points",
            "url": "https://www.semanticscholar.org/paper/59772804b59747aff4e79f75d706378c4271cdc6",
            "venue": "IEEE Transactions on Software Engineering",
            "year": 2016
        },
        {
            "arxivId": null,
            "authors": [
                {
                    "authorId": "3348154",
                    "name": "Marco Ortu"
                },
                {
                    "authorId": "39381939",
                    "name": "Alessandro Murgia"
                },
                {
                    "authorId": "2048851",
                    "name": "Giuseppe Destefanis"
                },
                {
                    "authorId": "2762093",
                    "name": "Parastou Tourani"
                },
                {
                    "authorId": "2192634",
                    "name": "R. Tonelli"
                },
                {
                    "authorId": "144083401",
                    "name": "M. Marchesi"
                },
                {
                    "authorId": "143612725",
                    "name": "Bram Adams"
                }
            ],
            "doi": "10.1145/2901739.2903505",
            "intent": [
                "methodology"
            ],
            "isInfluential": false,
            "paperId": "dedc7d776d94da0270b38732f3da579fdb938ee3",
            "title": "The Emotional Side of Software Developers in JIRA",
            "url": "https://www.semanticscholar.org/paper/dedc7d776d94da0270b38732f3da579fdb938ee3",
            "venue": "2016 IEEE/ACM 13th Working Conference on Mining Software Repositories (MSR)",
            "year": 2016
        },
        {
            "arxivId": null,
            "authors": [
                {
                    "authorId": "3348154",
                    "name": "Marco Ortu"
                },
                {
                    "authorId": "2048851",
                    "name": "Giuseppe Destefanis"
                },
                {
                    "authorId": "143612725",
                    "name": "Bram Adams"
                },
                {
                    "authorId": "39381939",
                    "name": "Alessandro Murgia"
                },
                {
                    "authorId": "144083401",
                    "name": "M. Marchesi"
                },
                {
                    "authorId": "2192634",
                    "name": "R. Tonelli"
                }
            ],
            "doi": "10.1145/2810146.2810147",
            "intent": [
                "methodology"
            ],
            "isInfluential": false,
            "paperId": "8bb5fb97a6998d40b227dc6941466ee4b7a8294c",
            "title": "The JIRA Repository Dataset: Understanding Social Aspects of Software Development",
            "url": "https://www.semanticscholar.org/paper/8bb5fb97a6998d40b227dc6941466ee4b7a8294c",
            "venue": "PROMISE",
            "year": 2015
        },
        {
            "arxivId": null,
            "authors": [
                {
                    "authorId": "1965963923",
                    "name": "Lingbo Li"
                },
                {
                    "authorId": "145836176",
                    "name": "M. Harman"
                },
                {
                    "authorId": "1710503",
                    "name": "Emmanuel Letier"
                },
                {
                    "authorId": "2145793494",
                    "name": "Yuanyuan Zhang"
                }
            ],
            "doi": "10.1145/2576768.2598334",
            "intent": [],
            "isInfluential": false,
            "paperId": "e20f5714274dde1657b6646969ffa282a0bafd3b",
            "title": "Robust next release problem: handling uncertainty during optimization",
            "url": "https://www.semanticscholar.org/paper/e20f5714274dde1657b6646969ffa282a0bafd3b",
            "venue": "GECCO",
            "year": 2014
        },
        {
            "arxivId": null,
            "authors": [
                {
                    "authorId": "1724774",
                    "name": "T. Dyb\u00e5"
                },
                {
                    "authorId": "1398385064",
                    "name": "Torgeir Dings\u00f8yr"
                }
            ],
            "doi": "10.1016/S0140-6736(02)08776-7",
            "intent": [
                "background"
            ],
            "isInfluential": false,
            "paperId": "4455e1aea3d4583917f4af3e0deaf76d58134690",
            "title": "Empirical",
            "url": "https://www.semanticscholar.org/paper/4455e1aea3d4583917f4af3e0deaf76d58134690",
            "venue": "The Lancet",
            "year": 2002
        },
        {
            "arxivId": null,
            "authors": [
                {
                    "authorId": "1912306",
                    "name": "Vali Tawosi"
                },
                {
                    "authorId": "23105293",
                    "name": "Rebecca Moussa"
                },
                {
                    "authorId": "2103653",
                    "name": "Federica Sarro"
                }
            ],
            "doi": null,
            "intent": [
                "background"
            ],
            "isInfluential": false,
            "paperId": "df1045adf39e9ceb52c105c279386d9a082b5970",
            "title": "Deep Learning for Agile Effort Estimation Have We Solved the Problem Yet?",
            "url": "https://www.semanticscholar.org/paper/df1045adf39e9ceb52c105c279386d9a082b5970",
            "venue": "ArXiv",
            "year": 2022
        },
        {
            "arxivId": null,
            "authors": [
                {
                    "authorId": "145774460",
                    "name": "M. Izadi"
                },
                {
                    "authorId": "2039954926",
                    "name": "Kiana Akbari"
                },
                {
                    "authorId": "1798455",
                    "name": "A. Heydarnoori"
                }
            ],
            "doi": null,
            "intent": [
                "background"
            ],
            "isInfluential": false,
            "paperId": "5fd4f2a3cb2cfe7712ee186d5bacfadbd7d9f353",
            "title": "Predicting the Objective and Priority of Issue Reports in a Cross project Context",
            "url": "https://www.semanticscholar.org/paper/5fd4f2a3cb2cfe7712ee186d5bacfadbd7d9f353",
            "venue": "ArXiv",
            "year": 2020
        },
        {
            "arxivId": null,
            "authors": [
                {
                    "authorId": "2110154007",
                    "name": "Youngseok Lee"
                },
                {
                    "authorId": "2108049349",
                    "name": "Suin Lee"
                },
                {
                    "authorId": "2143404812",
                    "name": "Chan-Gun Lee"
                },
                {
                    "authorId": "1792145",
                    "name": "I. Yeom"
                },
                {
                    "authorId": "1787686",
                    "name": "Honguk Woo"
                }
            ],
            "doi": "10.1109/ACCESS.2020.2965627",
            "intent": [],
            "isInfluential": false,
            "paperId": "741c07a47c835fa087534c785bac00f1245f500a",
            "title": "Continual Prediction of Bug-Fix Time Using Deep Learning-Based Activity Stream Embedding",
            "url": "https://www.semanticscholar.org/paper/741c07a47c835fa087534c785bac00f1245f500a",
            "venue": "IEEE Access",
            "year": 2020
        },
        {
            "arxivId": null,
            "authors": [],
            "doi": null,
            "intent": [],
            "isInfluential": false,
            "paperId": "",
            "title": "Success Rates Rise -2017 9th Global Project Management Survey",
            "url": "",
            "venue": "",
            "year": 2017
        },
        {
            "arxivId": null,
            "authors": [],
            "doi": "10.1007/978-3-319-10157-6_3",
            "intent": [
                "background"
            ],
            "isInfluential": false,
            "paperId": "aecf56c380eb98c1a84a902c49779c9b2a4b73b9",
            "title": "The Agile Manifesto",
            "url": "https://www.semanticscholar.org/paper/aecf56c380eb98c1a84a902c49779c9b2a4b73b9",
            "venue": "",
            "year": 2014
        },
        {
            "arxivId": null,
            "authors": [],
            "doi": null,
            "intent": [
                "background"
            ],
            "isInfluential": false,
            "paperId": "0aeaf2550055e6b3f043df1b2b010b3cbe627bf5",
            "title": "Noname manuscript No. (will be inserted by the editor) A Study of the Bi-Objective Next Release Problem",
            "url": "https://www.semanticscholar.org/paper/0aeaf2550055e6b3f043df1b2b010b3cbe627bf5",
            "venue": "",
            "year": null
        },
        {
            "arxivId": null,
            "authors": [],
            "doi": null,
            "intent": [
                "methodology"
            ],
            "isInfluential": false,
            "paperId": "",
            "title": "Issue & Project Tracking Software |",
            "url": "",
            "venue": "Jira",
            "year": null
        },
        {
            "arxivId": null,
            "authors": [],
            "doi": null,
            "intent": [],
            "isInfluential": false,
            "paperId": "",
            "title": "The Jira REST Java Client",
            "url": "",
            "venue": "",
            "year": null
        }
    ],
    "s2FieldsOfStudy": [
        {
            "category": "Computer Science",
            "source": "external"
        },
        {
            "category": "Computer Science",
            "source": "s2-fos-model"
        }
    ],
    "title": "A Versatile Dataset of Agile Open Source Software Projects",
    "topics": [],
    "url": "https://www.semanticscholar.org/paper/729421d88f261f57f44bbfa0bcd0a90c04d14fa4",
    "venue": "IEEE Working Conference on Mining Software Repositories",
    "year": 2022
}