{
    "abstract": "The documented Unix facilities data set provides the details regarding the evolution of 15596 unique facilities through 93 versions of Unix over a period of 48 years. It is based on the manual transcription of early scanned documents, on the curation of text obtained through optical character recognition, and on the automatic extraction of data from code available on the Unix History Repository. The data are categorized into user commands, system calls, C library functions, devices and special files, file formats and conventions, games et. al., miscellanea, system maintenance procedures and commands, and system kernel interfaces. A timeline view allows the visualization of the evolution across releases. The data can be used for empirical research regarding API evolution, system design, as well as technology adoption and trends.",
    "arxivId": null,
    "authors": [
        {
            "authorId": "1740799",
            "name": "D. Spinellis",
            "url": "https://www.semanticscholar.org/author/1740799"
        }
    ],
    "citationVelocity": 0,
    "citations": [
        {
            "arxivId": "2209.04511",
            "authors": [
                {
                    "authorId": "2056767397",
                    "name": "Samuel W. Flint"
                },
                {
                    "authorId": "2056766928",
                    "name": "Jigyasa Chauhan"
                },
                {
                    "authorId": "2256709693",
                    "name": "Robert Dyer"
                }
            ],
            "doi": "10.1007/s10664-022-10200-y",
            "intent": [],
            "isInfluential": false,
            "paperId": "d1988265d634962b4682dc2b1ff8200cbf0eb9eb",
            "title": "Pitfalls and guidelines for using time-based Git data",
            "url": "https://www.semanticscholar.org/paper/d1988265d634962b4682dc2b1ff8200cbf0eb9eb",
            "venue": "Empirical Software Engineering",
            "year": 2022
        },
        {
            "arxivId": "2111.14583",
            "authors": [
                {
                    "authorId": "148430293",
                    "name": "Zoe Kotti"
                },
                {
                    "authorId": "2937511",
                    "name": "Konstantinos Kravvaritis"
                },
                {
                    "authorId": "41095366",
                    "name": "Konstantina Dritsa"
                },
                {
                    "authorId": "1740799",
                    "name": "D. Spinellis"
                }
            ],
            "doi": "10.1007/s10664-020-09834-7",
            "intent": [
                "background"
            ],
            "isInfluential": false,
            "paperId": "7889d09a8d6c1fc0089ad645b5fda0dae57a6314",
            "title": "Standing on shoulders or feet? An extended study on the usage of the MSR data papers",
            "url": "https://www.semanticscholar.org/paper/7889d09a8d6c1fc0089ad645b5fda0dae57a6314",
            "venue": "Empirical Software Engineering",
            "year": 2020
        },
        {
            "arxivId": null,
            "authors": [
                {
                    "authorId": "1740799",
                    "name": "D. Spinellis"
                },
                {
                    "authorId": "1727328",
                    "name": "P. Avgeriou"
                }
            ],
            "doi": "10.1109/TSE.2019.2892149",
            "intent": [
                "methodology",
                "background"
            ],
            "isInfluential": true,
            "paperId": "651c38d551fe774ebcd742eeee27e8199a3ed4c3",
            "title": "Evolution of the Unix System Architecture: An Exploratory Case Study",
            "url": "https://www.semanticscholar.org/paper/651c38d551fe774ebcd742eeee27e8199a3ed4c3",
            "venue": "IEEE Transactions on Software Engineering",
            "year": 2019
        },
        {
            "arxivId": null,
            "authors": [
                {
                    "authorId": "148430293",
                    "name": "Zoe Kotti"
                },
                {
                    "authorId": "1740799",
                    "name": "D. Spinellis"
                }
            ],
            "doi": "10.1109/MSR.2019.00085",
            "intent": [
                "background"
            ],
            "isInfluential": false,
            "paperId": "43148fabe2636026e07ca04974aff40d204bfb6b",
            "title": "Standing on Shoulders or Feet? The Usage of the MSR Data Papers",
            "url": "https://www.semanticscholar.org/paper/43148fabe2636026e07ca04974aff40d204bfb6b",
            "venue": "2019 IEEE/ACM 16th International Conference on Mining Software Repositories (MSR)",
            "year": 2019
        }
    ],
    "corpusId": 50767745,
    "doi": "10.1145/3196398.3196476",
    "fieldsOfStudy": [
        "Computer Science"
    ],
    "influentialCitationCount": 0,
    "isOpenAccess": false,
    "isPublisherLicensed": true,
    "is_open_access": false,
    "is_publisher_licensed": true,
    "numCitedBy": 4,
    "numCiting": 15,
    "paperId": "a009c00fb2ecef5d29f41e113f68101d20b00afb",
    "references": [
        {
            "arxivId": null,
            "authors": [
                {
                    "authorId": "1740799",
                    "name": "D. Spinellis"
                }
            ],
            "doi": "10.1007/s10664-016-9445-5",
            "intent": [
                "methodology",
                "background"
            ],
            "isInfluential": false,
            "paperId": "8d37c5349b8f38caf75dbac23b797a8bb8a9e8ae",
            "title": "A repository of Unix history and evolution",
            "url": "https://www.semanticscholar.org/paper/8d37c5349b8f38caf75dbac23b797a8bb8a9e8ae",
            "venue": "Empirical Software Engineering",
            "year": 2016
        },
        {
            "arxivId": null,
            "authors": [
                {
                    "authorId": "1740799",
                    "name": "D. Spinellis"
                },
                {
                    "authorId": "6932577",
                    "name": "P. Louridas"
                },
                {
                    "authorId": "3126897",
                    "name": "M. Kechagia"
                }
            ],
            "doi": "10.1145/2884781.2884799",
            "intent": [
                "background"
            ],
            "isInfluential": false,
            "paperId": "5c2d48b9ce94b4363e6d22e577567ab7b461adfb",
            "title": "The Evolution of C Programming Practices: A Study of the Unix Operating System 1973-2015",
            "url": "https://www.semanticscholar.org/paper/5c2d48b9ce94b4363e6d22e577567ab7b461adfb",
            "venue": "2016 IEEE/ACM 38th International Conference on Software Engineering (ICSE)",
            "year": 2016
        },
        {
            "arxivId": null,
            "authors": [
                {
                    "authorId": "2501382",
                    "name": "Vaggelis Atlidakis"
                },
                {
                    "authorId": "145457444",
                    "name": "Jeremy Andrus"
                },
                {
                    "authorId": "1972091",
                    "name": "Roxana Geambasu"
                },
                {
                    "authorId": "7498035",
                    "name": "Dimitris Mitropoulos"
                },
                {
                    "authorId": "1700208",
                    "name": "Jason Nieh"
                }
            ],
            "doi": "10.1145/2901318.2901350",
            "intent": [
                "background"
            ],
            "isInfluential": false,
            "paperId": "33f757edceab3d51979d145b56349f39e99fc2dc",
            "title": "POSIX abstractions in modern operating systems: the old, the new, and the missing",
            "url": "https://www.semanticscholar.org/paper/33f757edceab3d51979d145b56349f39e99fc2dc",
            "venue": "EuroSys",
            "year": 2016
        },
        {
            "arxivId": null,
            "authors": [
                {
                    "authorId": "40623583",
                    "name": "Tyler McDonnell"
                },
                {
                    "authorId": "31631000",
                    "name": "Baishakhi Ray"
                },
                {
                    "authorId": "35710133",
                    "name": "Miryung Kim"
                }
            ],
            "doi": "10.1109/ICSM.2013.18",
            "intent": [
                "background"
            ],
            "isInfluential": false,
            "paperId": "56a61eec079806d3eb32bb7d5c957aee3578083e",
            "title": "An Empirical Study of API Stability and Adoption in the Android Ecosystem",
            "url": "https://www.semanticscholar.org/paper/56a61eec079806d3eb32bb7d5c957aee3578083e",
            "venue": "2013 IEEE International Conference on Software Maintenance",
            "year": 2013
        },
        {
            "arxivId": null,
            "authors": [
                {
                    "authorId": "144927047",
                    "name": "W. Toomey"
                }
            ],
            "doi": "10.1109/MAHC.2009.55",
            "intent": [
                "methodology"
            ],
            "isInfluential": false,
            "paperId": "413dfbc18e19ccb13fa53f6a73f9bc2952ab1cd8",
            "title": "First Edition Unix: Its Creation and Restoration",
            "url": "https://www.semanticscholar.org/paper/413dfbc18e19ccb13fa53f6a73f9bc2952ab1cd8",
            "venue": "IEEE Annals of the History of Computing",
            "year": 2010
        },
        {
            "arxivId": null,
            "authors": [
                {
                    "authorId": "144927047",
                    "name": "W. Toomey"
                }
            ],
            "doi": null,
            "intent": [
                "methodology"
            ],
            "isInfluential": false,
            "paperId": "6d9fd28566e71d40cea5e029585d74251b5adc5a",
            "title": "The Restoration of Early UNIX Artifacts",
            "url": "https://www.semanticscholar.org/paper/6d9fd28566e71d40cea5e029585d74251b5adc5a",
            "venue": "USENIX ATC",
            "year": 2009
        },
        {
            "arxivId": null,
            "authors": [
                {
                    "authorId": "8670816",
                    "name": "Robert M. Siegmann"
                }
            ],
            "doi": "10.1145/764014.764016",
            "intent": [],
            "isInfluential": false,
            "paperId": "49c898f97529682af045e52b15a19c8b2f99d4b4",
            "title": "Review of \"Bell labs: Life in the Crown Jewel\" by Narain Gehani, Silicon Press",
            "url": "https://www.semanticscholar.org/paper/49c898f97529682af045e52b15a19c8b2f99d4b4",
            "venue": "UBIQ",
            "year": 2003
        },
        {
            "arxivId": null,
            "authors": [
                {
                    "authorId": "145422042",
                    "name": "R. Pike"
                },
                {
                    "authorId": "1847322",
                    "name": "B. Kernighan"
                }
            ],
            "doi": "10.1002/J.1538-7305.1984.TB00055.X",
            "intent": [],
            "isInfluential": false,
            "paperId": "282d78bfb8cbfcfe0c2456111b2ede788ba7a588",
            "title": "The UNIX system: Program design in the UNIX environment",
            "url": "https://www.semanticscholar.org/paper/282d78bfb8cbfcfe0c2456111b2ede788ba7a588",
            "venue": "AT&T Bell Laboratories Technical Journal",
            "year": 1984
        },
        {
            "arxivId": null,
            "authors": [
                {
                    "authorId": "1847322",
                    "name": "B. Kernighan"
                },
                {
                    "authorId": "3136323",
                    "name": "J. Mashey"
                }
            ],
            "doi": "10.1002/spe.4380090102",
            "intent": [
                "background"
            ],
            "isInfluential": false,
            "paperId": "88013a4075bf4ba70bdc13e95765fd9dab233b87",
            "title": "The UNIX\u2122 programming environment",
            "url": "https://www.semanticscholar.org/paper/88013a4075bf4ba70bdc13e95765fd9dab233b87",
            "venue": "Softw. Pract. Exp.",
            "year": 1979
        },
        {
            "arxivId": null,
            "authors": [
                {
                    "authorId": "145380801",
                    "name": "M. McIlroy"
                },
                {
                    "authorId": "48564614",
                    "name": "E. N. Pinson"
                },
                {
                    "authorId": "102320926",
                    "name": "B. A. Tague"
                }
            ],
            "doi": "10.1002/J.1538-7305.1978.TB02135.X",
            "intent": [
                "background"
            ],
            "isInfluential": false,
            "paperId": "b7b9c96d4c2572378858f5bc12db65d8adac7dca",
            "title": "UNIX time-sharing system: Foreword",
            "url": "https://www.semanticscholar.org/paper/b7b9c96d4c2572378858f5bc12db65d8adac7dca",
            "venue": "The Bell System Technical Journal",
            "year": 1978
        },
        {
            "arxivId": null,
            "authors": [
                {
                    "authorId": "49904351",
                    "name": "D. Ritchie"
                },
                {
                    "authorId": "145959194",
                    "name": "K. Thompson"
                }
            ],
            "doi": "10.1145/361011.361061",
            "intent": [],
            "isInfluential": false,
            "paperId": "00335567e8a7c292f7b9e1a36b1a4f91fa62dceb",
            "title": "The UNIX time-sharing system",
            "url": "https://www.semanticscholar.org/paper/00335567e8a7c292f7b9e1a36b1a4f91fa62dceb",
            "venue": "The Bell System Technical Journal",
            "year": 1974
        },
        {
            "arxivId": null,
            "authors": [
                {
                    "authorId": "16584781",
                    "name": "J. F. Ossanna"
                }
            ],
            "doi": null,
            "intent": [
                "methodology"
            ],
            "isInfluential": false,
            "paperId": "494547c1aef69cd3d015db49f586e4fb650c1034",
            "title": "NROFF\u2044TROFF User\u2019s Manual",
            "url": "https://www.semanticscholar.org/paper/494547c1aef69cd3d015db49f586e4fb650c1034",
            "venue": "",
            "year": 2008
        },
        {
            "arxivId": null,
            "authors": [
                {
                    "authorId": "9315191",
                    "name": "K. Lipartito"
                }
            ],
            "doi": "10.1109/MAHC.2004.1268416",
            "intent": [
                "background"
            ],
            "isInfluential": false,
            "paperId": "802c5ce180c0a08d965d9dd601fda9ffcdbc61ac",
            "title": "Bell Labs: Life in the crown jewel",
            "url": "https://www.semanticscholar.org/paper/802c5ce180c0a08d965d9dd601fda9ffcdbc61ac",
            "venue": "",
            "year": 2004
        },
        {
            "arxivId": null,
            "authors": [
                {
                    "authorId": "1766918",
                    "name": "N. Gehani"
                }
            ],
            "doi": null,
            "intent": [],
            "isInfluential": false,
            "paperId": "ed709f1d8fa9048e72568b1f2252d0ef86c971e6",
            "title": "Bell Labs: Life in the Crown Jewel",
            "url": "https://www.semanticscholar.org/paper/ed709f1d8fa9048e72568b1f2252d0ef86c971e6",
            "venue": "",
            "year": 2003
        },
        {
            "arxivId": null,
            "authors": [
                {
                    "authorId": "145422042",
                    "name": "R. Pike"
                },
                {
                    "authorId": "2188470",
                    "name": "D. Presotto"
                },
                {
                    "authorId": "2807342",
                    "name": "S. Dorward"
                },
                {
                    "authorId": "69055977",
                    "name": "Bob Flandrena"
                },
                {
                    "authorId": "145959194",
                    "name": "K. Thompson"
                },
                {
                    "authorId": "2679340",
                    "name": "H. Trickey"
                },
                {
                    "authorId": "2534811",
                    "name": "P. Winterbottom"
                }
            ],
            "doi": null,
            "intent": [],
            "isInfluential": false,
            "paperId": "d84747ac8b31be455670c20fe975a2f4dcaf7f7e",
            "title": "Plan 9 from Bell Labs",
            "url": "https://www.semanticscholar.org/paper/d84747ac8b31be455670c20fe975a2f4dcaf7f7e",
            "venue": "",
            "year": 1995
        }
    ],
    "s2FieldsOfStudy": [
        {
            "category": "Computer Science",
            "source": "external"
        },
        {
            "category": "Computer Science",
            "source": "s2-fos-model"
        }
    ],
    "title": "Documented Unix Facilities over 48 Years",
    "topics": [
        {
            "topic": "Unix",
            "topicId": "1908",
            "url": "https://www.semanticscholar.org/topic/1908"
        },
        {
            "topic": "Optical character recognition",
            "topicId": "16334",
            "url": "https://www.semanticscholar.org/topic/16334"
        },
        {
            "topic": "System call",
            "topicId": "15078",
            "url": "https://www.semanticscholar.org/topic/15078"
        },
        {
            "topic": "Systems design",
            "topicId": "50922",
            "url": "https://www.semanticscholar.org/topic/50922"
        },
        {
            "topic": "Categorization",
            "topicId": "8505",
            "url": "https://www.semanticscholar.org/topic/8505"
        },
        {
            "topic": "GNU C Library",
            "topicId": "990936",
            "url": "https://www.semanticscholar.org/topic/990936"
        },
        {
            "topic": "Timeline",
            "topicId": "112243",
            "url": "https://www.semanticscholar.org/topic/112243"
        },
        {
            "topic": "Application programming interface",
            "topicId": "8555",
            "url": "https://www.semanticscholar.org/topic/8555"
        },
        {
            "topic": "Transcription (software)",
            "topicId": "18368",
            "url": "https://www.semanticscholar.org/topic/18368"
        },
        {
            "topic": "Digital curation",
            "topicId": "713945",
            "url": "https://www.semanticscholar.org/topic/713945"
        }
    ],
    "url": "https://www.semanticscholar.org/paper/a009c00fb2ecef5d29f41e113f68101d20b00afb",
    "venue": "IEEE Working Conference on Mining Software Repositories",
    "year": 2018
}