{
    "abstract": "The Unified Modeling Language (UML) is widely taught in academia and has good acceptance in industry. However, there is not an ample dataset of UML diagrams publicly available. Our aim is to offer a dataset of UML files, together with meta-data of the software projects where the UML files belong to. Therefore, we have systematically mined over 12 million GitHub projects to find UML files in them. We present a semi-automated approach to collect UML stored in images, .xmi, and .uml files. We offer a dataset with over 93,000 UML diagrams from over 24,000 projects in GitHub.",
    "arxivId": null,
    "authors": [
        {
            "authorId": "143684601",
            "name": "G. Robles",
            "url": "https://www.semanticscholar.org/author/143684601"
        },
        {
            "authorId": "1405330418",
            "name": "Truong Ho-Quang",
            "url": "https://www.semanticscholar.org/author/1405330418"
        },
        {
            "authorId": "3072628",
            "name": "R. Hebig",
            "url": "https://www.semanticscholar.org/author/3072628"
        },
        {
            "authorId": "144836037",
            "name": "M. Chaudron",
            "url": "https://www.semanticscholar.org/author/144836037"
        },
        {
            "authorId": "123122439",
            "name": "M. A. Fern\u00e1ndez",
            "url": "https://www.semanticscholar.org/author/123122439"
        }
    ],
    "citationVelocity": 0,
    "citations": [
        {
            "arxivId": null,
            "authors": [
                {
                    "authorId": "10998745",
                    "name": "Djordje Djurica"
                },
                {
                    "authorId": "2320917623",
                    "name": "Araz Jabari"
                },
                {
                    "authorId": "2240686857",
                    "name": "Jan Mendling"
                },
                {
                    "authorId": "2248005804",
                    "name": "Jan Recker"
                }
            ],
            "doi": "10.1016/j.dss.2024.114327",
            "intent": [],
            "isInfluential": false,
            "paperId": "0b14a32087b9f1a4164b4d85b23c58d78696d63e",
            "title": "Effective presentation of ontological overlap of multiple conceptual models",
            "url": "https://www.semanticscholar.org/paper/0b14a32087b9f1a4164b4d85b23c58d78696d63e",
            "venue": "Decision Support Systems",
            "year": 2024
        },
        {
            "arxivId": null,
            "authors": [
                {
                    "authorId": "2277995183",
                    "name": "Wenli Zhang"
                },
                {
                    "authorId": "2172389969",
                    "name": "Weixing Zhang"
                },
                {
                    "authorId": "2239131696",
                    "name": "Daniel Str\u00fcber"
                },
                {
                    "authorId": "2238623922",
                    "name": "Regina Hebig"
                }
            ],
            "doi": "10.1109/MODELS58315.2023.00017",
            "intent": [],
            "isInfluential": false,
            "paperId": "f27ae2fc1c78993ee6cf2c5a13ff01419b513000",
            "title": "Manual Abstraction in the Wild: A Multiple-Case Study on OSS Systems\u2019 Class Diagrams and Implementations",
            "url": "https://www.semanticscholar.org/paper/f27ae2fc1c78993ee6cf2c5a13ff01419b513000",
            "venue": "2023 ACM/IEEE 26th International Conference on Model Driven Engineering Languages and Systems (MODELS)",
            "year": 2023
        },
        {
            "arxivId": null,
            "authors": [
                {
                    "authorId": "143684601",
                    "name": "G. Robles"
                },
                {
                    "authorId": "144836037",
                    "name": "M. Chaudron"
                },
                {
                    "authorId": "2467411",
                    "name": "Rodi Jolak"
                },
                {
                    "authorId": "3072628",
                    "name": "R. Hebig"
                }
            ],
            "doi": "10.1016/j.infsof.2023.107317",
            "intent": [],
            "isInfluential": false,
            "paperId": "ee9199a2f2e4152ba38bd2c40cccd08d7b017ef5",
            "title": "A reflection on the impact of model mining from GitHub",
            "url": "https://www.semanticscholar.org/paper/ee9199a2f2e4152ba38bd2c40cccd08d7b017ef5",
            "venue": "Inf. Softw. Technol.",
            "year": 2023
        },
        {
            "arxivId": null,
            "authors": [
                {
                    "authorId": "35435441",
                    "name": "Monika Jaskolka"
                },
                {
                    "authorId": "1800468",
                    "name": "Vera Pantelic"
                },
                {
                    "authorId": "2369906",
                    "name": "Alan Wassyng"
                },
                {
                    "authorId": "1739513",
                    "name": "R. Paige"
                },
                {
                    "authorId": "1766205",
                    "name": "M. Lawford"
                }
            ],
            "doi": "10.1007/s10270-023-01113-5",
            "intent": [
                "background"
            ],
            "isInfluential": false,
            "paperId": "c2004c78698a99b84b8c7091b2ccc6a9c081732f",
            "title": "Repository mining for changes in Simulink\u00a0and Stateflow models",
            "url": "https://www.semanticscholar.org/paper/c2004c78698a99b84b8c7091b2ccc6a9c081732f",
            "venue": "Software and Systems Modeling",
            "year": 2023
        },
        {
            "arxivId": null,
            "authors": [
                {
                    "authorId": "2150340450",
                    "name": "Jos\u00e9 Antonio Hern\u00e1ndez L\u00f3pez"
                },
                {
                    "authorId": "80788365",
                    "name": "Riccardo Rubei"
                },
                {
                    "authorId": "1742213",
                    "name": "J. Cuadrado"
                },
                {
                    "authorId": "2133181",
                    "name": "D. D. Ruscio"
                }
            ],
            "doi": "10.1145/3550355.3552461",
            "intent": [
                "background"
            ],
            "isInfluential": false,
            "paperId": "42a759faa30ff2554ae4c71dd0da254a943bc86d",
            "title": "Machine learning methods for model classification: a comparative study",
            "url": "https://www.semanticscholar.org/paper/42a759faa30ff2554ae4c71dd0da254a943bc86d",
            "venue": "MoDELS",
            "year": 2022
        },
        {
            "arxivId": null,
            "authors": [
                {
                    "authorId": "2150340450",
                    "name": "Jos\u00e9 Antonio Hern\u00e1ndez L\u00f3pez"
                },
                {
                    "authorId": "144272262",
                    "name": "Javier Luis C\u00e1novas Izquierdo"
                },
                {
                    "authorId": "1742213",
                    "name": "J. Cuadrado"
                }
            ],
            "doi": "10.1145/3550356.3559096",
            "intent": [
                "background"
            ],
            "isInfluential": false,
            "paperId": "5acbe55c7187ad4d1f5d70a52b02cc2470190990",
            "title": "Using the ModelSet dataset to support machine learning in model-driven engineering",
            "url": "https://www.semanticscholar.org/paper/5acbe55c7187ad4d1f5d70a52b02cc2470190990",
            "venue": "MoDELS",
            "year": 2022
        },
        {
            "arxivId": "2209.04511",
            "authors": [
                {
                    "authorId": "2056767397",
                    "name": "Samuel W. Flint"
                },
                {
                    "authorId": "2056766928",
                    "name": "Jigyasa Chauhan"
                },
                {
                    "authorId": "2256709693",
                    "name": "Robert Dyer"
                }
            ],
            "doi": "10.1007/s10664-022-10200-y",
            "intent": [],
            "isInfluential": false,
            "paperId": "d1988265d634962b4682dc2b1ff8200cbf0eb9eb",
            "title": "Pitfalls and guidelines for using time-based Git data",
            "url": "https://www.semanticscholar.org/paper/d1988265d634962b4682dc2b1ff8200cbf0eb9eb",
            "venue": "Empirical Software Engineering",
            "year": 2022
        },
        {
            "arxivId": "2208.04211",
            "authors": [
                {
                    "authorId": "1453590274",
                    "name": "Razan Ghzouli"
                },
                {
                    "authorId": "39565422",
                    "name": "T. Berger"
                },
                {
                    "authorId": "1752361",
                    "name": "E. Johnsen"
                },
                {
                    "authorId": "1723400",
                    "name": "A. W\u0105sowski"
                },
                {
                    "authorId": "23203814",
                    "name": "Swaib Dragule"
                }
            ],
            "doi": "10.1109/TSE.2023.3269081",
            "intent": [
                "background"
            ],
            "isInfluential": false,
            "paperId": "25c4a7660fed7f0dfada736ed0ecda24f7fee39c",
            "title": "Behavior Trees and State Machines in Robotics Applications",
            "url": "https://www.semanticscholar.org/paper/25c4a7660fed7f0dfada736ed0ecda24f7fee39c",
            "venue": "IEEE Transactions on Software Engineering",
            "year": 2022
        },
        {
            "arxivId": null,
            "authors": [
                {
                    "authorId": "2034350964",
                    "name": "Fangwei Chen"
                },
                {
                    "authorId": "2152828011",
                    "name": "Li Zhang"
                },
                {
                    "authorId": "1839458",
                    "name": "Xiaoli Lian"
                },
                {
                    "authorId": "48214383",
                    "name": "Nan Niu"
                }
            ],
            "doi": "10.1016/j.jss.2022.111431",
            "intent": [],
            "isInfluential": false,
            "paperId": "33e5840f18bf0970ff8dbff6dcf55aecf4c53cda",
            "title": "Automatically recognizing the semantic elements from UML class diagram images",
            "url": "https://www.semanticscholar.org/paper/33e5840f18bf0970ff8dbff6dcf55aecf4c53cda",
            "venue": "J. Syst. Softw.",
            "year": 2022
        },
        {
            "arxivId": null,
            "authors": [
                {
                    "authorId": "2385947",
                    "name": "Can Cheng"
                },
                {
                    "authorId": "2152690930",
                    "name": "Bing Li"
                },
                {
                    "authorId": "2045008",
                    "name": "Zengyang Li"
                },
                {
                    "authorId": "1750130",
                    "name": "Peng Liang"
                },
                {
                    "authorId": "2118234741",
                    "name": "Xiaofeng Han"
                },
                {
                    "authorId": "2159601749",
                    "name": "Jiahua Zhang"
                }
            ],
            "doi": "10.1007/s10515-022-00322-4",
            "intent": [],
            "isInfluential": false,
            "paperId": "034a0a84e4c86729ffd3531f9e7db21362b6b906",
            "title": "Improving generality and accuracy of existing public development project selection methods: a study on GitHub ecosystem",
            "url": "https://www.semanticscholar.org/paper/034a0a84e4c86729ffd3531f9e7db21362b6b906",
            "venue": "Automated Software Engineering",
            "year": 2022
        },
        {
            "arxivId": null,
            "authors": [
                {
                    "authorId": "47946217",
                    "name": "P. Di Felice"
                },
                {
                    "authorId": "1898865",
                    "name": "Gaetanino Paolone"
                },
                {
                    "authorId": "2003141230",
                    "name": "Romolo Paesani"
                },
                {
                    "authorId": "2066585342",
                    "name": "Martina Marinelli"
                }
            ],
            "doi": "10.3390/electronics11020201",
            "intent": [
                "background"
            ],
            "isInfluential": false,
            "paperId": "1aebdaeddf8c438e5b11de475606351d21282deb",
            "title": "Design and Implementation of a Metadata Repository about UML Class Diagrams. A Software Tool Supporting the Automatic Feeding of the Repository",
            "url": "https://www.semanticscholar.org/paper/1aebdaeddf8c438e5b11de475606351d21282deb",
            "venue": "Electronics",
            "year": 2022
        },
        {
            "arxivId": null,
            "authors": [
                {
                    "authorId": "34755489",
                    "name": "M. Vidoni"
                }
            ],
            "doi": "10.1016/j.infsof.2021.106791",
            "intent": [],
            "isInfluential": false,
            "paperId": "8b608f646a96c545af167e66a146f54ecd595ffa",
            "title": "A systematic process for Mining Software Repositories: Results from a systematic literature review",
            "url": "https://www.semanticscholar.org/paper/8b608f646a96c545af167e66a146f54ecd595ffa",
            "venue": "Inf. Softw. Technol.",
            "year": 2021
        },
        {
            "arxivId": null,
            "authors": [
                {
                    "authorId": "2141684639",
                    "name": "J. F. Tavares"
                },
                {
                    "authorId": "38686411",
                    "name": "Yandre M. G. Costa"
                },
                {
                    "authorId": "1776943",
                    "name": "T. Colanzi"
                }
            ],
            "doi": "10.1109/ASEW52652.2021.00030",
            "intent": [
                "background"
            ],
            "isInfluential": false,
            "paperId": "c271f294c9bbb8d78ff4067dfdcbbe865ca906cf",
            "title": "Classification of UML Diagrams to Support Software Engineering Education",
            "url": "https://www.semanticscholar.org/paper/c271f294c9bbb8d78ff4067dfdcbbe865ca906cf",
            "venue": "2021 36th IEEE/ACM International Conference on Automated Software Engineering Workshops (ASEW)",
            "year": 2021
        },
        {
            "arxivId": null,
            "authors": [
                {
                    "authorId": "2150340450",
                    "name": "Jos\u00e9 Antonio Hern\u00e1ndez L\u00f3pez"
                },
                {
                    "authorId": "144272262",
                    "name": "Javier Luis C\u00e1novas Izquierdo"
                },
                {
                    "authorId": "1742213",
                    "name": "J. Cuadrado"
                }
            ],
            "doi": "10.1007/s10270-021-00929-3",
            "intent": [],
            "isInfluential": false,
            "paperId": "290b935ef3012101ef217fa1ef432f6461433686",
            "title": "ModelSet: a dataset for machine learning in model-driven engineering",
            "url": "https://www.semanticscholar.org/paper/290b935ef3012101ef217fa1ef432f6461433686",
            "venue": "Software and Systems Modeling",
            "year": 2021
        },
        {
            "arxivId": null,
            "authors": [
                {
                    "authorId": "2075332517",
                    "name": "Nan Yang"
                },
                {
                    "authorId": "32424276",
                    "name": "P. Cuijpers"
                },
                {
                    "authorId": "1719856",
                    "name": "R. Schiffelers"
                },
                {
                    "authorId": "1681784",
                    "name": "J. Lukkien"
                },
                {
                    "authorId": "1747171",
                    "name": "Alexander Serebrenik"
                }
            ],
            "doi": "10.1007/s10664-021-10015-3",
            "intent": [
                "background"
            ],
            "isInfluential": true,
            "paperId": "774f2a62d5fb910f5d82164b116dc90cf0df0a91",
            "title": "Single-state state machines in model-driven software engineering: an exploratory study",
            "url": "https://www.semanticscholar.org/paper/774f2a62d5fb910f5d82164b116dc90cf0df0a91",
            "venue": "Empirical Software Engineering",
            "year": 2021
        },
        {
            "arxivId": "2108.04652",
            "authors": [
                {
                    "authorId": "3450750",
                    "name": "C. Damasceno"
                },
                {
                    "authorId": "1932576",
                    "name": "D. Str\u00fcber"
                }
            ],
            "doi": "10.1109/MODELS50736.2021.00036",
            "intent": [
                "background"
            ],
            "isInfluential": false,
            "paperId": "5ec92ef463b1df32608e3b7502d6099289a7403f",
            "title": "Quality Guidelines for Research Artifacts in Model-Driven Engineering",
            "url": "https://www.semanticscholar.org/paper/5ec92ef463b1df32608e3b7502d6099289a7403f",
            "venue": "2021 ACM/IEEE 24th International Conference on Model Driven Engineering Languages and Systems (MODELS)",
            "year": 2021
        },
        {
            "arxivId": null,
            "authors": [
                {
                    "authorId": "144125116",
                    "name": "Santiago Due\u00f1as"
                },
                {
                    "authorId": "34820138",
                    "name": "Valerio Cosentino"
                },
                {
                    "authorId": "1397826059",
                    "name": "Jesus M. Gonzalez-Barahona"
                },
                {
                    "authorId": "2120374921",
                    "name": "Alvaro del Castillo San Felix"
                },
                {
                    "authorId": "1384382015",
                    "name": "Daniel Izquierdo-Cortazar"
                },
                {
                    "authorId": "2120340149",
                    "name": "Luis Ca\u00f1as-D\u00edaz"
                },
                {
                    "authorId": "2120359686",
                    "name": "Alberto P\u00e9rez Garc\u00eda-Plaza"
                }
            ],
            "doi": "10.7717/peerj-cs.601",
            "intent": [],
            "isInfluential": false,
            "paperId": "7e383ddd9aaecc4c700f47ad824f4dfb711e5c14",
            "title": "GrimoireLab: A toolset for software development analytics",
            "url": "https://www.semanticscholar.org/paper/7e383ddd9aaecc4c700f47ad824f4dfb711e5c14",
            "venue": "PeerJ Comput. Sci.",
            "year": 2021
        },
        {
            "arxivId": null,
            "authors": [
                {
                    "authorId": "2021968179",
                    "name": "Bethany Gosala"
                },
                {
                    "authorId": "2021969992",
                    "name": "Sripriya Roy Chowdhuri"
                },
                {
                    "authorId": "2112471385",
                    "name": "Jyoti Singh"
                },
                {
                    "authorId": "39821303",
                    "name": "M. Gupta"
                },
                {
                    "authorId": "2112892229",
                    "name": "Alok Mishra"
                }
            ],
            "doi": "10.3390/APP11094267",
            "intent": [
                "background"
            ],
            "isInfluential": true,
            "paperId": "34a0b5f230b2e22c958e7b4204757a5b1ab58cb2",
            "title": "Automatic Classification of UML Class Diagrams Using Deep Learning Technique: Convolutional Neural Network",
            "url": "https://www.semanticscholar.org/paper/34a0b5f230b2e22c958e7b4204757a5b1ab58cb2",
            "venue": "",
            "year": 2021
        },
        {
            "arxivId": null,
            "authors": [
                {
                    "authorId": "1764357",
                    "name": "J. Recker"
                },
                {
                    "authorId": "3026841",
                    "name": "R. Lukyanenko"
                },
                {
                    "authorId": "2903907",
                    "name": "M. Jabbari"
                },
                {
                    "authorId": "33853432",
                    "name": "Binny M. Samuel"
                },
                {
                    "authorId": "2616045",
                    "name": "A. Castellanos"
                }
            ],
            "doi": "10.25300/misq/2021/16027",
            "intent": [
                "background"
            ],
            "isInfluential": false,
            "paperId": "519ebf78d28c372f4775a718bd2b67b44c26c8bf",
            "title": "From Representation to Mediation: A New Agenda for Conceptual Modeling Research in a Digital World",
            "url": "https://www.semanticscholar.org/paper/519ebf78d28c372f4775a718bd2b67b44c26c8bf",
            "venue": "MIS Q.",
            "year": 2020
        },
        {
            "arxivId": null,
            "authors": [
                {
                    "authorId": "2007909236",
                    "name": "Matheus de Oliveira Barbosa"
                },
                {
                    "authorId": "34913116",
                    "name": "Franklin Ramalho"
                }
            ],
            "doi": "10.1145/3425269.3425282",
            "intent": [
                "methodology",
                "background"
            ],
            "isInfluential": false,
            "paperId": "702cfb54ed7c47b0337e5d5918fb3cdfe366bf7d",
            "title": "An Approach to Identify and Classify State Machine Changes from Code Changes",
            "url": "https://www.semanticscholar.org/paper/702cfb54ed7c47b0337e5d5918fb3cdfe366bf7d",
            "venue": "SBCARS",
            "year": 2020
        },
        {
            "arxivId": null,
            "authors": [
                {
                    "authorId": "36607258",
                    "name": "Sayed Mohsin Reza"
                },
                {
                    "authorId": "2674902",
                    "name": "O. Badreddin"
                },
                {
                    "authorId": "9093188",
                    "name": "Khandoker Rahad"
                }
            ],
            "doi": "10.1145/3417990.3422006",
            "intent": [
                "background"
            ],
            "isInfluential": false,
            "paperId": "d3b0b50c22c709401f8c1debb4a84f4fa4d681d0",
            "title": "ModelMine: a tool to facilitate mining models from open source repositories",
            "url": "https://www.semanticscholar.org/paper/d3b0b50c22c709401f8c1debb4a84f4fa4d681d0",
            "venue": "MoDELS",
            "year": 2020
        },
        {
            "arxivId": "2008.11858",
            "authors": [
                {
                    "authorId": "2150340450",
                    "name": "Jos\u00e9 Antonio Hern\u00e1ndez L\u00f3pez"
                },
                {
                    "authorId": "2059472301",
                    "name": "Jes\u00fas S\u00e1nchez Cuadrado"
                }
            ],
            "doi": "10.1145/3365438.3410947",
            "intent": [
                "background"
            ],
            "isInfluential": false,
            "paperId": "d227f6bca8cb1493f9f419539b5a2bf4df3399bb",
            "title": "MAR: a structure-based search engine for models",
            "url": "https://www.semanticscholar.org/paper/d227f6bca8cb1493f9f419539b5a2bf4df3399bb",
            "venue": "MoDELS",
            "year": 2020
        },
        {
            "arxivId": "2111.14583",
            "authors": [
                {
                    "authorId": "148430293",
                    "name": "Zoe Kotti"
                },
                {
                    "authorId": "2937511",
                    "name": "Konstantinos Kravvaritis"
                },
                {
                    "authorId": "41095366",
                    "name": "Konstantina Dritsa"
                },
                {
                    "authorId": "1740799",
                    "name": "D. Spinellis"
                }
            ],
            "doi": "10.1007/s10664-020-09834-7",
            "intent": [
                "methodology"
            ],
            "isInfluential": false,
            "paperId": "7889d09a8d6c1fc0089ad645b5fda0dae57a6314",
            "title": "Standing on shoulders or feet? An extended study on the usage of the MSR data papers",
            "url": "https://www.semanticscholar.org/paper/7889d09a8d6c1fc0089ad645b5fda0dae57a6314",
            "venue": "Empirical Software Engineering",
            "year": 2020
        },
        {
            "arxivId": null,
            "authors": [
                {
                    "authorId": "122233317",
                    "name": "Thomas S. Heinze"
                },
                {
                    "authorId": "2105103618",
                    "name": "Viktor Stefanko"
                },
                {
                    "authorId": "3282821",
                    "name": "W. Amme"
                }
            ],
            "doi": "10.1007/978-3-030-49418-6_13",
            "intent": [
                "methodology",
                "background"
            ],
            "isInfluential": true,
            "paperId": "f147f2e66408fc3de90f8838c4a3a14f63f0fc4e",
            "title": "Mining BPMN Processes on GitHub for Tool Validation and Development",
            "url": "https://www.semanticscholar.org/paper/f147f2e66408fc3de90f8838c4a3a14f63f0fc4e",
            "venue": "BPMDS/EMMSAD@CAiSE",
            "year": 2020
        },
        {
            "arxivId": null,
            "authors": [
                {
                    "authorId": "144500493",
                    "name": "Valent\u00edn Moreno"
                },
                {
                    "authorId": "1805316",
                    "name": "Gonzalo G\u00e9nova"
                },
                {
                    "authorId": "3451579",
                    "name": "Manuela Alejandres"
                },
                {
                    "authorId": "3845839",
                    "name": "Anabel Fraga"
                }
            ],
            "doi": "10.3390/app10072406",
            "intent": [
                "background"
            ],
            "isInfluential": false,
            "paperId": "30b1e41e157f0a4deda85a037d93cb5bd6575abd",
            "title": "Automatic Classification of Web Images as UML Static Diagrams Using Machine Learning Techniques",
            "url": "https://www.semanticscholar.org/paper/30b1e41e157f0a4deda85a037d93cb5bd6575abd",
            "venue": "Applied Sciences",
            "year": 2020
        },
        {
            "arxivId": "2003.10750",
            "authors": [
                {
                    "authorId": "9193431",
                    "name": "Abdulkadir Seker"
                },
                {
                    "authorId": "3278786",
                    "name": "B. Diri"
                },
                {
                    "authorId": "2060742163",
                    "name": "Halil Arslan"
                },
                {
                    "authorId": "1775715",
                    "name": "M. Amasyal\u0131"
                }
            ],
            "doi": null,
            "intent": [],
            "isInfluential": false,
            "paperId": "6808fd739bfed343221dcbe593304fbea538a303",
            "title": "A Systematic Mapping of Software Engineering Challenges: GHTorrent Case",
            "url": "https://www.semanticscholar.org/paper/6808fd739bfed343221dcbe593304fbea538a303",
            "venue": "ArXiv",
            "year": 2020
        },
        {
            "arxivId": null,
            "authors": [
                {
                    "authorId": "9193431",
                    "name": "Abdulkadir Seker"
                },
                {
                    "authorId": "3278786",
                    "name": "B. Diri"
                },
                {
                    "authorId": "2060742163",
                    "name": "Halil Arslan"
                },
                {
                    "authorId": "1775715",
                    "name": "M. Amasyal\u0131"
                }
            ],
            "doi": null,
            "intent": [],
            "isInfluential": false,
            "paperId": "0d0430681a2aeff6e7c07ffa9303384003ffb299",
            "title": "Open Source Software Development Challenges: A Systematic Literature Review on GitHub",
            "url": "https://www.semanticscholar.org/paper/0d0430681a2aeff6e7c07ffa9303384003ffb299",
            "venue": "Int. J. Open Source Softw. Process.",
            "year": 2020
        },
        {
            "arxivId": null,
            "authors": [
                {
                    "authorId": "51134196",
                    "name": "J. Ott"
                },
                {
                    "authorId": "21082244",
                    "name": "Abigail Atchison"
                },
                {
                    "authorId": "3186827",
                    "name": "Erik J. Linstead"
                }
            ],
            "doi": "10.1186/s40537-019-0198-z",
            "intent": [
                "background"
            ],
            "isInfluential": false,
            "paperId": "61a0678705cd765905df9ff4fd90a13cbde43f39",
            "title": "Exploring the applicability of low-shot learning in mining software repositories",
            "url": "https://www.semanticscholar.org/paper/61a0678705cd765905df9ff4fd90a13cbde43f39",
            "venue": "Journal of Big Data",
            "year": 2019
        },
        {
            "arxivId": null,
            "authors": [
                {
                    "authorId": "121373582",
                    "name": "H. Truong"
                }
            ],
            "doi": null,
            "intent": [
                "methodology",
                "result",
                "background"
            ],
            "isInfluential": true,
            "paperId": "19c959208ac959de357041ca5b1adb61c961cdab",
            "title": "Empowering Empirical Research in Software Design: Construction and Studies on a Large-Scale Corpus of UML Models",
            "url": "https://www.semanticscholar.org/paper/19c959208ac959de357041ca5b1adb61c961cdab",
            "venue": "",
            "year": 2019
        },
        {
            "arxivId": null,
            "authors": [
                {
                    "authorId": "2071315628",
                    "name": "Thomas S. Heinze"
                },
                {
                    "authorId": "1579629954",
                    "name": "Viktor Stefanko"
                },
                {
                    "authorId": "2096483792",
                    "name": "Wolfram Amme"
                }
            ],
            "doi": null,
            "intent": [
                "background"
            ],
            "isInfluential": true,
            "paperId": "ee313ff8d291025d53639a62c9977f1767637161",
            "title": "Mining von BPMN-Prozessartefakten auf GitHub",
            "url": "https://www.semanticscholar.org/paper/ee313ff8d291025d53639a62c9977f1767637161",
            "venue": "",
            "year": 2019
        },
        {
            "arxivId": null,
            "authors": [
                {
                    "authorId": "1417512611",
                    "name": "Adithya Raghuraman"
                },
                {
                    "authorId": "1405330418",
                    "name": "Truong Ho-Quang"
                },
                {
                    "authorId": "144836037",
                    "name": "M. Chaudron"
                },
                {
                    "authorId": "49691997",
                    "name": "A. Serebrenik"
                },
                {
                    "authorId": "2434621",
                    "name": "Bogdan Vasilescu"
                }
            ],
            "doi": "10.1109/MSR.2019.00024",
            "intent": [
                "methodology",
                "result",
                "background"
            ],
            "isInfluential": true,
            "paperId": "35f7a0ce8542ff1e0b1f7f1c314805a895c3fcf6",
            "title": "Does UML Modeling Associate with Lower Defect Proneness?: A Preliminary Empirical Investigation",
            "url": "https://www.semanticscholar.org/paper/35f7a0ce8542ff1e0b1f7f1c314805a895c3fcf6",
            "venue": "2019 IEEE/ACM 16th International Conference on Mining Software Repositories (MSR)",
            "year": 2019
        },
        {
            "arxivId": null,
            "authors": [
                {
                    "authorId": "148430293",
                    "name": "Zoe Kotti"
                },
                {
                    "authorId": "1740799",
                    "name": "D. Spinellis"
                }
            ],
            "doi": "10.1109/MSR.2019.00085",
            "intent": [],
            "isInfluential": false,
            "paperId": "43148fabe2636026e07ca04974aff40d204bfb6b",
            "title": "Standing on Shoulders or Feet? The Usage of the MSR Data Papers",
            "url": "https://www.semanticscholar.org/paper/43148fabe2636026e07ca04974aff40d204bfb6b",
            "venue": "2019 IEEE/ACM 16th International Conference on Mining Software Repositories (MSR)",
            "year": 2019
        },
        {
            "arxivId": "1904.11164",
            "authors": [
                {
                    "authorId": "80177375",
                    "name": "P. Pickerill"
                },
                {
                    "authorId": "81323265",
                    "name": "Heiko Joshua Jungen"
                },
                {
                    "authorId": "2723325",
                    "name": "Miros\u0142aw Ochodek"
                },
                {
                    "authorId": "1787356",
                    "name": "M. Staron"
                }
            ],
            "doi": "10.1007/s10664-020-09825-8",
            "intent": [
                "background"
            ],
            "isInfluential": false,
            "paperId": "51497665d475eb53a5818251a1202e0db93c9b59",
            "title": "PHANTOM: Curating GitHub for engineered software projects using time-series clustering",
            "url": "https://www.semanticscholar.org/paper/51497665d475eb53a5818251a1202e0db93c9b59",
            "venue": "Empirical Software Engineering",
            "year": 2019
        },
        {
            "arxivId": null,
            "authors": [
                {
                    "authorId": "2436060",
                    "name": "J. Mengerink"
                }
            ],
            "doi": null,
            "intent": [
                "methodology",
                "background"
            ],
            "isInfluential": false,
            "paperId": "be5114b027cb7c2cd2bab8d5e5d938f97c140de6",
            "title": "The DSL/Model co-evolution problem in industrial MDE ecosystems",
            "url": "https://www.semanticscholar.org/paper/be5114b027cb7c2cd2bab8d5e5d938f97c140de6",
            "venue": "",
            "year": 2018
        },
        {
            "arxivId": null,
            "authors": [
                {
                    "authorId": "2436060",
                    "name": "J. Mengerink"
                },
                {
                    "authorId": "50135282",
                    "name": "Jeroen Noten"
                },
                {
                    "authorId": "1747171",
                    "name": "Alexander Serebrenik"
                }
            ],
            "doi": "10.1007/s10664-018-9641-6",
            "intent": [],
            "isInfluential": false,
            "paperId": "b20aabce8a81a02436c148641dc3041d196a9bab",
            "title": "Empowering OCL research: a large-scale corpus of open-source data from GitHub",
            "url": "https://www.semanticscholar.org/paper/b20aabce8a81a02436c148641dc3041d196a9bab",
            "venue": "Empirical Software Engineering",
            "year": 2018
        },
        {
            "arxivId": null,
            "authors": [
                {
                    "authorId": "47848983",
                    "name": "Johannes H\u00e4rtel"
                },
                {
                    "authorId": "2074326947",
                    "name": "Marcel Heinz"
                },
                {
                    "authorId": "1738018",
                    "name": "R. L\u00e4mmel"
                }
            ],
            "doi": "10.1007/978-3-319-92997-2_14",
            "intent": [],
            "isInfluential": false,
            "paperId": "2b9e3382d2d9b609e489355d5891835e2b2af729",
            "title": "EMF Patterns of Usage on GitHub",
            "url": "https://www.semanticscholar.org/paper/2b9e3382d2d9b609e489355d5891835e2b2af729",
            "venue": "ECMFA",
            "year": 2018
        },
        {
            "arxivId": null,
            "authors": [
                {
                    "authorId": "144125116",
                    "name": "Santiago Due\u00f1as"
                },
                {
                    "authorId": "34820138",
                    "name": "Valerio Cosentino"
                },
                {
                    "authorId": "143684601",
                    "name": "G. Robles"
                },
                {
                    "authorId": "1397826059",
                    "name": "Jesus M. Gonzalez-Barahona"
                }
            ],
            "doi": "10.1145/3183440.3183475",
            "intent": [
                "methodology"
            ],
            "isInfluential": false,
            "paperId": "d2efef27cc5a10d61c50a5298019cbd6991fe42d",
            "title": "Perceval: Software Project Data at Your Will",
            "url": "https://www.semanticscholar.org/paper/d2efef27cc5a10d61c50a5298019cbd6991fe42d",
            "venue": "2018 IEEE/ACM 40th International Conference on Software Engineering: Companion (ICSE-Companion)",
            "year": 2018
        },
        {
            "arxivId": null,
            "authors": [
                {
                    "authorId": "2215560542",
                    "name": "Nils Baumgartner"
                },
                {
                    "authorId": "2287671209",
                    "name": "Elke Pulverm\u00fcller"
                }
            ],
            "doi": "10.5220/0012550500003687",
            "intent": [
                "methodology",
                "background"
            ],
            "isInfluential": true,
            "paperId": "79d11b5a72bd1a23b106541b78090f6e3f4ad73e",
            "title": "An Extensive Analysis of Data Clumps in UML Class Diagrams",
            "url": "https://www.semanticscholar.org/paper/79d11b5a72bd1a23b106541b78090f6e3f4ad73e",
            "venue": "ENASE",
            "year": 2024
        },
        {
            "arxivId": null,
            "authors": [
                {
                    "authorId": "34726730",
                    "name": "Monika Malinova"
                }
            ],
            "doi": null,
            "intent": [
                "background"
            ],
            "isInfluential": false,
            "paperId": "0d04967c56cbf95adb6c4cde2c0542052bf1ee60",
            "title": "Diagrams in Systems Analysis and Design",
            "url": "https://www.semanticscholar.org/paper/0d04967c56cbf95adb6c4cde2c0542052bf1ee60",
            "venue": "",
            "year": 2021
        },
        {
            "arxivId": null,
            "authors": [
                {
                    "authorId": "2052240197",
                    "name": "Rafael Nascimento"
                },
                {
                    "authorId": "2065949732",
                    "name": "Luana Souza"
                },
                {
                    "authorId": "11966650",
                    "name": "P. Targino"
                },
                {
                    "authorId": "2717246",
                    "name": "Gustavo Siz\u00edlio"
                },
                {
                    "authorId": "1717396",
                    "name": "U. Kulesza"
                },
                {
                    "authorId": "144048829",
                    "name": "M\u00e1rcia Lucena"
                }
            ],
            "doi": "10.5220/0010447903030312",
            "intent": [
                "methodology",
                "background"
            ],
            "isInfluential": false,
            "paperId": "8d1cca98dd2291f5624827ceb55983e201b61434",
            "title": "Investigating Information about Software Requirements in Projects That Use Continuous Integration or Not: An Exploratory Study",
            "url": "https://www.semanticscholar.org/paper/8d1cca98dd2291f5624827ceb55983e201b61434",
            "venue": "ICEIS",
            "year": 2021
        },
        {
            "arxivId": null,
            "authors": [
                {
                    "authorId": "2071315628",
                    "name": "Thomas S. Heinze"
                },
                {
                    "authorId": "1579629954",
                    "name": "Viktor Stefanko"
                },
                {
                    "authorId": "2096483792",
                    "name": "Wolfram Amme"
                }
            ],
            "doi": null,
            "intent": [
                "methodology",
                "background"
            ],
            "isInfluential": false,
            "paperId": "54e27c20a44109f64c76b083cfe8e5891617e4ac",
            "title": "BPMN in the Wild: BPMN on GitHub.com",
            "url": "https://www.semanticscholar.org/paper/54e27c20a44109f64c76b083cfe8e5891617e4ac",
            "venue": "ZEUS",
            "year": 2020
        },
        {
            "arxivId": null,
            "authors": [
                {
                    "authorId": "1405330418",
                    "name": "Truong Ho-Quang"
                },
                {
                    "authorId": "144836037",
                    "name": "M. Chaudron"
                },
                {
                    "authorId": "3072628",
                    "name": "R. Hebig"
                },
                {
                    "authorId": "143684601",
                    "name": "G. Robles"
                }
            ],
            "doi": "10.1016/b978-0-12-816649-9.00010-7",
            "intent": [],
            "isInfluential": false,
            "paperId": "be1309eafd67ebbaa0c9741d76147322f7efd45b",
            "title": "Challenges and directions for a community infrastructure for Big Data-driven research in software architecture",
            "url": "https://www.semanticscholar.org/paper/be1309eafd67ebbaa0c9741d76147322f7efd45b",
            "venue": "",
            "year": 2020
        },
        {
            "arxivId": null,
            "authors": [
                {
                    "authorId": "81323265",
                    "name": "Heiko Joshua Jungen"
                },
                {
                    "authorId": "80177375",
                    "name": "P. Pickerill"
                }
            ],
            "doi": null,
            "intent": [
                "background"
            ],
            "isInfluential": true,
            "paperId": "55cb2cff59499e50d514411ae05531e45041f8d8",
            "title": "Clustering software projects at large-scale using time-series",
            "url": "https://www.semanticscholar.org/paper/55cb2cff59499e50d514411ae05531e45041f8d8",
            "venue": "",
            "year": 2018
        },
        {
            "arxivId": null,
            "authors": [
                {
                    "authorId": "3263403",
                    "name": "Bonita Sharif"
                },
                {
                    "authorId": "2121591685",
                    "name": "Kang-il Park"
                },
                {
                    "authorId": "2319898685",
                    "name": "Michael P. DeJournett"
                },
                {
                    "authorId": "2151201438",
                    "name": "Isaac Baysinger"
                },
                {
                    "authorId": "2319886493",
                    "name": "Mohammed Aly"
                },
                {
                    "authorId": "2518515",
                    "name": "Jonathan I. Maletic"
                }
            ],
            "doi": null,
            "intent": [
                "methodology"
            ],
            "isInfluential": false,
            "paperId": "55af7f24a16ac7895b9981ccde07cc99e690fc86",
            "title": "Examining the Effects of Layout and Working Memory on UML Class Diagram Defect Identification",
            "url": "https://www.semanticscholar.org/paper/55af7f24a16ac7895b9981ccde07cc99e690fc86",
            "venue": "",
            "year": null
        }
    ],
    "corpusId": 10882218,
    "doi": "10.1109/MSR.2017.48",
    "fieldsOfStudy": [
        "Computer Science"
    ],
    "influentialCitationCount": 7,
    "isOpenAccess": false,
    "isPublisherLicensed": true,
    "is_open_access": false,
    "is_publisher_licensed": true,
    "numCitedBy": 44,
    "numCiting": 10,
    "paperId": "b05f41f0b0f26293eb4551a1393fa2b80bfee2f8",
    "references": [
        {
            "arxivId": null,
            "authors": [
                {
                    "authorId": "3072628",
                    "name": "R. Hebig"
                },
                {
                    "authorId": "1405330418",
                    "name": "Truong Ho-Quang"
                },
                {
                    "authorId": "144836037",
                    "name": "M. Chaudron"
                },
                {
                    "authorId": "143684601",
                    "name": "G. Robles"
                },
                {
                    "authorId": "123122439",
                    "name": "M. A. Fern\u00e1ndez"
                }
            ],
            "doi": "10.1145/2976767.2976778",
            "intent": [
                "methodology",
                "background"
            ],
            "isInfluential": false,
            "paperId": "1e652afcf23e647d477be599f236813c738f3ea1",
            "title": "The quest for open source projects that use UML: mining GitHub",
            "url": "https://www.semanticscholar.org/paper/1e652afcf23e647d477be599f236813c738f3ea1",
            "venue": "MoDELS",
            "year": 2016
        },
        {
            "arxivId": null,
            "authors": [
                {
                    "authorId": "3271854",
                    "name": "Bilal Karasneh"
                },
                {
                    "authorId": "144836037",
                    "name": "M. Chaudron"
                },
                {
                    "authorId": "1703493",
                    "name": "Foutse Khomh"
                },
                {
                    "authorId": "1718050",
                    "name": "Yann-Ga\u00ebl Gu\u00e9h\u00e9neuc"
                }
            ],
            "doi": "10.1109/SANER.2016.104",
            "intent": [],
            "isInfluential": false,
            "paperId": "30caf214c89cc59b0d97734c10b54f2b38e298e1",
            "title": "Studying the Relation between Anti-Patterns in Design Models and in Source Code",
            "url": "https://www.semanticscholar.org/paper/30caf214c89cc59b0d97734c10b54f2b38e298e1",
            "venue": "2016 IEEE 23rd International Conference on Software Analysis, Evolution, and Reengineering (SANER)",
            "year": 2016
        },
        {
            "arxivId": null,
            "authors": [
                {
                    "authorId": "1405330418",
                    "name": "Truong Ho-Quang"
                },
                {
                    "authorId": "144836037",
                    "name": "M. Chaudron"
                },
                {
                    "authorId": "48513063",
                    "name": "I. Samuelsson"
                },
                {
                    "authorId": "2439677",
                    "name": "J. Hjaltason"
                },
                {
                    "authorId": "3271854",
                    "name": "Bilal Karasneh"
                },
                {
                    "authorId": "1880859",
                    "name": "Hafeez Osman"
                }
            ],
            "doi": "10.1109/APSEC.2014.65",
            "intent": [
                "background"
            ],
            "isInfluential": false,
            "paperId": "76e2d15595fb31cbc8a600411f8d3cd3bcf6815e",
            "title": "Automatic Classification of UML Class Diagrams from Images",
            "url": "https://www.semanticscholar.org/paper/76e2d15595fb31cbc8a600411f8d3cd3bcf6815e",
            "venue": "2014 21st Asia-Pacific Software Engineering Conference",
            "year": 2014
        },
        {
            "arxivId": null,
            "authors": [
                {
                    "authorId": "2211882",
                    "name": "Georgios Gousios"
                },
                {
                    "authorId": "1740799",
                    "name": "D. Spinellis"
                }
            ],
            "doi": "10.1109/MSR.2012.6224294",
            "intent": [
                "methodology"
            ],
            "isInfluential": true,
            "paperId": "de760552279b241976676f4723a159060a433198",
            "title": "GHTorrent: Github's data from a firehose",
            "url": "https://www.semanticscholar.org/paper/de760552279b241976676f4723a159060a433198",
            "venue": "2012 9th IEEE Working Conference on Mining Software Repositories (MSR)",
            "year": 2012
        },
        {
            "arxivId": null,
            "authors": [
                {
                    "authorId": "1734481",
                    "name": "Eirini Kalliamvakou"
                },
                {
                    "authorId": "2211882",
                    "name": "Georgios Gousios"
                },
                {
                    "authorId": "1715864",
                    "name": "Kelly Blincoe"
                },
                {
                    "authorId": "18264995",
                    "name": "Leif Singer"
                },
                {
                    "authorId": "2131161",
                    "name": "D. Germ\u00e1n"
                },
                {
                    "authorId": "1741744",
                    "name": "D. Damian"
                }
            ],
            "doi": "10.1145/2597073.2597074",
            "intent": [
                "background"
            ],
            "isInfluential": false,
            "paperId": "d80d307a463df3526bf12ef1974afa7352f7b863",
            "title": "The promises and perils of mining GitHub",
            "url": "https://www.semanticscholar.org/paper/d80d307a463df3526bf12ef1974afa7352f7b863",
            "venue": "MSR 2014",
            "year": 2009
        },
        {
            "arxivId": null,
            "authors": [
                {
                    "authorId": "1746499",
                    "name": "G. Booch"
                },
                {
                    "authorId": "1718702",
                    "name": "J. Rumbaugh"
                },
                {
                    "authorId": "34838618",
                    "name": "I. Jacobson"
                }
            ],
            "doi": null,
            "intent": [
                "background"
            ],
            "isInfluential": false,
            "paperId": "ea82f99bd416dcd3b5df673c04ceba679778d7ca",
            "title": "Unified Modeling Language User Guide, The (2nd Edition) (Addison-Wesley Object Technology Series)",
            "url": "https://www.semanticscholar.org/paper/ea82f99bd416dcd3b5df673c04ceba679778d7ca",
            "venue": "",
            "year": 2005
        },
        {
            "arxivId": null,
            "authors": [
                {
                    "authorId": "1737237",
                    "name": "Harald St\u00f6rrle"
                },
                {
                    "authorId": "3072628",
                    "name": "R. Hebig"
                },
                {
                    "authorId": "143734353",
                    "name": "Alexander Knapp"
                }
            ],
            "doi": null,
            "intent": [
                "background"
            ],
            "isInfluential": false,
            "paperId": "71ff3dc954977977ceba0c8079951fdb84c069c3",
            "title": "An Index for Software Engineering Models",
            "url": "https://www.semanticscholar.org/paper/71ff3dc954977977ceba0c8079951fdb84c069c3",
            "venue": "PSRC@MoDELS",
            "year": 2014
        },
        {
            "arxivId": null,
            "authors": [
                {
                    "authorId": "3271854",
                    "name": "Bilal Karasneh"
                },
                {
                    "authorId": "144836037",
                    "name": "M. Chaudron"
                }
            ],
            "doi": null,
            "intent": [
                "background"
            ],
            "isInfluential": false,
            "paperId": "0ff5b24f6099a6d8323a5499e719e9f294f5f682",
            "title": "Online Img2UML Repository: An Online Repository for UML Models",
            "url": "https://www.semanticscholar.org/paper/0ff5b24f6099a6d8323a5499e719e9f294f5f682",
            "venue": "EESSMod@MoDELS",
            "year": 2013
        },
        {
            "arxivId": null,
            "authors": [
                {
                    "authorId": "143684601",
                    "name": "G. Robles"
                },
                {
                    "authorId": "1397826059",
                    "name": "Jesus M. Gonzalez-Barahona"
                },
                {
                    "authorId": "1384382015",
                    "name": "Daniel Izquierdo-Cortazar"
                },
                {
                    "authorId": "35197893",
                    "name": "I. Herraiz"
                }
            ],
            "doi": "10.4018/JOSSP.2009010102",
            "intent": [],
            "isInfluential": false,
            "paperId": "a08057aad5e1542dc0b4ea31b950917539e79914",
            "title": "Tools for the Study of the Usual Data Sources found in Libre Software Projects",
            "url": "https://www.semanticscholar.org/paper/a08057aad5e1542dc0b4ea31b950917539e79914",
            "venue": "Int. J. Open Source Softw. Process.",
            "year": 2009
        },
        {
            "arxivId": null,
            "authors": [],
            "doi": null,
            "intent": [
                "background"
            ],
            "isInfluential": false,
            "paperId": "",
            "title": "Experiences on the quality and availability of test models for model differencing tools",
            "url": "",
            "venue": "Free Models Initiative Workshop Proceedings, 2014, p. 11.",
            "year": 2014
        }
    ],
    "s2FieldsOfStudy": [
        {
            "category": "Computer Science",
            "source": "external"
        },
        {
            "category": "Computer Science",
            "source": "s2-fos-model"
        }
    ],
    "title": "An Extensive Dataset of UML Models in GitHub",
    "topics": [],
    "url": "https://www.semanticscholar.org/paper/b05f41f0b0f26293eb4551a1393fa2b80bfee2f8",
    "venue": "IEEE Working Conference on Mining Software Repositories",
    "year": 2017
}