{
    "test_id": "e65ba806d93924fedc9f44dcf72880535126e746",
    "request": {
        "object_identifier": "https:\/\/doi.org\/10.6084\/m9.figshare.13664519",
        "metadata_service_endpoint": "",
        "metadata_service_type": "oai_pmh",
        "test_debug": true,
        "use_datacite": true,
        "metric_version": "metrics_v0.5",
        "normalized_object_identifier": "10.6084\/m9.figshare.13664519"
    },
    "resolved_url": "https:\/\/figshare.com\/articles\/dataset\/Andromeda_A_Dataset_of_Ansible_Galaxy_Roles_and_Their_Evolution\/13664519",
    "start_timestamp": "2024-11-11T22:55:20Z",
    "end_timestamp": "2024-11-11T22:55:26Z",
    "metric_specification": "https:\/\/doi.org\/10.5281\/zenodo.6461229",
    "metric_version": "metrics_v0.5",
    "software_version": "3.2.0",
    "total_metrics": 16,
    "summary": {
        "score_earned": {
            "A": 1,
            "F": 6,
            "I": 1,
            "R": 5,
            "A1": 1,
            "F1": 2,
            "F2": 2,
            "F3": 0,
            "F4": 2,
            "I1": 1,
            "I2": 0,
            "I3": 0,
            "R1": 1,
            "R1.1": 2,
            "R1.2": 1,
            "R1.3": 1,
            "FAIR": 13
        },
        "score_total": {
            "A": 3,
            "F": 7,
            "I": 4,
            "R": 10,
            "A1": 3,
            "F1": 2,
            "F2": 2,
            "F3": 1,
            "F4": 2,
            "I1": 2,
            "I2": 1,
            "I3": 1,
            "R1": 4,
            "R1.1": 2,
            "R1.2": 2,
            "R1.3": 2,
            "FAIR": 24
        },
        "score_percent": {
            "A": 33.33,
            "F": 85.71,
            "I": 25,
            "R": 50,
            "A1": 33.33,
            "F1": 100,
            "F2": 100,
            "F3": 0,
            "F4": 100,
            "I1": 50,
            "I2": 0,
            "I3": 0,
            "R1": 25,
            "R1.1": 100,
            "R1.2": 50,
            "R1.3": 50,
            "FAIR": 54.17
        },
        "status_total": {
            "A1": 3,
            "F1": 2,
            "F2": 1,
            "F3": 1,
            "F4": 1,
            "I1": 1,
            "I2": 1,
            "I3": 1,
            "R1": 1,
            "R1.1": 1,
            "R1.2": 1,
            "R1.3": 2,
            "A": 3,
            "F": 5,
            "I": 3,
            "R": 5,
            "FAIR": 16
        },
        "status_passed": {
            "A1": 1,
            "F1": 2,
            "F2": 1,
            "F3": 0,
            "F4": 1,
            "I1": 1,
            "I2": 1,
            "I3": 0,
            "R1": 1,
            "R1.1": 1,
            "R1.2": 1,
            "R1.3": 1,
            "A": 1,
            "F": 4,
            "I": 2,
            "R": 4,
            "FAIR": 11
        },
        "maturity": {
            "A": 1,
            "F": 2,
            "I": 1,
            "R": 2,
            "A1": 1,
            "F1": 3,
            "F2": 3,
            "F3": 0,
            "F4": 3,
            "I1": 3,
            "I2": 1,
            "I3": 0,
            "R1": 1,
            "R1.1": 3,
            "R1.2": 2,
            "R1.3": 2,
            "FAIR": 1.5
        }
    },
    "results": [
        {
            "id": 1,
            "metric_identifier": "FsF-F1-01D",
            "metric_name": "Data is assigned a globally unique identifier.",
            "metric_tests": {
                "FsF-F1-01D-1": {
                    "metric_test_name": "Identifier is resolvable and follows a defined unique identifier syntax (IRI, URL)",
                    "metric_test_requirements": [
                        {
                            "modality": "any",
                            "required": null,
                            "tested_on": "https:\/\/f-uji.net\/vocab\/metadata\/property\/object_identifier",
                            "comment": "identifier can be given as user input",
                            "target": "https:\/\/f-uji.net\/vocab\/identifier"
                        }
                    ],
                    "metric_test_score": {
                        "earned": 1,
                        "total": 1
                    },
                    "metric_test_maturity": 3,
                    "metric_test_status": "pass"
                },
                "FsF-F1-01D-2": {
                    "metric_test_name": "Identifier is not resolvable but follows an UUID or HASH type syntax",
                    "metric_test_requirements": [
                        {
                            "modality": "any",
                            "required": {
                                "name": [
                                    "uuid",
                                    "hash"
                                ]
                            },
                            "tested_on": "https:\/\/f-uji.net\/vocab\/metadata\/property\/object_identifier",
                            "comment": "identifier can be given as user input",
                            "target": "https:\/\/f-uji.net\/vocab\/identifier\/unique"
                        }
                    ],
                    "metric_test_score": {
                        "earned": 0,
                        "total": 0.5
                    },
                    "metric_test_maturity": 0,
                    "metric_test_status": "fail"
                }
            },
            "test_status": "pass",
            "score": {
                "earned": 1,
                "total": 1
            },
            "maturity": 3,
            "output": {
                "guid": "https:\/\/doi.org\/10.6084\/m9.figshare.13664519",
                "guid_scheme": "doi"
            },
            "test_debug": [
                "INFO: Using idutils schemes to identify unique or persistent identifiers for metadata",
                "INFO: Starting assessment on identifier: https:\/\/doi.org\/10.6084\/m9.figshare.13664519",
                "SUCCESS: Unique identifier schemes found ['doi', 'url']",
                "INFO: Finalized unique identifier scheme - doi"
            ]
        },
        {
            "id": 2,
            "metric_identifier": "FsF-F1-02D",
            "metric_name": "Data is assigned a persistent identifier.",
            "metric_tests": {
                "FsF-F1-02D-1": {
                    "metric_test_name": "Identifier follows a defined persistent identifier syntax",
                    "metric_test_requirements": [
                        {
                            "modality": "any",
                            "required": null,
                            "tested_on": "https:\/\/f-uji.net\/vocab\/metadata\/property\/object_identifier",
                            "comment": "identifier can be given as user input",
                            "target": "https:\/\/f-uji.net\/vocab\/identifier\/persistent"
                        }
                    ],
                    "metric_test_score": {
                        "earned": 0.5,
                        "total": 0.5
                    },
                    "metric_test_maturity": 1,
                    "metric_test_status": "pass"
                },
                "FsF-F1-02D-2": {
                    "metric_test_name": "Persistent identifier is resolvable",
                    "metric_test_requirements": [
                        {
                            "modality": null,
                            "required": null,
                            "tested_on": "https:\/\/f-uji.net\/vocab\/metadata\/property\/object_identifier",
                            "comment": "identifier has to resolve to a valid URI",
                            "target": "https:\/\/f-uji.net\/vocab\/identifier\/persistent"
                        }
                    ],
                    "metric_test_score": {
                        "earned": 1,
                        "total": 1
                    },
                    "metric_test_maturity": 3,
                    "metric_test_status": "pass"
                }
            },
            "test_status": "pass",
            "score": {
                "earned": 1,
                "total": 1
            },
            "maturity": 3,
            "output": {
                "persistent_identifiers": [
                    {
                        "pid": "https:\/\/doi.org\/10.6084\/m9.figshare.13664519",
                        "pid_scheme": "doi",
                        "resolvable_status": true,
                        "resolved_url": "https:\/\/figshare.com\/articles\/dataset\/Andromeda_A_Dataset_of_Ansible_Galaxy_Roles_and_Their_Evolution\/13664519"
                    },
                    {
                        "pid": "doi:10.6084\/m9.figshare.13664519.v2",
                        "pid_scheme": "doi",
                        "resolvable_status": true,
                        "resolved_url": "https:\/\/figshare.com\/articles\/dataset\/Andromeda_A_Dataset_of_Ansible_Galaxy_Roles_and_Their_Evolution\/13664519\/2"
                    }
                ]
            },
            "test_debug": [
                "INFO: Retrieving page -: https:\/\/doi.org\/10.6084\/m9.figshare.13664519 as text\/html, *\/*",
                "INFO: Retrieving page -: https:\/\/doi.org\/10.6084\/m9.figshare.13664519.v2 as text\/html, *\/*",
                "INFO: Verified PID found in metadata since it is resolving to user input URL domain",
                "INFO: PID schemes-based assessment supported by the assessment service - dict_keys(['ark', 'arxiv', 'bioproject', 'biosample', 'doi', 'ensembl', 'genome', 'gnd', 'handle', 'lsid', 'pmid', 'pmcid', 'purl', 'refseq', 'sra', 'uniprot', 'urn', 'identifiers.org', 'w3id'])",
                "INFO: Found PID which could be verified (does resolve properly) -: https:\/\/doi.org\/10.6084\/m9.figshare.13664519",
                "INFO: Found PID which could be verified (does resolve properly) -: https:\/\/doi.org\/10.6084\/m9.figshare.13664519.v2",
                "SUCCESS: Persistence identifier scheme -: doi"
            ]
        },
        {
            "id": 3,
            "metric_identifier": "FsF-F2-01M",
            "metric_name": "Metadata includes descriptive core elements (creator, title, data identifier, publisher, publication date, summary and keywords) to support data findability.",
            "metric_tests": {
                "FsF-F2-01M-1": {
                    "metric_test_name": "Metadata has been made available via common web methods",
                    "metric_test_requirements": [
                        {
                            "modality": "any",
                            "required": null,
                            "tested_on": null,
                            "comment": null,
                            "target": "https:\/\/f-uji.net\/vocab\/metadata\/offering_method"
                        }
                    ],
                    "metric_test_score": {
                        "earned": 0.5,
                        "total": 0.5
                    },
                    "metric_test_maturity": 1,
                    "metric_test_status": "pass"
                },
                "FsF-F2-01M-2": {
                    "metric_test_name": "Core data citation metadata is available",
                    "metric_test_requirements": [
                        {
                            "modality": "all",
                            "required": {
                                "name": [
                                    "creator",
                                    "title",
                                    "object_identifier",
                                    "publication_date",
                                    "publisher",
                                    "object_type"
                                ]
                            },
                            "tested_on": "https:\/\/f-uji.net\/vocab\/metadata\/property",
                            "comment": null,
                            "target": "https:\/\/f-uji.net\/vocab\/metadata\/property"
                        }
                    ],
                    "metric_test_score": {
                        "earned": 0.5,
                        "total": 0.5
                    },
                    "metric_test_maturity": 2,
                    "metric_test_status": "pass"
                },
                "FsF-F2-01M-3": {
                    "metric_test_name": "Core descriptive metadata is available",
                    "metric_test_requirements": [
                        {
                            "modality": "all",
                            "required": {
                                "name": [
                                    "creator",
                                    "title",
                                    "object_identifier",
                                    "publication_date",
                                    "publisher",
                                    "object_type",
                                    "summary",
                                    "keywords"
                                ]
                            },
                            "tested_on": "https:\/\/f-uji.net\/vocab\/metadata\/property",
                            "comment": null,
                            "target": "https:\/\/f-uji.net\/vocab\/metadata\/property"
                        }
                    ],
                    "metric_test_score": {
                        "earned": 1,
                        "total": 1
                    },
                    "metric_test_maturity": 3,
                    "metric_test_status": "pass"
                }
            },
            "test_status": "pass",
            "score": {
                "earned": 2,
                "total": 2
            },
            "maturity": 3,
            "output": {
                "core_metadata_status": "all metadata",
                "core_metadata_found": {
                    "object_type": [
                        "dataset",
                        "article",
                        "Dataset"
                    ],
                    "publisher": "figshare",
                    "object_identifier": "doi:10.6084\/m9.figshare.13664519.v2",
                    "title": "Andromeda: A Dataset of Ansible Galaxy Roles and Their Evolution",
                    "summary": "A dataset of Ansible Galaxy metadata, repository metadata, and structural models and distilled structural changes of Ansible roles.<br>Full documentation of the dataset can be found in DOCS.md.GalaxyMetadata contains YAML files with metadata on Ansible Galaxy entities.RepositoryMetadata contains YAML files with commits and tags for repositories in Galaxy.StructuralModels contains YAML files with structural models representing Ansible roles.StructuralRoleEvolutions contains YAML files with change sets extracted from consecutive versions of roles.<br>Data collected on 2021\/01\/20.<br>Presented in a data showcase paper: R. Opdebeeck, A. Zerouali, C. De Roover. \"Andromeda: A Dataset of Ansible Galaxy Roles and Their Evolution\", in MSR'21, 2021.<br>",
                    "publication_date": "2021",
                    "creator": [
                        "Ruben Opdebeeck",
                        "Coen De Roover",
                        "Ahmed Zerouali",
                        "Zerouali, Ahmed",
                        "Opdebeeck, Ruben",
                        "De Roover, Coen"
                    ],
                    "keywords": [
                        "80309 Software Engineering",
                        " FOS: Computer and information sciences"
                    ]
                },
                "core_metadata_source": [
                    [
                        "DUBLINCORE_EMBEDDED",
                        "html_embedding"
                    ],
                    [
                        "OPENGRAPH_EMBEDDED",
                        "html_embedding"
                    ],
                    [
                        "DATACITE_JSON_NEGOTIATED",
                        "content_negotiation"
                    ],
                    [
                        "SCHEMAORG_NEGOTIATED",
                        "content_negotiation"
                    ]
                ]
            },
            "test_debug": [
                "INFO: Trying to resolve input URL -: https:\/\/doi.org\/10.6084\/m9.figshare.13664519",
                "INFO: Content negotiation on https:\/\/doi.org\/10.6084\/m9.figshare.13664519 accept=text\/html, *\/*, status=200",
                "INFO: Creating Cached response content",
                "INFO: Found HTML page!",
                "INFO: Starting to analyse EMBEDDED metadata at -: https:\/\/figshare.com\/articles\/dataset\/Andromeda_A_Dataset_of_Ansible_Galaxy_Roles_and_Their_Evolution\/13664519",
                "INFO: Trying to identify EMBEDDED  Microdata, OpenGraph or Schema.org -: https:\/\/figshare.com\/articles\/dataset\/Andromeda_A_Dataset_of_Ansible_Galaxy_Roles_and_Their_Evolution\/13664519",
                "INFO: Trying to retrieve schema.org JSON-LD metadata from html page",
                "INFO: Try to parse RDF (JSON-LD) from -: landing page",
                "INFO: schema.org JSON-LD metadata in html page UNAVAILABLE",
                "INFO: Trying to retrieve Dublin Core metadata from html page",
                "INFO: Content negotiation on https:\/\/doi.org\/10.6084\/m9.figshare.13664519.v2 accept=text\/html, *\/*, status=200",
                "INFO: Creating Cached response content",
                "INFO: Found HTML page!",
                "SUCCESS: Found DublinCore metadata -: dict_keys(['object_type', 'publisher', 'object_identifier'])",
                "INFO: Trying to retrieve Microdata metadata from html page",
                "INFO: Could not identify Microdata metadata",
                "INFO: Trying to retrieve RDFa metadata from html page",
                "INFO: Found RDF Graph which was sucessfully parsed",
                "INFO: Trying to identify namespaces in RDF Graph",
                "INFO: Could not find DCAT, schema.org or SKOS\/OWL metadata, continuing with generic SPARQL",
                "INFO: Trying to query generic SPARQL on RDF, found triples: -:29",
                "INFO: Found RDFa like triples but at least some of them seem to be XHTML or OpenGraph properties which are excluded",
                "INFO: Trying to retrieve Highwire and eprints metadata from html page",
                "INFO: Highwire or eprints metadata UNAVAILABLE",
                "INFO: Trying to retrieve OpenGraph metadata from html page",
                "INFO: Found OpenGraph metadata-: dict_keys(['title', 'object_identifier', 'summary', 'object_type', 'publisher', 'language'])",
                "INFO: Metadata property differs from metadata previously offered in a different formats -: object_identifier: doi:10.6084\/m9.figshare.13664519.v2 vs. \/articles\/dataset\/Andromeda_A_Dataset_of_Ansible_G",
                "SUCCESS: Found OpenGraph metadata -: dict_keys(['title', 'object_identifier', 'summary', 'object_type', 'publisher', 'language'])",
                "INFO: Trying to identify Typed Links to data items in html page",
                "INFO: Starting to identify EXTERNAL metadata through content negotiation or typed (signposting) links",
                "INFO: Trying to retrieve XML metadata through content negotiation from URL -: https:\/\/doi.org\/10.6084\/m9.figshare.13664519",
                "INFO: Retrieving page -: https:\/\/figshare.com\/articles\/dataset\/Andromeda_A_Dataset_of_Ansible_Galaxy_Roles_and_Their_Evolution\/13664519 as application\/xml, text\/xml;q=0.5",
                "INFO: Content negotiation on https:\/\/figshare.com\/articles\/dataset\/Andromeda_A_Dataset_of_Ansible_Galaxy_Roles_and_Their_Evolution\/13664519 accept=application\/xml, text\/xml;q=0.5, status=200",
                "INFO: Creating Cached response content",
                "INFO: Ignoring HTML response",
                "INFO: Trying to extract\/parse XML metadata from URL -: https:\/\/figshare.com\/articles\/dataset\/Andromeda_A_Dataset_of_Ansible_Galaxy_Roles_and_Their_Evolution\/13664519",
                "INFO: Expected XML but content negotiation responded -: MetadataFormats.HTML",
                "INFO: Could not identify metadata properties in XML",
                "INFO: Trying to retrieve XML metadata through content negotiation from URL -: https:\/\/figshare.com\/articles\/dataset\/Andromeda_A_Dataset_of_Ansible_Galaxy_Roles_and_Their_Evolution\/13664519",
                "INFO: Retrieving page -: https:\/\/figshare.com\/articles\/dataset\/Andromeda_A_Dataset_of_Ansible_Galaxy_Roles_and_Their_Evolution\/13664519 as application\/xml, text\/xml;q=0.5",
                "INFO: Content negotiation on https:\/\/figshare.com\/articles\/dataset\/Andromeda_A_Dataset_of_Ansible_Galaxy_Roles_and_Their_Evolution\/13664519 accept=application\/xml, text\/xml;q=0.5, status=200",
                "INFO: Creating Cached response content",
                "INFO: Ignoring HTML response",
                "INFO: Trying to extract\/parse XML metadata from URL -: https:\/\/figshare.com\/articles\/dataset\/Andromeda_A_Dataset_of_Ansible_Galaxy_Roles_and_Their_Evolution\/13664519",
                "INFO: Expected XML but content negotiation responded -: MetadataFormats.HTML",
                "INFO: Could not identify metadata properties in XML",
                "INFO: Trying to retrieve schema.org JSON-LD metadata through content negotiation from URL -: https:\/\/doi.org\/10.6084\/m9.figshare.13664519",
                "INFO: Retrieving page -: https:\/\/doi.org\/10.6084\/m9.figshare.13664519 as application\/ld+json",
                "INFO: Content negotiation on https:\/\/doi.org\/10.6084\/m9.figshare.13664519 accept=application\/ld+json, status=200",
                "INFO: Creating Cached response content",
                "INFO: Try to parse RDF (JSON-LD) from -: https:\/\/data.crosscite.org\/10.6084%2Fm9.figshare.13664519",
                "INFO: Try to parse JSON-LD using JMESPath retrieved as dict from -: https:\/\/data.crosscite.org\/10.6084%2Fm9.figshare.13664519",
                "INFO: Trying to extract schema.org JSON-LD metadata from -: SCHEMAORG_NEGOTIATED",
                "INFO: Found schema.org JSON-LD which seems to be valid, based on the given context type -:['Dataset']",
                "SUCCESS: Found Schema.org metadata through content negotiation-: dict_keys(['title', 'object_type', 'publication_date', 'modified_date', 'creator', 'creator_first', 'creator_last', 'publisher', 'license', 'summary', 'keywords', 'object_identifier'])",
                "INFO: Trying to retrieve schema.org JSON-LD metadata through content negotiation from URL -: https:\/\/figshare.com\/articles\/dataset\/Andromeda_A_Dataset_of_Ansible_Galaxy_Roles_and_Their_Evolution\/13664519",
                "INFO: Retrieving page -: https:\/\/figshare.com\/articles\/dataset\/Andromeda_A_Dataset_of_Ansible_Galaxy_Roles_and_Their_Evolution\/13664519 as application\/ld+json",
                "INFO: Content negotiation on https:\/\/figshare.com\/articles\/dataset\/Andromeda_A_Dataset_of_Ansible_Galaxy_Roles_and_Their_Evolution\/13664519 accept=application\/ld+json, status=200",
                "INFO: Creating Cached response content",
                "INFO: Ignoring HTML response",
                "INFO: Schema.org metadata through content negotiation UNAVAILABLE",
                "INFO: Trying to retrieve RDF metadata through content negotiation from URL -: https:\/\/doi.org\/10.6084\/m9.figshare.13664519",
                "INFO: Retrieving page -: https:\/\/doi.org\/10.6084\/m9.figshare.13664519 as text\/turtle, application\/turtle, application\/x-turtle;q=0.8, application\/rdf+xml, text\/n3;q=0.9, text\/rdf+n3;q=0.9,application\/ld+json",
                "WARNING: Request failed, status code -: https:\/\/doi.org\/10.6084\/m9.figshare.13664519, text\/turtle, application\/turtle, application\/x-turtle;q=0.8, application\/rdf+xml, text\/n3;q=0.9, text\/rdf+n3;q=0.9,application\/ld+json - 422",
                "WARNING: No response received from -: https:\/\/doi.org\/10.6084\/m9.figshare.13664519, text\/turtle, application\/turtle, application\/x-turtle;q=0.8, application\/rdf+xml, text\/n3;q=0.9, text\/rdf+n3;q=0.9,application\/ld+json",
                "INFO: Linked Data metadata UNAVAILABLE",
                "INFO: Trying to retrieve RDF metadata through content negotiation from URL -: https:\/\/figshare.com\/articles\/dataset\/Andromeda_A_Dataset_of_Ansible_Galaxy_Roles_and_Their_Evolution\/13664519",
                "INFO: Retrieving page -: https:\/\/figshare.com\/articles\/dataset\/Andromeda_A_Dataset_of_Ansible_Galaxy_Roles_and_Their_Evolution\/13664519 as text\/turtle, application\/turtle, application\/x-turtle;q=0.8, application\/rdf+xml, text\/n3;q=0.9, text\/rdf+n3;q=0.9,application\/ld+json",
                "INFO: Content negotiation on https:\/\/figshare.com\/articles\/dataset\/Andromeda_A_Dataset_of_Ansible_Galaxy_Roles_and_Their_Evolution\/13664519 accept=text\/turtle, application\/turtle, application\/x-turtle;q=0.8, application\/rdf+xml, text\/n3;q=0.9, text\/rdf+n3;q=0.9,application\/ld+json, status=200",
                "INFO: Creating Cached response content",
                "INFO: Ignoring HTML response",
                "INFO: Try to parse RDF from -: https:\/\/figshare.com\/articles\/dataset\/Andromeda_A_Dataset_of_Ansible_Galaxy_Roles_and_Their_Evolution\/13664519 as turtle",
                "WARNING: Failed to parse RDF -: https:\/\/figshare.com\/articles\/dataset\/Andromeda_A_Dataset_of_Ansible_Galaxy_Roles_and_Their_Evolution\/13664519 exactly one of source, location, file or data must be given",
                "INFO: Retrieving page -: https:\/\/doi.org\/10.6084\/m9.figshare.13664519 as text\/turtle, application\/turtle, application\/x-turtle;q=0.8, application\/rdf+xml, text\/n3;q=0.9, text\/rdf+n3;q=0.9,application\/ld+json",
                "WARNING: Request failed, status code -: https:\/\/doi.org\/10.6084\/m9.figshare.13664519, text\/turtle, application\/turtle, application\/x-turtle;q=0.8, application\/rdf+xml, text\/n3;q=0.9, text\/rdf+n3;q=0.9,application\/ld+json - 422",
                "WARNING: No response received from -: https:\/\/doi.org\/10.6084\/m9.figshare.13664519, text\/turtle, application\/turtle, application\/x-turtle;q=0.8, application\/rdf+xml, text\/n3;q=0.9, text\/rdf+n3;q=0.9,application\/ld+json",
                "INFO: Try to parse RDF from -: https:\/\/doi.org\/10.6084\/m9.figshare.13664519 as turtle",
                "WARNING: Failed to parse RDF -: https:\/\/doi.org\/10.6084\/m9.figshare.13664519 exactly one of source, location, file or data must be given",
                "INFO: Linked Data metadata UNAVAILABLE",
                "INFO: Trying to retrieve datacite metadata",
                "INFO: Retrieving page -: https:\/\/doi.org\/10.6084\/m9.figshare.13664519 as application\/vnd.datacite.datacite+json",
                "INFO: Content negotiation on https:\/\/doi.org\/10.6084\/m9.figshare.13664519 accept=application\/vnd.datacite.datacite+json, status=200",
                "INFO: Creating Cached response content",
                "SUCCESS: Found Datacite metadata -: dict_keys(['object_identifier', 'object_type', 'creator', 'creator_first', 'creator_last', 'publisher', 'title', 'keywords', 'publication_date', 'license', 'summary', 'datacite_client', 'modified_date', 'created_date', 'access_level'])",
                "INFO: Type of object described by the metadata -: ['dataset', 'article', 'Dataset']",
                "INFO: Testing if any metadata has been made available via common web standards",
                "INFO: Found some descriptive metadata elements -: dict_keys(['object_type', 'publisher', 'object_identifier', 'title', 'summary', 'language', 'publication_date', 'modified_date', 'creator', 'license', 'keywords', 'datacite_client', 'created_date', 'access_level'])",
                "SUCCESS: Found required core citation metadata elements -: ['creator', 'title', 'object_identifier', 'publication_date', 'publisher', 'object_type']",
                "INFO: Will exclusively consider community specific metadata properties which are specified in metrics -: {'name': ['creator', 'title', 'object_identifier', 'publication_date', 'publisher', 'object_type', 'summary', 'keywords']}",
                "SUCCESS: Found required core descriptive metadata elements -: ['creator', 'title', 'object_identifier', 'publication_date', 'publisher', 'object_type', 'summary', 'keywords']"
            ]
        },
        {
            "id": 4,
            "metric_identifier": "FsF-F3-01M",
            "metric_name": "Metadata includes the identifier of the data it describes.",
            "metric_tests": {
                "FsF-F3-01M-1": {
                    "metric_test_name": "Metadata contains data content related information (file name, size, type)",
                    "metric_test_requirements": [
                        {
                            "modality": "all",
                            "required": [
                                "type",
                                "size"
                            ],
                            "tested_on": "https:\/\/f-uji.net\/vocab\/metadata\/property\/object_content_identifier",
                            "comment": null,
                            "target": "https:\/\/f-uji.net\/vocab\/data\/property"
                        }
                    ],
                    "metric_test_score": {
                        "earned": 0,
                        "total": 0.5
                    },
                    "metric_test_maturity": 0,
                    "metric_test_status": "fail"
                },
                "FsF-F3-01M-2": {
                    "metric_test_name": "Metadata contains a PID or URL which indicates the location of the downloadable data content",
                    "metric_test_requirements": [
                        {
                            "modality": "any",
                            "required": null,
                            "tested_on": "https:\/\/f-uji.net\/vocab\/metadata\/property\/object_content_identifier",
                            "comment": null,
                            "target": "https:\/\/f-uji.net\/vocab\/data\/property\/url"
                        }
                    ],
                    "metric_test_score": {
                        "earned": 0,
                        "total": 0.5
                    },
                    "metric_test_maturity": 0,
                    "metric_test_status": "fail"
                }
            },
            "test_status": "fail",
            "score": {
                "earned": 0,
                "total": 1
            },
            "maturity": 0,
            "output": {
                "object_identifier_included": null,
                "object_content_identifier_included": []
            },
            "test_debug": [
                "INFO: No debug messages received"
            ]
        },
        {
            "id": 5,
            "metric_identifier": "FsF-F4-01M",
            "metric_name": "Metadata is offered in such a way that it can be retrieved programmatically.",
            "metric_tests": {
                "FsF-F4-01M-1": {
                    "metric_test_name": "Metadata is given in a way major search engines can ingest it for their catalogues (JSON-LD, Dublin Core, RDFa)",
                    "metric_test_requirements": [
                        {
                            "modality": "any",
                            "required": {
                                "name": [
                                    "dublin-core",
                                    "schemaorg",
                                    "dcat-data-catalog-vocabulary"
                                ]
                            },
                            "tested_on": null,
                            "comment": null,
                            "target": "http:\/\/f-uji.net\/vocab\/metadata\/standard"
                        },
                        {
                            "modality": "any",
                            "required": {
                                "name": [
                                    "html_embedding",
                                    "microdata_rdfa"
                                ]
                            },
                            "tested_on": null,
                            "comment": null,
                            "target": "http:\/\/f-uji.net\/vocab\/metadata\/offering_method"
                        }
                    ],
                    "metric_test_score": {
                        "earned": 1,
                        "total": 1
                    },
                    "metric_test_maturity": 3,
                    "metric_test_status": "pass"
                },
                "FsF-F4-01M-2": {
                    "metric_test_name": "Metadata is registered in major research data registries (DataCite)",
                    "metric_test_requirements": [],
                    "metric_test_score": {
                        "earned": 1,
                        "total": 1
                    },
                    "metric_test_maturity": 2,
                    "metric_test_status": "pass"
                }
            },
            "test_status": "pass",
            "score": {
                "earned": 2,
                "total": 2
            },
            "maturity": 3,
            "output": {
                "search_mechanisms": [
                    {
                        "mechanism": "structured data",
                        "mechanism_info": [
                            "dublin-core via: html_embedding"
                        ]
                    },
                    {
                        "mechanism": "metadata registry",
                        "mechanism_info": [
                            "DataCite Registry"
                        ]
                    }
                ]
            },
            "test_debug": [
                "INFO: Will exclusively consider community specific metadata standards for FsF-F4-01M-1 which are specified in metrics -: ['dublin-core', 'schemaorg', 'dcat-data-catalog-vocabulary']",
                "INFO: Will exclusively consider community specific metadata offering methods for FsF-F4-01M-1 which are specified in metrics -: ['html_embedding', 'microdata_rdfa']",
                "SUCCESS: Metadata is offered in a way major search engines can ingest it -: ['dublin-core via: html_embedding']",
                "INFO: Querying DataCite API for -:10.6084\/m9.figshare.13664519",
                "INFO: Found identifier in DataCite catalogue -:10.6084\/m9.figshare.13664519",
                "INFO: Dataset already found in registry therefore skipping Google Dataset Search Cache query",
                "INFO: Dataset already found in registry therefore skipping Mendeley Data query",
                "SUCCESS: Metadata found through - metadata registry"
            ]
        },
        {
            "id": 10,
            "metric_identifier": "FsF-I1-01M",
            "metric_name": "Metadata is represented using a formal knowledge representation language.",
            "metric_tests": {
                "FsF-I1-01M-1": {
                    "metric_test_name": "Parsable, structured metadata (JSON-LD, RDFa) is embedded in the landing page XHTML\/HTML code",
                    "metric_test_requirements": [
                        {
                            "modality": "any",
                            "required": {
                                "name": [
                                    "RDF",
                                    "JSON-LD",
                                    "RDFa"
                                ]
                            },
                            "tested_on": null,
                            "comment": null,
                            "target": "http:\/\/f-uji.net\/vocab\/metadata\/format"
                        },
                        {
                            "modality": "any",
                            "required": {
                                "name": [
                                    "html_embedding",
                                    "microdata_rdfa"
                                ]
                            },
                            "tested_on": null,
                            "comment": null,
                            "target": "http:\/\/f-uji.net\/vocab\/metadata\/offering_method"
                        }
                    ],
                    "metric_test_score": {
                        "earned": 0,
                        "total": 1
                    },
                    "metric_test_maturity": 0,
                    "metric_test_status": "fail"
                },
                "FsF-I1-01M-2": {
                    "metric_test_name": "Parsable, graph data (RDF, JSON-LD) is accessible through content negotiation, typed links or sparql endpoint",
                    "metric_test_requirements": [
                        {
                            "modality": "any",
                            "required": {
                                "name": [
                                    "RDF",
                                    "JSON-LD",
                                    "RDFa"
                                ]
                            },
                            "tested_on": null,
                            "comment": null,
                            "target": "http:\/\/f-uji.net\/vocab\/metadata\/format"
                        },
                        {
                            "modality": "any",
                            "required": {
                                "name": [
                                    "content_negotiation"
                                ]
                            },
                            "tested_on": null,
                            "comment": null,
                            "target": "http:\/\/f-uji.net\/vocab\/metadata\/offering_method"
                        },
                        {
                            "modality": "any",
                            "required": {
                                "name": [
                                    "sparql"
                                ]
                            },
                            "tested_on": null,
                            "comment": null,
                            "target": "http:\/\/f-uji.net\/vocab\/metadata\/exchange_service"
                        }
                    ],
                    "metric_test_score": {
                        "earned": 1,
                        "total": 1
                    },
                    "metric_test_maturity": 3,
                    "metric_test_status": "pass"
                }
            },
            "test_status": "pass",
            "score": {
                "earned": 1,
                "total": 2
            },
            "maturity": 3,
            "output": [
                {
                    "serialization_format": "JSON-LD",
                    "source": "content_negotiate",
                    "is_metadata_found": true
                }
            ],
            "test_debug": [
                "INFO: Check of structured data (RDF serialization) embedded in the data page",
                "INFO: NO structured data (RDF serialization) embedded in the data page",
                "INFO: Check if RDF-based typed link included",
                "INFO: NO RDF-based typed link found",
                "INFO: Check if RDF metadata available through content negotiation",
                "INFO: JSON-LD graph retrieved through content negotiation, content type - JSON-LD",
                "SUCCESS: Found RDF content through content negotiation or typed links"
            ]
        },
        {
            "id": 11,
            "metric_identifier": "FsF-I2-01M",
            "metric_name": "Metadata uses semantic resources",
            "metric_tests": {
                "FsF-I2-01M-1": {
                    "metric_test_name": "Vocabulary namespace URIs can be identified in metadata",
                    "metric_test_requirements": [
                        {
                            "modality": null,
                            "required": null,
                            "tested_on": null,
                            "comment": "The sheer existence of namespaces declared in XML or RDF files is checked here. This test is not scored",
                            "target": null
                        }
                    ],
                    "metric_test_score": {
                        "earned": 0,
                        "total": 0
                    },
                    "metric_test_maturity": 1,
                    "metric_test_status": "pass"
                },
                "FsF-I2-01M-2": {
                    "metric_test_name": "Namespaces of known semantic resources can be identified in metadata",
                    "metric_test_requirements": [
                        {
                            "modality": "any",
                            "required": null,
                            "tested_on": null,
                            "comment": null,
                            "target": "http:\/\/f-uji.net\/vocab\/semantic_resource"
                        }
                    ],
                    "metric_test_score": {
                        "earned": 0,
                        "total": 1
                    },
                    "metric_test_maturity": 0,
                    "metric_test_status": "fail"
                }
            },
            "test_status": "pass",
            "score": {
                "earned": 0,
                "total": 1
            },
            "maturity": 1,
            "output": [],
            "test_debug": [
                "INFO: Removing default namespaces from 12 vocabulary namespaces found in structured metadata",
                "INFO: Default vocabulary namespace(s) excluded -: ['http:\/\/schema.org', 'http:\/\/purl.org\/dc\/elements\/1.1', 'http:\/\/ogp.me\/ns']",
                "INFO: Check if known namespace(s) are used in structured metadata (RDF, XML) which exist(s) in a LOD registry -: ['https:\/\/api.figshare.com\/v2\/static\/figshare-oai-qdc.xsd', 'http:\/\/www.openarchives.org\/OAI\/2.0\/oai_dc.xsd', 'http:\/\/www.loc.gov\/standards\/mets\/mets.xsd', 'http:\/\/naca.central.cranfield.ac.uk\/ethos-oai\/2.0\/uketd_dc.xsd', 'http:\/\/schema.datacite.org\/oai\/oai-1.0\/oai.xsd', 'https:\/\/www.openaire.eu\/schema\/cris\/current\/openaire-cerif-profile.xsd', 'https:\/\/www.openaire.eu\/cerif_schema\/cerif-1.6-2_openaire-1.0.xsd', 'http:\/\/datacite.org\/schema', 'http:\/\/www.openarchives.org\/OAI\/2.0\/rdf.xsd']",
                "WARNING: NO known vocabulary namespace URI is found which is listed in  the LOD registry"
            ]
        },
        {
            "id": 12,
            "metric_identifier": "FsF-I3-01M",
            "metric_name": "Metadata includes links between the data and its related entities.",
            "metric_tests": {
                "FsF-I3-01M-1": {
                    "metric_test_name": "Related resources are explicitly mentioned in metadata",
                    "metric_test_requirements": [
                        {
                            "modality": "any",
                            "required": null,
                            "tested_on": "http:\/\/f-uji.net\/vocab\/metadata\/property\/related_resources",
                            "comment": "The presence of a (typed, default = related) related resource is checked, can be a string or URI",
                            "target": "http:\/\/f-uji.net\/vocab\/relation_type"
                        }
                    ],
                    "metric_test_score": {
                        "earned": 0,
                        "total": 1
                    },
                    "metric_test_maturity": 0,
                    "metric_test_status": "fail"
                },
                "FsF-I3-01M-2": {
                    "metric_test_name": "Related resources are indicated by machine readable links or identifiers",
                    "metric_test_requirements": [
                        {
                            "modality": null,
                            "required": null,
                            "tested_on": null,
                            "comment": "same as above but relations have to be machine readable\/actionable",
                            "target": null
                        }
                    ],
                    "metric_test_score": {
                        "earned": 0,
                        "total": 1
                    },
                    "metric_test_maturity": 0,
                    "metric_test_status": "fail"
                }
            },
            "test_status": "fail",
            "score": {
                "earned": 0,
                "total": 1
            },
            "maturity": 0,
            "output": [],
            "test_debug": [
                "INFO: No related resource(s) found in DublinCore metadata",
                "INFO: No related resource(s) found in Schema.org metadata",
                "INFO: No related resource(s) found in Datacite metadata",
                "WARNING: Could not identify related resources in metadata"
            ]
        },
        {
            "id": 13,
            "metric_identifier": "FsF-R1-01MD",
            "metric_name": "Metadata specifies the content of the data.",
            "metric_tests": {
                "FsF-R1-01MD-1": {
                    "metric_test_name": "Minimal information about available data content is given in metadata",
                    "metric_test_requirements": [],
                    "metric_test_score": {
                        "earned": 1,
                        "total": 1
                    },
                    "metric_test_maturity": 1,
                    "metric_test_status": "pass"
                },
                "FsF-R1-01MD-1a": {
                    "metric_test_name": "Resource type (e.g. dataset) is given in metadata",
                    "metric_test_requirements": [],
                    "metric_test_score": {
                        "earned": 0,
                        "total": 0
                    },
                    "metric_test_maturity": null,
                    "metric_test_status": "pass"
                },
                "FsF-R1-01MD-1b": {
                    "metric_test_name": "Information about data content (e.g. links) is given in metadata",
                    "metric_test_requirements": [],
                    "metric_test_score": {
                        "earned": 0,
                        "total": 0
                    },
                    "metric_test_maturity": 0,
                    "metric_test_status": "fail"
                },
                "FsF-R1-01MD-2": {
                    "metric_test_name": "Verifiable data descriptors (file info, measured variables or observation types) are specified in metadata",
                    "metric_test_requirements": [],
                    "metric_test_score": {
                        "earned": 0,
                        "total": 1
                    },
                    "metric_test_maturity": 0,
                    "metric_test_status": "fail"
                },
                "FsF-R1-01MD-2a": {
                    "metric_test_name": "File size and type information are specified in metadata",
                    "metric_test_requirements": [],
                    "metric_test_score": {
                        "earned": 0,
                        "total": 0
                    },
                    "metric_test_maturity": 0,
                    "metric_test_status": "fail"
                },
                "FsF-R1-01MD-2b": {
                    "metric_test_name": "Measured variables or observation types are specified in metadata",
                    "metric_test_requirements": [],
                    "metric_test_score": {
                        "earned": 0,
                        "total": 0
                    },
                    "metric_test_maturity": 0,
                    "metric_test_status": "fail"
                },
                "FsF-R1-01MD-3": {
                    "metric_test_name": "Data content matches file type and size specified in metadata",
                    "metric_test_requirements": [],
                    "metric_test_score": {
                        "earned": 0,
                        "total": 1
                    },
                    "metric_test_maturity": 0,
                    "metric_test_status": "fail"
                },
                "FsF-R1-01MD-4": {
                    "metric_test_name": "Data content matches measured variables or observation types specified in metadata",
                    "metric_test_requirements": [],
                    "metric_test_score": {
                        "earned": 0,
                        "total": 1
                    },
                    "metric_test_maturity": 0,
                    "metric_test_status": "fail"
                }
            },
            "test_status": "pass",
            "score": {
                "earned": 1,
                "total": 4
            },
            "maturity": 1,
            "output": {
                "object_type": "dataset",
                "data_content_descriptor": []
            },
            "test_debug": [
                "INFO: Object landing page accessible status -: True",
                "SUCCESS: Valid resource type (e.g. subtype of schema.org\/CreativeWork, DCMI Type  or DataCite resourceType) specified -: dataset",
                "SUCCESS: Valid resource type (e.g. subtype of schema.org\/CreativeWork, DCMI Type  or DataCite resourceType) specified -: article",
                "SUCCESS: Valid resource type (e.g. subtype of schema.org\/CreativeWork, DCMI Type  or DataCite resourceType) specified -: dataset",
                "WARNING: NO data object content available\/accessible to perform file descriptors (type and size) tests"
            ]
        },
        {
            "id": 14,
            "metric_identifier": "FsF-R1.1-01M",
            "metric_name": "Metadata includes license information under which data can be reused.",
            "metric_tests": {
                "FsF-R1.1-01M-1": {
                    "metric_test_name": "Licence information is given in an appropriate metadata element",
                    "metric_test_requirements": [],
                    "metric_test_score": {
                        "earned": 1,
                        "total": 1
                    },
                    "metric_test_maturity": 1,
                    "metric_test_status": "pass"
                },
                "FsF-R1.1-01M-2": {
                    "metric_test_name": "Recognized licence is valid (community specific or registered at SPDX)",
                    "metric_test_requirements": [],
                    "metric_test_score": {
                        "earned": 1,
                        "total": 1
                    },
                    "metric_test_maturity": 3,
                    "metric_test_status": "pass"
                }
            },
            "test_status": "pass",
            "score": {
                "earned": 2,
                "total": 2
            },
            "maturity": 3,
            "output": [
                {
                    "license": "https:\/\/creativecommons.org\/licenses\/by\/4.0\/legalcode",
                    "osi_approved": true,
                    "details_url": "https:\/\/creativecommons.org\/licenses\/by\/4.0\/legalcode"
                },
                {
                    "license": "https:\/\/creativecommons.org\/licenses\/by\/4.0\/legalcode",
                    "osi_approved": true,
                    "details_url": "https:\/\/creativecommons.org\/licenses\/by\/4.0\/legalcode"
                }
            ],
            "test_debug": [
                "INFO: License metadata found (schema.org) -: https:\/\/creativecommons.org\/licenses\/by\/4.0\/legalcode",
                "INFO: License expressed as access condition (rights), therefore moved from FsF-A1-01M -: https:\/\/creativecommons.org\/licenses\/by\/4.0\/legalcode",
                "INFO: Found CreativeCommons license -: https:\/\/creativecommons.org\/licenses\/by\/4.0\/legalcode",
                "SUCCESS: Found SPDX license representation (spdx url, osi_approved)",
                "INFO: Found CreativeCommons license -: https:\/\/creativecommons.org\/licenses\/by\/4.0\/legalcode",
                "SUCCESS: Found SPDX license representation (spdx url, osi_approved)",
                "SUCCESS: Found licence information in metadata",
                "INFO: Will consider all SPDX licenses as community specific licenses for FsF-R1.1-01M"
            ]
        },
        {
            "id": 6,
            "metric_identifier": "FsF-A1-01M",
            "metric_name": "Metadata contains access level and access conditions of the data.",
            "metric_tests": {
                "FsF-A1-01M-1": {
                    "metric_test_name": "Information about access restrictions or rights can be identified in metadata",
                    "metric_test_requirements": [
                        {
                            "modality": "any",
                            "required": null,
                            "tested_on": null,
                            "comment": null,
                            "target": "http:\/\/f-uji.net\/vocab\/metadata\/property\/access_level"
                        }
                    ],
                    "metric_test_score": {
                        "earned": 0,
                        "total": 0.5
                    },
                    "metric_test_maturity": 0,
                    "metric_test_status": "fail"
                },
                "FsF-A1-01M-3": {
                    "metric_test_name": "Data access information is indicated by (not machine readable) standard terms",
                    "metric_test_requirements": [
                        {
                            "modality": "any",
                            "required": null,
                            "tested_on": "http:\/\/f-uji.net\/vocab\/metadata\/property\/access_level",
                            "comment": "label and id",
                            "target": "http:\/\/f-uji.net\/vocab\/access_condition"
                        }
                    ],
                    "metric_test_score": {
                        "earned": 0,
                        "total": 1
                    },
                    "metric_test_maturity": 0,
                    "metric_test_status": "fail"
                },
                "FsF-A1-01M-2": {
                    "metric_test_name": "Data access information is machine readable",
                    "metric_test_requirements": [
                        {
                            "modality": "any",
                            "required": null,
                            "tested_on": "http:\/\/f-uji.net\/vocab\/metadata\/property\/access_level",
                            "comment": "identifier (namespace)",
                            "target": "http:\/\/f-uji.net\/vocab\/access_condition"
                        }
                    ],
                    "metric_test_score": {
                        "earned": 0,
                        "total": 1
                    },
                    "metric_test_maturity": 0,
                    "metric_test_status": "fail"
                }
            },
            "test_status": "fail",
            "score": {
                "earned": 0,
                "total": 1
            },
            "maturity": 0,
            "output": {
                "access_level": null,
                "access_details": []
            },
            "test_debug": [
                "INFO: Found CreativeCommons license -: https:\/\/creativecommons.org\/licenses\/by\/4.0\/legalcode",
                "WARNING: Access condition looks like license, therefore the following is ignored -: https:\/\/creativecommons.org\/licenses\/by\/4.0\/legalcode",
                "WARNING: NO access information is available in metadata",
                "INFO: Skipping standard terms test since NO access information is available in metadata",
                "INFO: Skipping standard terms test since NO access information is available in metadata",
                "INFO: Skipping machine readablility test since NO access information is available in metadata",
                "WARNING: Unable to determine the access level"
            ]
        },
        {
            "id": 15,
            "metric_identifier": "FsF-R1.2-01M",
            "metric_name": "Metadata includes provenance information about data creation or generation.",
            "metric_tests": {
                "FsF-R1.2-01M-1": {
                    "metric_test_name": "Metadata contains elements which hold provenance information and can be mapped to PROV",
                    "metric_test_requirements": [],
                    "metric_test_score": {
                        "earned": 1,
                        "total": 1
                    },
                    "metric_test_maturity": 2,
                    "metric_test_status": "pass"
                },
                "FsF-R1.2-01M-2": {
                    "metric_test_name": "Metadata contains provenance information using formal provenance ontologies (PROV-O)",
                    "metric_test_requirements": [],
                    "metric_test_score": {
                        "earned": 0,
                        "total": 1
                    },
                    "metric_test_maturity": 0,
                    "metric_test_status": "fail"
                }
            },
            "test_status": "pass",
            "score": {
                "earned": 1,
                "total": 2
            },
            "maturity": 2,
            "output": {
                "provenance_metadata_included": {
                    "is_available": true,
                    "provenance_metadata": [
                        {
                            "prov_o_mapping": "prov:wasAttributedTo",
                            "metadata_element": "publisher",
                            "metadata_value": "figshare"
                        },
                        {
                            "prov_o_mapping": "prov:generatedAtTime",
                            "metadata_element": "publication_date",
                            "metadata_value": "2021"
                        },
                        {
                            "prov_o_mapping": "prov:generatedAtTime",
                            "metadata_element": "modified_date",
                            "metadata_value": "2021-05-05"
                        },
                        {
                            "prov_o_mapping": "prov:wasAttributedTo",
                            "metadata_element": "creator",
                            "metadata_value": [
                                "Ruben Opdebeeck",
                                "Coen De Roover",
                                "Ahmed Zerouali",
                                "Zerouali, Ahmed",
                                "Opdebeeck, Ruben",
                                "De Roover, Coen"
                            ]
                        },
                        {
                            "prov_o_mapping": "prov:generatedAtTime",
                            "metadata_element": "created_date",
                            "metadata_value": "2021-05-05"
                        }
                    ]
                },
                "structured_provenance_available": {
                    "is_available": false,
                    "provenance_metadata": []
                }
            },
            "test_debug": [
                "INFO: Check if provenance information is available in descriptive metadata",
                "INFO: Check if provenance information is available in metadata about related resources",
                "WARNING: No provenance information found in metadata about related resources",
                "SUCCESS: Found data creation-related provenance information",
                "INFO: Check if provenance specific namespaces are listed in metadata",
                "WARNING: Formal provenance metadata is unavailable"
            ]
        },
        {
            "id": 16,
            "metric_identifier": "FsF-R1.3-01M",
            "metric_name": "Metadata follows a standard recommended by the target research community of the data.",
            "metric_tests": {
                "FsF-R1.3-01M-1": {
                    "metric_test_name": "Community specific metadata standard is detected using namespaces or schemas found in provided metadata or metadata services outputs",
                    "metric_test_requirements": [
                        {
                            "modality": "any except",
                            "required": {
                                "field_of_science": [
                                    "science",
                                    "generic"
                                ]
                            },
                            "tested_on": null,
                            "comment": "test performed on namespaces or schemas found in exposed metadata",
                            "target": "https:\/\/f-uji.net\/vocab\/metadata\/standards"
                        }
                    ],
                    "metric_test_score": {
                        "earned": 1,
                        "total": 1
                    },
                    "metric_test_maturity": 3,
                    "metric_test_status": "pass"
                },
                "FsF-R1.3-01M-2": {
                    "metric_test_name": "Community specific metadata standard is listed in the re3data record of the responsible repository",
                    "metric_test_requirements": [
                        {
                            "modality": "any except",
                            "required": {
                                "field_of_science": [
                                    "science",
                                    "generic"
                                ]
                            },
                            "tested_on": null,
                            "comment": "test is performed using information collected from re3data",
                            "target": "https:\/\/f-uji.net\/vocab\/metadata\/standards"
                        }
                    ],
                    "metric_test_score": {
                        "earned": 0,
                        "total": 1
                    },
                    "metric_test_maturity": 0,
                    "metric_test_status": "fail"
                },
                "FsF-R1.3-01M-3": {
                    "metric_test_name": "Multidisciplinary but community endorsed metadata (RDA Metadata Standards Catalog, fairsharing) standard is listed in the re3data record or detected by namespace",
                    "metric_test_requirements": [
                        {
                            "modality": "any",
                            "required": {
                                "field_of_science": [
                                    "science",
                                    "generic"
                                ],
                                "source": [
                                    "rd-alliance.org",
                                    "fairsharing.org"
                                ]
                            },
                            "tested_on": null,
                            "comment": null,
                            "target": "https:\/\/f-uji.net\/vocab\/metadata\/standards"
                        }
                    ],
                    "metric_test_score": {
                        "earned": 1,
                        "total": 1
                    },
                    "metric_test_maturity": 1,
                    "metric_test_status": "pass"
                }
            },
            "test_status": "pass",
            "score": {
                "earned": 1,
                "total": 1
            },
            "maturity": 3,
            "output": [
                {
                    "metadata_standard": "Dublin Core",
                    "url": "http:\/\/purl.org\/dc\/elements\/1.1\/",
                    "subject_areas": [
                        "sciences"
                    ],
                    "type": "generic",
                    "source": [
                        "https:\/\/rdamsc.bath.ac.uk\/msc\/m15",
                        "https:\/\/doi.org\/10.25504\/FAIRsharing.3nx7t",
                        "http:\/\/www.dcc.ac.uk\/resources\/metadata-standards\/dublin-core"
                    ]
                },
                {
                    "metadata_standard": "Schema.org",
                    "url": "http:\/\/schema.org\/",
                    "subject_areas": [
                        "sciences"
                    ],
                    "type": "generic",
                    "source": [
                        "https:\/\/doi.org\/10.25504\/FAIRsharing.hzdzq8",
                        "https:\/\/rdamsc.bath.ac.uk\/msc\/m101"
                    ]
                },
                {
                    "metadata_standard": "DataCite Metadata Schema",
                    "url": "http:\/\/www.dcc.ac.uk\/resources\/metadata-standards\/datacite-metadata-schema",
                    "subject_areas": [
                        "sciences"
                    ],
                    "type": "generic",
                    "source": [
                        "https:\/\/rdamsc.bath.ac.uk\/msc\/m11",
                        "https:\/\/doi.org\/10.25504\/FAIRsharing.me4qwe",
                        "http:\/\/www.dcc.ac.uk\/resources\/metadata-standards\/datacite-metadata-schema"
                    ]
                },
                {
                    "metadata_standard": "Dublin Core",
                    "url": "http:\/\/www.dcc.ac.uk\/resources\/metadata-standards\/dublin-core",
                    "subject_areas": [
                        "sciences"
                    ],
                    "type": "generic",
                    "source": [
                        "https:\/\/rdamsc.bath.ac.uk\/msc\/m15",
                        "https:\/\/doi.org\/10.25504\/FAIRsharing.3nx7t",
                        "http:\/\/www.dcc.ac.uk\/resources\/metadata-standards\/dublin-core"
                    ]
                },
                {
                    "metadata_standard": "Open Archive Initiative Dublin Core (OAI DC)",
                    "url": "http:\/\/www.openarchives.org\/OAI\/2.0\/oai_dc.xsd",
                    "subject_areas": [
                        "sciences"
                    ],
                    "type": "generic",
                    "source": [
                        "fuji:m44",
                        "https:\/\/doi.org\/10.25504\/FAIRsharing.0417cf"
                    ]
                },
                {
                    "metadata_standard": "CERIF (Common European Research Information Format)",
                    "url": "https:\/\/www.openaire.eu\/schema\/cris\/current\/openaire-cerif-profile.xsd",
                    "subject_areas": [
                        "sciences"
                    ],
                    "type": "generic",
                    "source": [
                        "https:\/\/rdamsc.bath.ac.uk\/msc\/m4",
                        "https:\/\/doi.org\/10.25504\/FAIRsharing.6945dq"
                    ]
                },
                {
                    "metadata_standard": "eBank UK Metadata Application Profile",
                    "url": "http:\/\/naca.central.cranfield.ac.uk\/ethos-oai\/2.0\/uketd_dc.xsd",
                    "subject_areas": [
                        "crystallography",
                        "natural sciences"
                    ],
                    "type": "disciplinary",
                    "source": [
                        "https:\/\/rdamsc.bath.ac.uk\/msc\/m57",
                        "https:\/\/doi.org\/10.25504\/FAIRsharing.ad4856"
                    ]
                }
            ],
            "test_debug": [
                "INFO: re3data\/datacite client id -: figshare.ars",
                "INFO: Found match re3data (DOI-based) record",
                "INFO: Found match re3data metadata record -: https:\/\/www.re3data.org\/api\/beta\/repository\/r3d100010066",
                "INFO: Domain name listed in re3data metadata record matches landing page domain-: figshare.com",
                "INFO: Namespaces included in the metadata -: ['http:\/\/ogp.me\/ns#', 'http:\/\/datacite.org\/schema\/', 'http:\/\/purl.org\/dc\/elements\/1.1\/', 'http:\/\/schema.org\/']",
                "INFO: Found disciplinary standard -: via ns : The Open Graph protocol metadata format - http:\/\/ogp.me\/ns#",
                "INFO: Found non-disciplinary standard (but RDA listed) -: via ns:  Dublin Core - http:\/\/purl.org\/dc\/elements\/1.1\/",
                "INFO: Found non-disciplinary standard (but RDA listed) -: via ns:  Schema.org - http:\/\/schema.org\/",
                "INFO: Retrieving API and Standards",
                "INFO: Trying to retrieve metadata info from re3data\/datacite services using client id -: figshare.ars",
                "INFO: Inferring metadata service endpoint (OAI, SPARQL) information and listed metadata formats through re3data\/datacite services",
                "INFO: Found metadata service endpoint (OAI, SPARQL) listed in re3data record -: ('https:\/\/api.figshare.com\/v2\/oai', None)",
                "INFO: Found non-disciplinary standard (but RDA listed) -: via re3data:  DataCite Metadata Schema - http:\/\/www.dcc.ac.uk\/resources\/metadata-standards\/datacite-metadata-schema",
                "INFO: Found non-disciplinary standard (but RDA listed) -: via re3data:  Dublin Core - http:\/\/www.dcc.ac.uk\/resources\/metadata-standards\/dublin-core",
                "INFO: Metadata standards listed in re3data record -: ['DataCite Metadata Schema', 'Dublin Core']",
                "INFO: Use OAI-PMH endpoint to retrieve standards used by the repository -: https:\/\/api.figshare.com\/v2\/oai",
                "INFO: Retrieving page -: https:\/\/api.figshare.com\/v2\/oai?verb=ListMetadataFormats as application\/xml, text\/xml;q=0.5",
                "INFO: Content negotiation on https:\/\/api.figshare.com\/v2\/oai?verb=ListMetadataFormats accept=application\/xml, text\/xml;q=0.5, status=200",
                "INFO: Creating Cached response content",
                "INFO: Found XML document!",
                "INFO: Found non-disciplinary standard (but RDA listed) -: via oai-pmh:  Open Archive Initiative Dublin Core (OAI DC) - http:\/\/www.openarchives.org\/OAI\/2.0\/oai_dc.xsd",
                "INFO: Found disciplinary standard -: via oai-pmh : eBank UK Metadata Application Profile - http:\/\/naca.central.cranfield.ac.uk\/ethos-oai\/2.0\/uketd_dc.xsd",
                "INFO: Found non-disciplinary standard (but RDA listed) -: via oai-pmh:  CERIF (Common European Research Information Format) - https:\/\/www.openaire.eu\/schema\/cris\/current\/openaire-cerif-profile.xsd",
                "INFO: Found disciplinary standard -: via oai-pmh : OAI-RDF Schema - http:\/\/www.openarchives.org\/OAI\/2.0\/rdf.xsd",
                "INFO: Found metadata standards that are listed in OAI-PMH endpoint -: ['eBank UK Metadata Application Profile']",
                "SUCCESS: Found non-disciplinary standards (but RDA listed) using namespaces or schemas found in re3data record or via provided metadata or metadata services outputs",
                "SUCCESS: Found disciplinary standard using namespaces or schemas found in provided metadata or metadata services outputs"
            ]
        },
        {
            "id": 17,
            "metric_identifier": "FsF-R1.3-02D",
            "metric_name": "Data is available in a file format recommended by the target research community.",
            "metric_tests": {
                "FsF-R1.3-02D-1": {
                    "metric_test_name": "The format of a data file given in the metadata is listed in the long term file formats, open file formats or scientific file formats controlled list",
                    "metric_test_requirements": [],
                    "metric_test_score": {
                        "earned": 0,
                        "total": 1
                    },
                    "metric_test_maturity": 0,
                    "metric_test_status": "fail"
                },
                "FsF-R1.3-02D-1a": {
                    "metric_test_name": "The format of the data file is an open format",
                    "metric_test_requirements": [],
                    "metric_test_score": {
                        "earned": 0,
                        "total": 0
                    },
                    "metric_test_maturity": 0,
                    "metric_test_status": "fail"
                },
                "FsF-R1.3-02D-1b": {
                    "metric_test_name": "The format of the data file is a long term format",
                    "metric_test_requirements": [],
                    "metric_test_score": {
                        "earned": 0,
                        "total": 0
                    },
                    "metric_test_maturity": 0,
                    "metric_test_status": "fail"
                },
                "FsF-R1.3-02D-1c": {
                    "metric_test_name": "The format of the data file is a scientific format",
                    "metric_test_requirements": [],
                    "metric_test_score": {
                        "earned": 0,
                        "total": 0
                    },
                    "metric_test_maturity": 0,
                    "metric_test_status": "fail"
                }
            },
            "test_status": "fail",
            "score": {
                "earned": 0,
                "total": 1
            },
            "maturity": 0,
            "output": [],
            "test_debug": [
                "WARNING: Could not perform file format checks as data content identifier(s) unavailable\/inaccesible"
            ]
        },
        {
            "id": 8,
            "metric_identifier": "FsF-A1-03D",
            "metric_name": "Data is accessible through a standardized communication protocol.",
            "metric_tests": {
                "FsF-A1-03D-1": {
                    "metric_test_name": "Metadata includes a resolvable link to data based on standardized web communication protocols.",
                    "metric_test_requirements": [],
                    "metric_test_score": {
                        "earned": 0,
                        "total": 1
                    },
                    "metric_test_maturity": 0,
                    "metric_test_status": "fail"
                }
            },
            "test_status": "fail",
            "score": {
                "earned": 0,
                "total": 1
            },
            "maturity": 0,
            "output": {
                "standard_data_protocol": []
            },
            "test_debug": [
                "WARNING: Skipping protocol test for data since NO content (data) identifier is given in metadata"
            ]
        },
        {
            "id": 7,
            "metric_identifier": "FsF-A1-02M",
            "metric_name": "Metadata is accessible through a standardized communication protocol.",
            "metric_tests": {
                "FsF-A1-02M-1": {
                    "metric_test_name": "Landing page link is based on standardized web communication protocols.",
                    "metric_test_requirements": [],
                    "metric_test_score": {
                        "earned": 1,
                        "total": 1
                    },
                    "metric_test_maturity": 3,
                    "metric_test_status": "pass"
                }
            },
            "test_status": "pass",
            "score": {
                "earned": 1,
                "total": 1
            },
            "maturity": 3,
            "output": {
                "standard_metadata_protocol": {
                    "https": {
                        "name": "Hyper Text Transfer Protocol Secure"
                    }
                }
            },
            "test_debug": [
                "SUCCESS: Standard protocol for access to metadata found -: https"
            ]
        }
    ]
}