{
    "test_id": "5d1d67077b458cfafb5f97488314ec47c278d3b6",
    "request": {
        "object_identifier": "https:\/\/gitlab.com\/learnERC\/DataLossRepository",
        "metadata_service_endpoint": "",
        "metadata_service_type": "oai_pmh",
        "test_debug": true,
        "use_datacite": true,
        "metric_version": "metrics_v0.5"
    },
    "resolved_url": "https:\/\/gitlab.com\/learnERC\/DataLossRepository",
    "start_timestamp": "2024-11-11T22:44:48Z",
    "end_timestamp": "2024-11-11T22:44:51Z",
    "metric_specification": "https:\/\/doi.org\/10.5281\/zenodo.6461229",
    "metric_version": "metrics_v0.5",
    "software_version": "3.2.0",
    "total_metrics": 16,
    "summary": {
        "score_earned": {
            "A": 1,
            "F": 2.5,
            "I": 2,
            "R": 3,
            "A1": 1,
            "F1": 1,
            "F2": 0.5,
            "F3": 0,
            "F4": 1,
            "I1": 1,
            "I2": 1,
            "I3": 0,
            "R1": 1,
            "R1.1": 0,
            "R1.2": 1,
            "R1.3": 1,
            "FAIR": 8.5
        },
        "score_total": {
            "A": 3,
            "F": 7,
            "I": 4,
            "R": 10,
            "A1": 3,
            "F1": 2,
            "F2": 2,
            "F3": 1,
            "F4": 2,
            "I1": 2,
            "I2": 1,
            "I3": 1,
            "R1": 4,
            "R1.1": 2,
            "R1.2": 2,
            "R1.3": 2,
            "FAIR": 24
        },
        "score_percent": {
            "A": 33.33,
            "F": 35.71,
            "I": 50,
            "R": 30,
            "A1": 33.33,
            "F1": 50,
            "F2": 25,
            "F3": 0,
            "F4": 50,
            "I1": 50,
            "I2": 100,
            "I3": 0,
            "R1": 25,
            "R1.1": 0,
            "R1.2": 50,
            "R1.3": 50,
            "FAIR": 35.42
        },
        "status_total": {
            "A1": 3,
            "F1": 2,
            "F2": 1,
            "F3": 1,
            "F4": 1,
            "I1": 1,
            "I2": 1,
            "I3": 1,
            "R1": 1,
            "R1.1": 1,
            "R1.2": 1,
            "R1.3": 2,
            "A": 3,
            "F": 5,
            "I": 3,
            "R": 5,
            "FAIR": 16
        },
        "status_passed": {
            "A1": 1,
            "F1": 1,
            "F2": 1,
            "F3": 0,
            "F4": 1,
            "I1": 0,
            "I2": 1,
            "I3": 0,
            "R1": 1,
            "R1.1": 0,
            "R1.2": 1,
            "R1.3": 1,
            "A": 1,
            "F": 3,
            "I": 1,
            "R": 3,
            "FAIR": 8
        },
        "maturity": {
            "A": 1,
            "F": 1,
            "I": 2,
            "R": 1,
            "A1": 1,
            "F1": 2,
            "F2": 1,
            "F3": 0,
            "F4": 3,
            "I1": 2,
            "I2": 3,
            "I3": 0,
            "R1": 1,
            "R1.1": 0,
            "R1.2": 2,
            "R1.3": 1,
            "FAIR": 1.25
        }
    },
    "results": [
        {
            "id": 1,
            "metric_identifier": "FsF-F1-01D",
            "metric_name": "Data is assigned a globally unique identifier.",
            "metric_tests": {
                "FsF-F1-01D-1": {
                    "metric_test_name": "Identifier is resolvable and follows a defined unique identifier syntax (IRI, URL)",
                    "metric_test_requirements": [
                        {
                            "modality": "any",
                            "required": null,
                            "tested_on": "https:\/\/f-uji.net\/vocab\/metadata\/property\/object_identifier",
                            "comment": "identifier can be given as user input",
                            "target": "https:\/\/f-uji.net\/vocab\/identifier"
                        }
                    ],
                    "metric_test_score": {
                        "earned": 1,
                        "total": 1
                    },
                    "metric_test_maturity": 3,
                    "metric_test_status": "pass"
                },
                "FsF-F1-01D-2": {
                    "metric_test_name": "Identifier is not resolvable but follows an UUID or HASH type syntax",
                    "metric_test_requirements": [
                        {
                            "modality": "any",
                            "required": {
                                "name": [
                                    "uuid",
                                    "hash"
                                ]
                            },
                            "tested_on": "https:\/\/f-uji.net\/vocab\/metadata\/property\/object_identifier",
                            "comment": "identifier can be given as user input",
                            "target": "https:\/\/f-uji.net\/vocab\/identifier\/unique"
                        }
                    ],
                    "metric_test_score": {
                        "earned": 0,
                        "total": 0.5
                    },
                    "metric_test_maturity": 0,
                    "metric_test_status": "fail"
                }
            },
            "test_status": "pass",
            "score": {
                "earned": 1,
                "total": 1
            },
            "maturity": 3,
            "output": {
                "guid": "https:\/\/gitlab.com\/learnERC\/DataLossRepository",
                "guid_scheme": "url"
            },
            "test_debug": [
                "INFO: Using idutils schemes to identify unique or persistent identifiers for metadata",
                "INFO: Starting assessment on identifier: https:\/\/gitlab.com\/learnERC\/DataLossRepository",
                "SUCCESS: Unique identifier schemes found ['url']",
                "INFO: Finalized unique identifier scheme - url"
            ]
        },
        {
            "id": 2,
            "metric_identifier": "FsF-F1-02D",
            "metric_name": "Data is assigned a persistent identifier.",
            "metric_tests": {
                "FsF-F1-02D-1": {
                    "metric_test_name": "Identifier follows a defined persistent identifier syntax",
                    "metric_test_requirements": [
                        {
                            "modality": "any",
                            "required": null,
                            "tested_on": "https:\/\/f-uji.net\/vocab\/metadata\/property\/object_identifier",
                            "comment": "identifier can be given as user input",
                            "target": "https:\/\/f-uji.net\/vocab\/identifier\/persistent"
                        }
                    ],
                    "metric_test_score": {
                        "earned": 0,
                        "total": 0.5
                    },
                    "metric_test_maturity": 0,
                    "metric_test_status": "fail"
                },
                "FsF-F1-02D-2": {
                    "metric_test_name": "Persistent identifier is resolvable",
                    "metric_test_requirements": [
                        {
                            "modality": null,
                            "required": null,
                            "tested_on": "https:\/\/f-uji.net\/vocab\/metadata\/property\/object_identifier",
                            "comment": "identifier has to resolve to a valid URI",
                            "target": "https:\/\/f-uji.net\/vocab\/identifier\/persistent"
                        }
                    ],
                    "metric_test_score": {
                        "earned": 0,
                        "total": 1
                    },
                    "metric_test_maturity": 0,
                    "metric_test_status": "fail"
                }
            },
            "test_status": "fail",
            "score": {
                "earned": 0,
                "total": 1
            },
            "maturity": 0,
            "output": {
                "persistent_identifiers": []
            },
            "test_debug": [
                "INFO: Retrieving page -: https:\/\/gitlab.com\/learnERC\/DataLossRepository as text\/html, *\/*",
                "INFO: PID schemes-based assessment supported by the assessment service - dict_keys(['ark', 'arxiv', 'bioproject', 'biosample', 'doi', 'ensembl', 'genome', 'gnd', 'handle', 'lsid', 'pmid', 'pmcid', 'purl', 'refseq', 'sra', 'uniprot', 'urn', 'identifiers.org', 'w3id'])",
                "SUCCESS: Persistence identifier scheme -: None"
            ]
        },
        {
            "id": 3,
            "metric_identifier": "FsF-F2-01M",
            "metric_name": "Metadata includes descriptive core elements (creator, title, data identifier, publisher, publication date, summary and keywords) to support data findability.",
            "metric_tests": {
                "FsF-F2-01M-1": {
                    "metric_test_name": "Metadata has been made available via common web methods",
                    "metric_test_requirements": [
                        {
                            "modality": "any",
                            "required": null,
                            "tested_on": null,
                            "comment": null,
                            "target": "https:\/\/f-uji.net\/vocab\/metadata\/offering_method"
                        }
                    ],
                    "metric_test_score": {
                        "earned": 0.5,
                        "total": 0.5
                    },
                    "metric_test_maturity": 1,
                    "metric_test_status": "pass"
                },
                "FsF-F2-01M-2": {
                    "metric_test_name": "Core data citation metadata is available",
                    "metric_test_requirements": [
                        {
                            "modality": "all",
                            "required": {
                                "name": [
                                    "creator",
                                    "title",
                                    "object_identifier",
                                    "publication_date",
                                    "publisher",
                                    "object_type"
                                ]
                            },
                            "tested_on": "https:\/\/f-uji.net\/vocab\/metadata\/property",
                            "comment": null,
                            "target": "https:\/\/f-uji.net\/vocab\/metadata\/property"
                        }
                    ],
                    "metric_test_score": {
                        "earned": 0,
                        "total": 0.5
                    },
                    "metric_test_maturity": 0,
                    "metric_test_status": "fail"
                },
                "FsF-F2-01M-3": {
                    "metric_test_name": "Core descriptive metadata is available",
                    "metric_test_requirements": [
                        {
                            "modality": "all",
                            "required": {
                                "name": [
                                    "creator",
                                    "title",
                                    "object_identifier",
                                    "publication_date",
                                    "publisher",
                                    "object_type",
                                    "summary",
                                    "keywords"
                                ]
                            },
                            "tested_on": "https:\/\/f-uji.net\/vocab\/metadata\/property",
                            "comment": null,
                            "target": "https:\/\/f-uji.net\/vocab\/metadata\/property"
                        }
                    ],
                    "metric_test_score": {
                        "earned": 0,
                        "total": 1
                    },
                    "metric_test_maturity": 0,
                    "metric_test_status": "fail"
                }
            },
            "test_status": "pass",
            "score": {
                "earned": 0.5,
                "total": 2
            },
            "maturity": 1,
            "output": {
                "core_metadata_status": "some metadata",
                "core_metadata_found": {
                    "object_type": [
                        "http:\/\/schema.org\/ListItem",
                        "http:\/\/schema.org\/SoftwareSourceCode",
                        "Other",
                        "object"
                    ],
                    "summary": "GitLab.com",
                    "title": "DataLossRepository",
                    "object_identifier": "https:\/\/gitlab.com\/learnERC\/DataLossRepository",
                    "publisher": "GitLab"
                },
                "core_metadata_source": [
                    [
                        "MICRODATA_EMBEDDED",
                        "microdata_rdfa"
                    ],
                    [
                        "DUBLINCORE_EMBEDDED",
                        "html_embedding"
                    ],
                    [
                        "OPENGRAPH_EMBEDDED",
                        "html_embedding"
                    ],
                    [
                        "RDFA_EMBEDDED",
                        "microdata_rdfa"
                    ],
                    [
                        "SCHEMAORG_EMBEDDED",
                        "html_embedding"
                    ]
                ]
            },
            "test_debug": [
                "INFO: Trying to resolve input URL -: https:\/\/gitlab.com\/learnERC\/DataLossRepository",
                "INFO: Content negotiation on https:\/\/gitlab.com\/learnERC\/DataLossRepository accept=text\/html, *\/*, status=200",
                "INFO: Creating Cached response content",
                "INFO: Found HTML page!",
                "INFO: Starting to analyse EMBEDDED metadata at -: https:\/\/gitlab.com\/learnERC\/DataLossRepository",
                "INFO: Trying to identify EMBEDDED  Microdata, OpenGraph or Schema.org -: https:\/\/gitlab.com\/learnERC\/DataLossRepository",
                "INFO: Trying to retrieve schema.org JSON-LD metadata from html page",
                "INFO: Try to parse RDF (JSON-LD) from -: landing page",
                "INFO: Try to parse JSON-LD using JMESPath retrieved as dict from -: landing page",
                "INFO: Trying to extract schema.org JSON-LD metadata from -: SCHEMAORG_EMBEDDED",
                "INFO: Found schema.org JSON-LD but will not use it since it seems not to be a CreativeWork like research data object -:['BreadcrumbList']",
                "INFO: Could not identify schema.org JSON-LD metadata using JMESPath, continuing with RDF graph processing",
                "INFO: Try to parse JSON-LD using RDFLib retrieved as string from -: landing page",
                "INFO: Found RDF Graph which was sucessfully parsed",
                "INFO: Trying to identify namespaces in RDF Graph",
                "INFO: RDF Graph seems to contain schema.org metadata elements",
                "INFO: Could not find DCAT, schema.org or SKOS\/OWL metadata, continuing with generic SPARQL",
                "INFO: Trying to query generic SPARQL on RDF, found triples: -:11",
                "INFO: Ignoring SPARQLed metadata: seems to be non CreativeWork schema.org type: http:\/\/schema.org\/ListItem",
                "INFO: Found some core metadata elements through generic SPARQL query on RDF -: dict_keys(['object_type'])",
                "SUCCESS: Found schema.org JSON-LD metadata in html page -: dict_keys(['object_type'])",
                "INFO: Trying to retrieve Dublin Core metadata from html page",
                "SUCCESS: Found DublinCore metadata -: dict_keys(['summary'])",
                "INFO: Trying to retrieve Microdata metadata from html page",
                "INFO: Trying to extract Microdata metadata from -: MetadataSources.MICRODATA_EMBEDDED",
                "SUCCESS: Found microdata metadata -: dict_keys(['object_type', 'title'])",
                "INFO: Trying to retrieve RDFa metadata from html page",
                "INFO: Found RDF Graph which was sucessfully parsed",
                "INFO: Trying to identify namespaces in RDF Graph",
                "INFO: Could not find DCAT, schema.org or SKOS\/OWL metadata, continuing with generic SPARQL",
                "INFO: Trying to query generic SPARQL on RDF, found triples: -:14",
                "INFO: Found RDFa like triples but at least some of them seem to be XHTML or OpenGraph properties which are excluded",
                "INFO: Could not find core metadata elements through generic SPARQL query on RDF but found 4 triples in the given graph",
                "SUCCESS: Found RDFa metadata -: dict_keys(['object_type'])",
                "INFO: Trying to retrieve Highwire and eprints metadata from html page",
                "INFO: Highwire or eprints metadata UNAVAILABLE",
                "INFO: Trying to retrieve OpenGraph metadata from html page",
                "INFO: Found OpenGraph metadata-: dict_keys(['title', 'object_identifier', 'summary', 'object_type', 'publisher'])",
                "SUCCESS: Found OpenGraph metadata -: dict_keys(['title', 'object_identifier', 'summary', 'object_type', 'publisher'])",
                "INFO: Trying to identify Typed Links to data items in html page",
                "INFO: Starting to identify EXTERNAL metadata through content negotiation or typed (signposting) links",
                "INFO: Trying to retrieve XML metadata through content negotiation from URL -: https:\/\/gitlab.com\/learnERC\/DataLossRepository",
                "INFO: Retrieving page -: https:\/\/gitlab.com\/learnERC\/DataLossRepository as application\/xml, text\/xml;q=0.5",
                "WARNING: Request failed, status code -: https:\/\/gitlab.com\/learnERC\/DataLossRepository, application\/xml, text\/xml;q=0.5 - 404",
                "WARNING: No response received from -: https:\/\/gitlab.com\/learnERC\/DataLossRepository, application\/xml, text\/xml;q=0.5",
                "INFO: Could not identify metadata properties in XML",
                "INFO: Trying to retrieve schema.org JSON-LD metadata through content negotiation from URL -: https:\/\/gitlab.com\/learnERC\/DataLossRepository",
                "INFO: Retrieving page -: https:\/\/gitlab.com\/learnERC\/DataLossRepository as application\/ld+json",
                "WARNING: Request failed, status code -: https:\/\/gitlab.com\/learnERC\/DataLossRepository, application\/ld+json - 404",
                "WARNING: No response received from -: https:\/\/gitlab.com\/learnERC\/DataLossRepository, application\/ld+json",
                "INFO: Schema.org metadata through content negotiation UNAVAILABLE",
                "INFO: Trying to retrieve RDF metadata through content negotiation from URL -: https:\/\/gitlab.com\/learnERC\/DataLossRepository",
                "INFO: Retrieving page -: https:\/\/gitlab.com\/learnERC\/DataLossRepository as text\/turtle, application\/turtle, application\/x-turtle;q=0.8, application\/rdf+xml, text\/n3;q=0.9, text\/rdf+n3;q=0.9,application\/ld+json",
                "WARNING: Request failed, status code -: https:\/\/gitlab.com\/learnERC\/DataLossRepository, text\/turtle, application\/turtle, application\/x-turtle;q=0.8, application\/rdf+xml, text\/n3;q=0.9, text\/rdf+n3;q=0.9,application\/ld+json - 404",
                "WARNING: No response received from -: https:\/\/gitlab.com\/learnERC\/DataLossRepository, text\/turtle, application\/turtle, application\/x-turtle;q=0.8, application\/rdf+xml, text\/n3;q=0.9, text\/rdf+n3;q=0.9,application\/ld+json",
                "INFO: Linked Data metadata UNAVAILABLE",
                "INFO: Trying to retrieve datacite metadata",
                "INFO: Retrieving page -: https:\/\/gitlab.com\/learnERC\/DataLossRepository as application\/vnd.datacite.datacite+json",
                "WARNING: Request failed, status code -: https:\/\/gitlab.com\/learnERC\/DataLossRepository, application\/vnd.datacite.datacite+json - 404",
                "WARNING: No response received from -: https:\/\/gitlab.com\/learnERC\/DataLossRepository, application\/vnd.datacite.datacite+json",
                "INFO: Datacite metadata UNAVAILABLE",
                "INFO: Found e.g. Typed Links in HTML Header linking to XML Metadata -: (application\/atom+xml https:\/\/gitlab.com\/learnERC\/DataLossRepository.atom)",
                "INFO: Retrieving page -: https:\/\/gitlab.com\/learnERC\/DataLossRepository.atom as application\/atom+xml,application\/xml, text\/xml;q=0.5",
                "INFO: Content negotiation on https:\/\/gitlab.com\/learnERC\/DataLossRepository.atom accept=application\/atom+xml,application\/xml, text\/xml;q=0.5, status=200",
                "INFO: Creating Cached response content",
                "INFO: Found XML document!",
                "INFO: Trying to extract\/parse XML metadata from URL -: https:\/\/gitlab.com\/learnERC\/DataLossRepository.atom",
                "INFO: Found some XML properties, trying to identify (domain) specific format to parse",
                "INFO: Could not identify (domain) specific XML format to parse",
                "INFO: Could not identify metadata properties in XML",
                "INFO: Type of object described by the metadata -: ['http:\/\/schema.org\/ListItem', 'http:\/\/schema.org\/SoftwareSourceCode', 'Other', 'object']",
                "INFO: Testing if any metadata has been made available via common web standards",
                "INFO: Found some descriptive metadata elements -: dict_keys(['object_type', 'summary', 'title', 'object_identifier', 'publisher'])",
                "WARNING: Not all required citation metadata elements exist, missing -: ['creator', 'publication_date']",
                "INFO: Will exclusively consider community specific metadata properties which are specified in metrics -: {'name': ['creator', 'title', 'object_identifier', 'publication_date', 'publisher', 'object_type', 'summary', 'keywords']}",
                "WARNING: Not all required core descriptive metadata elements exist, missing -: ['keywords', 'creator', 'publication_date']"
            ]
        },
        {
            "id": 4,
            "metric_identifier": "FsF-F3-01M",
            "metric_name": "Metadata includes the identifier of the data it describes.",
            "metric_tests": {
                "FsF-F3-01M-1": {
                    "metric_test_name": "Metadata contains data content related information (file name, size, type)",
                    "metric_test_requirements": [
                        {
                            "modality": "all",
                            "required": [
                                "type",
                                "size"
                            ],
                            "tested_on": "https:\/\/f-uji.net\/vocab\/metadata\/property\/object_content_identifier",
                            "comment": null,
                            "target": "https:\/\/f-uji.net\/vocab\/data\/property"
                        }
                    ],
                    "metric_test_score": {
                        "earned": 0,
                        "total": 0.5
                    },
                    "metric_test_maturity": 0,
                    "metric_test_status": "fail"
                },
                "FsF-F3-01M-2": {
                    "metric_test_name": "Metadata contains a PID or URL which indicates the location of the downloadable data content",
                    "metric_test_requirements": [
                        {
                            "modality": "any",
                            "required": null,
                            "tested_on": "https:\/\/f-uji.net\/vocab\/metadata\/property\/object_content_identifier",
                            "comment": null,
                            "target": "https:\/\/f-uji.net\/vocab\/data\/property\/url"
                        }
                    ],
                    "metric_test_score": {
                        "earned": 0,
                        "total": 0.5
                    },
                    "metric_test_maturity": 0,
                    "metric_test_status": "fail"
                }
            },
            "test_status": "fail",
            "score": {
                "earned": 0,
                "total": 1
            },
            "maturity": 0,
            "output": {
                "object_identifier_included": null,
                "object_content_identifier_included": []
            },
            "test_debug": [
                "INFO: No debug messages received"
            ]
        },
        {
            "id": 5,
            "metric_identifier": "FsF-F4-01M",
            "metric_name": "Metadata is offered in such a way that it can be retrieved programmatically.",
            "metric_tests": {
                "FsF-F4-01M-1": {
                    "metric_test_name": "Metadata is given in a way major search engines can ingest it for their catalogues (JSON-LD, Dublin Core, RDFa)",
                    "metric_test_requirements": [
                        {
                            "modality": "any",
                            "required": {
                                "name": [
                                    "dublin-core",
                                    "schemaorg",
                                    "dcat-data-catalog-vocabulary"
                                ]
                            },
                            "tested_on": null,
                            "comment": null,
                            "target": "http:\/\/f-uji.net\/vocab\/metadata\/standard"
                        },
                        {
                            "modality": "any",
                            "required": {
                                "name": [
                                    "html_embedding",
                                    "microdata_rdfa"
                                ]
                            },
                            "tested_on": null,
                            "comment": null,
                            "target": "http:\/\/f-uji.net\/vocab\/metadata\/offering_method"
                        }
                    ],
                    "metric_test_score": {
                        "earned": 1,
                        "total": 1
                    },
                    "metric_test_maturity": 3,
                    "metric_test_status": "pass"
                },
                "FsF-F4-01M-2": {
                    "metric_test_name": "Metadata is registered in major research data registries (DataCite)",
                    "metric_test_requirements": [],
                    "metric_test_score": {
                        "earned": 0,
                        "total": 1
                    },
                    "metric_test_maturity": 0,
                    "metric_test_status": "fail"
                }
            },
            "test_status": "pass",
            "score": {
                "earned": 1,
                "total": 2
            },
            "maturity": 3,
            "output": {
                "search_mechanisms": [
                    {
                        "mechanism": "structured data",
                        "mechanism_info": [
                            "schemaorg via: html_embedding",
                            "dublin-core via: html_embedding",
                            "schemaorg via: microdata_rdfa"
                        ]
                    }
                ]
            },
            "test_debug": [
                "INFO: Will exclusively consider community specific metadata standards for FsF-F4-01M-1 which are specified in metrics -: ['dublin-core', 'schemaorg', 'dcat-data-catalog-vocabulary']",
                "INFO: Will exclusively consider community specific metadata offering methods for FsF-F4-01M-1 which are specified in metrics -: ['html_embedding', 'microdata_rdfa']",
                "SUCCESS: Metadata is offered in a way major search engines can ingest it -: ['schemaorg via: html_embedding', 'dublin-core via: html_embedding', 'schemaorg via: microdata_rdfa']",
                "WARNING: Google Search Cache DB does not exist, see F-UJI installation instructions",
                "INFO: Identifier not listed in Google Dataset Search cache -:['https:\/\/gitlab.com\/learnERC\/DataLossRepository']",
                "INFO: Querying Mendeley Data API for -:https:\/\/gitlab.com\/learnERC\/DataLossRepository",
                "WARNING: Metadata is NOT found through registries considered by the assessment service  -: ['DATACITE', 'MENDELEY_DATA', 'GOOGLE_DATASET']"
            ]
        },
        {
            "id": 10,
            "metric_identifier": "FsF-I1-01M",
            "metric_name": "Metadata is represented using a formal knowledge representation language.",
            "metric_tests": {
                "FsF-I1-01M-1": {
                    "metric_test_name": "Parsable, structured metadata (JSON-LD, RDFa) is embedded in the landing page XHTML\/HTML code",
                    "metric_test_requirements": [
                        {
                            "modality": "any",
                            "required": {
                                "name": [
                                    "RDF",
                                    "JSON-LD",
                                    "RDFa"
                                ]
                            },
                            "tested_on": null,
                            "comment": null,
                            "target": "http:\/\/f-uji.net\/vocab\/metadata\/format"
                        },
                        {
                            "modality": "any",
                            "required": {
                                "name": [
                                    "html_embedding",
                                    "microdata_rdfa"
                                ]
                            },
                            "tested_on": null,
                            "comment": null,
                            "target": "http:\/\/f-uji.net\/vocab\/metadata\/offering_method"
                        }
                    ],
                    "metric_test_score": {
                        "earned": 1,
                        "total": 1
                    },
                    "metric_test_maturity": 2,
                    "metric_test_status": "pass"
                },
                "FsF-I1-01M-2": {
                    "metric_test_name": "Parsable, graph data (RDF, JSON-LD) is accessible through content negotiation, typed links or sparql endpoint",
                    "metric_test_requirements": [
                        {
                            "modality": "any",
                            "required": {
                                "name": [
                                    "RDF",
                                    "JSON-LD",
                                    "RDFa"
                                ]
                            },
                            "tested_on": null,
                            "comment": null,
                            "target": "http:\/\/f-uji.net\/vocab\/metadata\/format"
                        },
                        {
                            "modality": "any",
                            "required": {
                                "name": [
                                    "content_negotiation"
                                ]
                            },
                            "tested_on": null,
                            "comment": null,
                            "target": "http:\/\/f-uji.net\/vocab\/metadata\/offering_method"
                        },
                        {
                            "modality": "any",
                            "required": {
                                "name": [
                                    "sparql"
                                ]
                            },
                            "tested_on": null,
                            "comment": null,
                            "target": "http:\/\/f-uji.net\/vocab\/metadata\/exchange_service"
                        }
                    ],
                    "metric_test_score": {
                        "earned": 0,
                        "total": 1
                    },
                    "metric_test_maturity": 0,
                    "metric_test_status": "fail"
                }
            },
            "test_status": "fail",
            "score": {
                "earned": 1,
                "total": 2
            },
            "maturity": 2,
            "output": [
                {
                    "serialization_format": "JSON-LD",
                    "source": "structured_data",
                    "is_metadata_found": true
                },
                {
                    "serialization_format": "RDFa",
                    "source": "structured_data",
                    "is_metadata_found": true
                }
            ],
            "test_debug": [
                "INFO: Check of structured data (RDF serialization) embedded in the data page",
                "INFO: JSON-LD (schema.org) serialization found in the data page - JSON-LD",
                "INFO: RDFa serialization found in the data page - RDFa",
                "SUCCESS: Found structured data (RDF serialization) in the data page",
                "INFO: Check if RDF-based typed link included",
                "INFO: NO RDF-based typed link found",
                "INFO: Check if RDF metadata available through content negotiation",
                "INFO: NO RDF metadata available through content negotiation",
                "WARNING: NO SPARQL endpoint found through re3data based on the object URI provided"
            ]
        },
        {
            "id": 11,
            "metric_identifier": "FsF-I2-01M",
            "metric_name": "Metadata uses semantic resources",
            "metric_tests": {
                "FsF-I2-01M-1": {
                    "metric_test_name": "Vocabulary namespace URIs can be identified in metadata",
                    "metric_test_requirements": [
                        {
                            "modality": null,
                            "required": null,
                            "tested_on": null,
                            "comment": "The sheer existence of namespaces declared in XML or RDF files is checked here. This test is not scored",
                            "target": null
                        }
                    ],
                    "metric_test_score": {
                        "earned": 0,
                        "total": 0
                    },
                    "metric_test_maturity": 1,
                    "metric_test_status": "pass"
                },
                "FsF-I2-01M-2": {
                    "metric_test_name": "Namespaces of known semantic resources can be identified in metadata",
                    "metric_test_requirements": [
                        {
                            "modality": "any",
                            "required": null,
                            "tested_on": null,
                            "comment": null,
                            "target": "http:\/\/f-uji.net\/vocab\/semantic_resource"
                        }
                    ],
                    "metric_test_score": {
                        "earned": 1,
                        "total": 1
                    },
                    "metric_test_maturity": 3,
                    "metric_test_status": "pass"
                }
            },
            "test_status": "pass",
            "score": {
                "earned": 1,
                "total": 1
            },
            "maturity": 3,
            "output": [
                {
                    "namespace": "https:\/\/gitlab.com\/learnERC",
                    "is_namespace_active": true
                },
                {
                    "namespace": "https:\/\/gitlab.com\/assets",
                    "is_namespace_active": true
                },
                {
                    "namespace": "https:\/\/gitlab.com",
                    "is_namespace_active": true
                }
            ],
            "test_debug": [
                "INFO: Removing default namespaces from 17 vocabulary namespaces found in structured metadata",
                "INFO: Default vocabulary namespace(s) excluded -: ['http:\/\/www.w3.org\/1999\/xhtml\/vocab', 'http:\/\/www.w3.org\/1999\/02\/22-rdf-syntax-ns', 'http:\/\/schema.org', 'http:\/\/www.w3.org\/XML\/1998\/namespace', 'http:\/\/ogp.me\/ns#image:', 'http:\/\/ogp.me\/ns', 'http:\/\/www.w3.org\/1999\/xhtml\/vocab', 'http:\/\/schema.org', 'http:\/\/purl.org\/dc\/elements\/1.1']",
                "INFO: Removing default namespaces from 2 vocabulary namespaces extracted from links found in metadata",
                "INFO: Default vocabulary namespace(s) excluded -: ['http:\/\/schema.org']",
                "INFO: Check if known namespace(s) are used in structured metadata (RDF, XML) which exist(s) in a LOD registry -: ['https:\/\/gitlab.com\/learnERC', 'https:\/\/gitlab.com\/assets', 'https:\/\/dev.twitter.com\/cards', 'http:\/\/www.w3.org\/2005\/Atom', 'http:\/\/www.w3.org\/1999\/xhtml', 'http:\/\/search.yahoo.com\/mrss', 'http:\/\/a9.com\/-\/spec\/opensearch\/1.1', 'https:\/\/gitlab.com']",
                "INFO: Check if known namespace(s) are used in linked property URIs which exist(s) in a LOD registry -: ['https:\/\/gitlab.com']",
                "SUCCESS: Namespace matches found -: ['https:\/\/gitlab.com\/learnERC', 'https:\/\/gitlab.com\/assets', 'https:\/\/gitlab.com']",
                "WARNING: Vocabulary namespace(s) or URIs specified but no match is found in LOD reference list (examples) -: ['https:\/\/dev.twitter.com\/cards', 'http:\/\/www.w3.org\/2005\/Atom', 'http:\/\/www.w3.org\/1999\/xhtml', 'http:\/\/search.yahoo.com\/mrss', 'http:\/\/a9.com\/-\/spec\/opensearch\/1.1']"
            ]
        },
        {
            "id": 12,
            "metric_identifier": "FsF-I3-01M",
            "metric_name": "Metadata includes links between the data and its related entities.",
            "metric_tests": {
                "FsF-I3-01M-1": {
                    "metric_test_name": "Related resources are explicitly mentioned in metadata",
                    "metric_test_requirements": [
                        {
                            "modality": "any",
                            "required": null,
                            "tested_on": "http:\/\/f-uji.net\/vocab\/metadata\/property\/related_resources",
                            "comment": "The presence of a (typed, default = related) related resource is checked, can be a string or URI",
                            "target": "http:\/\/f-uji.net\/vocab\/relation_type"
                        }
                    ],
                    "metric_test_score": {
                        "earned": 0,
                        "total": 1
                    },
                    "metric_test_maturity": 0,
                    "metric_test_status": "fail"
                },
                "FsF-I3-01M-2": {
                    "metric_test_name": "Related resources are indicated by machine readable links or identifiers",
                    "metric_test_requirements": [
                        {
                            "modality": null,
                            "required": null,
                            "tested_on": null,
                            "comment": "same as above but relations have to be machine readable\/actionable",
                            "target": null
                        }
                    ],
                    "metric_test_score": {
                        "earned": 0,
                        "total": 1
                    },
                    "metric_test_maturity": 0,
                    "metric_test_status": "fail"
                }
            },
            "test_status": "fail",
            "score": {
                "earned": 0,
                "total": 1
            },
            "maturity": 0,
            "output": [],
            "test_debug": [
                "INFO: No related resource(s) found in DublinCore metadata",
                "WARNING: Could not identify related resources in metadata"
            ]
        },
        {
            "id": 13,
            "metric_identifier": "FsF-R1-01MD",
            "metric_name": "Metadata specifies the content of the data.",
            "metric_tests": {
                "FsF-R1-01MD-1": {
                    "metric_test_name": "Minimal information about available data content is given in metadata",
                    "metric_test_requirements": [],
                    "metric_test_score": {
                        "earned": 1,
                        "total": 1
                    },
                    "metric_test_maturity": 1,
                    "metric_test_status": "pass"
                },
                "FsF-R1-01MD-1a": {
                    "metric_test_name": "Resource type (e.g. dataset) is given in metadata",
                    "metric_test_requirements": [],
                    "metric_test_score": {
                        "earned": 0,
                        "total": 0
                    },
                    "metric_test_maturity": null,
                    "metric_test_status": "pass"
                },
                "FsF-R1-01MD-1b": {
                    "metric_test_name": "Information about data content (e.g. links) is given in metadata",
                    "metric_test_requirements": [],
                    "metric_test_score": {
                        "earned": 0,
                        "total": 0
                    },
                    "metric_test_maturity": 0,
                    "metric_test_status": "fail"
                },
                "FsF-R1-01MD-2": {
                    "metric_test_name": "Verifiable data descriptors (file info, measured variables or observation types) are specified in metadata",
                    "metric_test_requirements": [],
                    "metric_test_score": {
                        "earned": 0,
                        "total": 1
                    },
                    "metric_test_maturity": 0,
                    "metric_test_status": "fail"
                },
                "FsF-R1-01MD-2a": {
                    "metric_test_name": "File size and type information are specified in metadata",
                    "metric_test_requirements": [],
                    "metric_test_score": {
                        "earned": 0,
                        "total": 0
                    },
                    "metric_test_maturity": 0,
                    "metric_test_status": "fail"
                },
                "FsF-R1-01MD-2b": {
                    "metric_test_name": "Measured variables or observation types are specified in metadata",
                    "metric_test_requirements": [],
                    "metric_test_score": {
                        "earned": 0,
                        "total": 0
                    },
                    "metric_test_maturity": 0,
                    "metric_test_status": "fail"
                },
                "FsF-R1-01MD-3": {
                    "metric_test_name": "Data content matches file type and size specified in metadata",
                    "metric_test_requirements": [],
                    "metric_test_score": {
                        "earned": 0,
                        "total": 1
                    },
                    "metric_test_maturity": 0,
                    "metric_test_status": "fail"
                },
                "FsF-R1-01MD-4": {
                    "metric_test_name": "Data content matches measured variables or observation types specified in metadata",
                    "metric_test_requirements": [],
                    "metric_test_score": {
                        "earned": 0,
                        "total": 1
                    },
                    "metric_test_maturity": 0,
                    "metric_test_status": "fail"
                }
            },
            "test_status": "pass",
            "score": {
                "earned": 1,
                "total": 4
            },
            "maturity": 1,
            "output": {
                "object_type": "object",
                "data_content_descriptor": []
            },
            "test_debug": [
                "INFO: Object landing page accessible status -: None",
                "SUCCESS: Valid resource type (e.g. subtype of schema.org\/CreativeWork, DCMI Type  or DataCite resourceType) specified -: listitem",
                "SUCCESS: Valid resource type (e.g. subtype of schema.org\/CreativeWork, DCMI Type  or DataCite resourceType) specified -: softwaresourcecode",
                "WARNING: Invalid resource type (e.g. subtype of schema.org\/CreativeWork, DCMI Type  or DataCite resourceType) specified -: other",
                "SUCCESS: Valid resource type (e.g. subtype of schema.org\/CreativeWork, DCMI Type  or DataCite resourceType) specified -: object",
                "WARNING: NO data object content available\/accessible to perform file descriptors (type and size) tests"
            ]
        },
        {
            "id": 14,
            "metric_identifier": "FsF-R1.1-01M",
            "metric_name": "Metadata includes license information under which data can be reused.",
            "metric_tests": {
                "FsF-R1.1-01M-1": {
                    "metric_test_name": "Licence information is given in an appropriate metadata element",
                    "metric_test_requirements": [],
                    "metric_test_score": {
                        "earned": 0,
                        "total": 1
                    },
                    "metric_test_maturity": 0,
                    "metric_test_status": "fail"
                },
                "FsF-R1.1-01M-2": {
                    "metric_test_name": "Recognized licence is valid (community specific or registered at SPDX)",
                    "metric_test_requirements": [],
                    "metric_test_score": {
                        "earned": 0,
                        "total": 1
                    },
                    "metric_test_maturity": 0,
                    "metric_test_status": "fail"
                }
            },
            "test_status": "fail",
            "score": {
                "earned": 0,
                "total": 2
            },
            "maturity": 0,
            "output": [],
            "test_debug": [
                "WARNING: License information unavailable in metadata",
                "INFO: Will consider all SPDX licenses as community specific licenses for FsF-R1.1-01M",
                "WARNING: Skipping SPDX and community license verification since license information unavailable in metadata"
            ]
        },
        {
            "id": 6,
            "metric_identifier": "FsF-A1-01M",
            "metric_name": "Metadata contains access level and access conditions of the data.",
            "metric_tests": {
                "FsF-A1-01M-1": {
                    "metric_test_name": "Information about access restrictions or rights can be identified in metadata",
                    "metric_test_requirements": [
                        {
                            "modality": "any",
                            "required": null,
                            "tested_on": null,
                            "comment": null,
                            "target": "http:\/\/f-uji.net\/vocab\/metadata\/property\/access_level"
                        }
                    ],
                    "metric_test_score": {
                        "earned": 0,
                        "total": 0.5
                    },
                    "metric_test_maturity": 0,
                    "metric_test_status": "fail"
                },
                "FsF-A1-01M-3": {
                    "metric_test_name": "Data access information is indicated by (not machine readable) standard terms",
                    "metric_test_requirements": [
                        {
                            "modality": "any",
                            "required": null,
                            "tested_on": "http:\/\/f-uji.net\/vocab\/metadata\/property\/access_level",
                            "comment": "label and id",
                            "target": "http:\/\/f-uji.net\/vocab\/access_condition"
                        }
                    ],
                    "metric_test_score": {
                        "earned": 0,
                        "total": 1
                    },
                    "metric_test_maturity": 0,
                    "metric_test_status": "fail"
                },
                "FsF-A1-01M-2": {
                    "metric_test_name": "Data access information is machine readable",
                    "metric_test_requirements": [
                        {
                            "modality": "any",
                            "required": null,
                            "tested_on": "http:\/\/f-uji.net\/vocab\/metadata\/property\/access_level",
                            "comment": "identifier (namespace)",
                            "target": "http:\/\/f-uji.net\/vocab\/access_condition"
                        }
                    ],
                    "metric_test_score": {
                        "earned": 0,
                        "total": 1
                    },
                    "metric_test_maturity": 0,
                    "metric_test_status": "fail"
                }
            },
            "test_status": "fail",
            "score": {
                "earned": 0,
                "total": 1
            },
            "maturity": 0,
            "output": {
                "access_level": null,
                "access_details": []
            },
            "test_debug": [
                "WARNING: NO access information is available in metadata",
                "INFO: Skipping standard terms test since NO access information is available in metadata",
                "INFO: Skipping standard terms test since NO access information is available in metadata",
                "INFO: Skipping machine readablility test since NO access information is available in metadata",
                "WARNING: Unable to determine the access level"
            ]
        },
        {
            "id": 15,
            "metric_identifier": "FsF-R1.2-01M",
            "metric_name": "Metadata includes provenance information about data creation or generation.",
            "metric_tests": {
                "FsF-R1.2-01M-1": {
                    "metric_test_name": "Metadata contains elements which hold provenance information and can be mapped to PROV",
                    "metric_test_requirements": [],
                    "metric_test_score": {
                        "earned": 1,
                        "total": 1
                    },
                    "metric_test_maturity": 2,
                    "metric_test_status": "pass"
                },
                "FsF-R1.2-01M-2": {
                    "metric_test_name": "Metadata contains provenance information using formal provenance ontologies (PROV-O)",
                    "metric_test_requirements": [],
                    "metric_test_score": {
                        "earned": 0,
                        "total": 1
                    },
                    "metric_test_maturity": 0,
                    "metric_test_status": "fail"
                }
            },
            "test_status": "pass",
            "score": {
                "earned": 1,
                "total": 2
            },
            "maturity": 2,
            "output": {
                "provenance_metadata_included": {
                    "is_available": true,
                    "provenance_metadata": [
                        {
                            "prov_o_mapping": "prov:wasAttributedTo",
                            "metadata_element": "publisher",
                            "metadata_value": "GitLab"
                        }
                    ]
                },
                "structured_provenance_available": {
                    "is_available": false,
                    "provenance_metadata": []
                }
            },
            "test_debug": [
                "INFO: Check if provenance information is available in descriptive metadata",
                "INFO: Check if provenance information is available in metadata about related resources",
                "WARNING: No provenance information found in metadata about related resources",
                "SUCCESS: Found data creation-related provenance information",
                "INFO: Check if provenance specific namespaces are listed in metadata",
                "WARNING: Formal provenance metadata is unavailable"
            ]
        },
        {
            "id": 16,
            "metric_identifier": "FsF-R1.3-01M",
            "metric_name": "Metadata follows a standard recommended by the target research community of the data.",
            "metric_tests": {
                "FsF-R1.3-01M-1": {
                    "metric_test_name": "Community specific metadata standard is detected using namespaces or schemas found in provided metadata or metadata services outputs",
                    "metric_test_requirements": [
                        {
                            "modality": "any except",
                            "required": {
                                "field_of_science": [
                                    "science",
                                    "generic"
                                ]
                            },
                            "tested_on": null,
                            "comment": "test performed on namespaces or schemas found in exposed metadata",
                            "target": "https:\/\/f-uji.net\/vocab\/metadata\/standards"
                        }
                    ],
                    "metric_test_score": {
                        "earned": 0,
                        "total": 1
                    },
                    "metric_test_maturity": 0,
                    "metric_test_status": "fail"
                },
                "FsF-R1.3-01M-2": {
                    "metric_test_name": "Community specific metadata standard is listed in the re3data record of the responsible repository",
                    "metric_test_requirements": [
                        {
                            "modality": "any except",
                            "required": {
                                "field_of_science": [
                                    "science",
                                    "generic"
                                ]
                            },
                            "tested_on": null,
                            "comment": "test is performed using information collected from re3data",
                            "target": "https:\/\/f-uji.net\/vocab\/metadata\/standards"
                        }
                    ],
                    "metric_test_score": {
                        "earned": 0,
                        "total": 1
                    },
                    "metric_test_maturity": 0,
                    "metric_test_status": "fail"
                },
                "FsF-R1.3-01M-3": {
                    "metric_test_name": "Multidisciplinary but community endorsed metadata (RDA Metadata Standards Catalog, fairsharing) standard is listed in the re3data record or detected by namespace",
                    "metric_test_requirements": [
                        {
                            "modality": "any",
                            "required": {
                                "field_of_science": [
                                    "science",
                                    "generic"
                                ],
                                "source": [
                                    "rd-alliance.org",
                                    "fairsharing.org"
                                ]
                            },
                            "tested_on": null,
                            "comment": null,
                            "target": "https:\/\/f-uji.net\/vocab\/metadata\/standards"
                        }
                    ],
                    "metric_test_score": {
                        "earned": 1,
                        "total": 1
                    },
                    "metric_test_maturity": 1,
                    "metric_test_status": "pass"
                }
            },
            "test_status": "pass",
            "score": {
                "earned": 1,
                "total": 1
            },
            "maturity": 1,
            "output": [
                {
                    "metadata_standard": "Schema.org",
                    "url": "http:\/\/schema.org",
                    "subject_areas": [
                        "sciences"
                    ],
                    "type": "generic",
                    "source": [
                        "https:\/\/doi.org\/10.25504\/FAIRsharing.hzdzq8",
                        "https:\/\/rdamsc.bath.ac.uk\/msc\/m101"
                    ]
                },
                {
                    "metadata_standard": "Schema.org",
                    "url": "http:\/\/schema.org\/",
                    "subject_areas": [
                        "sciences"
                    ],
                    "type": "generic",
                    "source": [
                        "https:\/\/doi.org\/10.25504\/FAIRsharing.hzdzq8",
                        "https:\/\/rdamsc.bath.ac.uk\/msc\/m101"
                    ]
                },
                {
                    "metadata_standard": "The Atom Syndication Format",
                    "url": "http:\/\/www.w3.org\/2005\/Atom",
                    "subject_areas": [
                        "sciences"
                    ],
                    "type": "generic",
                    "source": [
                        "fuji:m13",
                        "https:\/\/fairsharing.org\/4648"
                    ]
                },
                {
                    "metadata_standard": "Dublin Core",
                    "url": "http:\/\/purl.org\/dc\/elements\/1.1\/",
                    "subject_areas": [
                        "sciences"
                    ],
                    "type": "generic",
                    "source": [
                        "https:\/\/rdamsc.bath.ac.uk\/msc\/m15",
                        "https:\/\/doi.org\/10.25504\/FAIRsharing.3nx7t",
                        "http:\/\/www.dcc.ac.uk\/resources\/metadata-standards\/dublin-core"
                    ]
                }
            ],
            "test_debug": [
                "INFO: Found OpenSearch link in HTML head (link rel=search) -: https:\/\/gitlab.com\/search\/opensearch.xml",
                "INFO: re3data\/datacite client id -: None",
                "INFO: Namespaces included in the metadata -: ['https:\/\/gitlab.com\/learnERC', 'http:\/\/www.w3.org\/1999\/xhtml\/vocab', 'http:\/\/www.w3.org\/1999\/02\/22-rdf-syntax-ns#', 'https:\/\/gitlab.com\/assets', 'http:\/\/schema.org', 'http:\/\/www.w3.org\/XML\/1998\/namespace', 'http:\/\/ogp.me\/ns#image:', 'https:\/\/dev.twitter.com\/cards#', 'http:\/\/ogp.me\/ns#', 'http:\/\/www.w3.org\/1999\/xhtml\/vocab#', 'http:\/\/schema.org\/', 'http:\/\/www.w3.org\/2005\/Atom', 'http:\/\/www.w3.org\/1999\/xhtml', 'http:\/\/search.yahoo.com\/mrss\/', 'http:\/\/a9.com\/-\/spec\/opensearch\/1.1\/', 'http:\/\/purl.org\/dc\/elements\/1.1\/', 'https:\/\/gitlab.com']",
                "INFO: Found non-disciplinary standard (but RDA listed) -: via ns:  Schema.org - http:\/\/schema.org",
                "INFO: Found disciplinary standard -: via ns : The Open Graph protocol metadata format - http:\/\/ogp.me\/ns#",
                "INFO: Found non-disciplinary standard (but RDA listed) -: via ns:  Schema.org - http:\/\/schema.org\/",
                "INFO: Found non-disciplinary standard (but RDA listed) -: via ns:  The Atom Syndication Format - http:\/\/www.w3.org\/2005\/Atom",
                "INFO: Found disciplinary standard -: via ns : OpenSearch - http:\/\/a9.com\/-\/spec\/opensearch\/1.1\/",
                "INFO: Found non-disciplinary standard (but RDA listed) -: via ns:  Dublin Core - http:\/\/purl.org\/dc\/elements\/1.1\/",
                "INFO: Retrieving API and Standards",
                "INFO: No Datacite client id found, therefore skipping re3data metadata retrieval",
                "WARNING: NO valid OAI-PMH endpoint found",
                "SUCCESS: Found non-disciplinary standards (but RDA listed) using namespaces or schemas found in re3data record or via provided metadata or metadata services outputs"
            ]
        },
        {
            "id": 17,
            "metric_identifier": "FsF-R1.3-02D",
            "metric_name": "Data is available in a file format recommended by the target research community.",
            "metric_tests": {
                "FsF-R1.3-02D-1": {
                    "metric_test_name": "The format of a data file given in the metadata is listed in the long term file formats, open file formats or scientific file formats controlled list",
                    "metric_test_requirements": [],
                    "metric_test_score": {
                        "earned": 0,
                        "total": 1
                    },
                    "metric_test_maturity": 0,
                    "metric_test_status": "fail"
                },
                "FsF-R1.3-02D-1a": {
                    "metric_test_name": "The format of the data file is an open format",
                    "metric_test_requirements": [],
                    "metric_test_score": {
                        "earned": 0,
                        "total": 0
                    },
                    "metric_test_maturity": 0,
                    "metric_test_status": "fail"
                },
                "FsF-R1.3-02D-1b": {
                    "metric_test_name": "The format of the data file is a long term format",
                    "metric_test_requirements": [],
                    "metric_test_score": {
                        "earned": 0,
                        "total": 0
                    },
                    "metric_test_maturity": 0,
                    "metric_test_status": "fail"
                },
                "FsF-R1.3-02D-1c": {
                    "metric_test_name": "The format of the data file is a scientific format",
                    "metric_test_requirements": [],
                    "metric_test_score": {
                        "earned": 0,
                        "total": 0
                    },
                    "metric_test_maturity": 0,
                    "metric_test_status": "fail"
                }
            },
            "test_status": "fail",
            "score": {
                "earned": 0,
                "total": 1
            },
            "maturity": 0,
            "output": [],
            "test_debug": [
                "WARNING: Could not perform file format checks as data content identifier(s) unavailable\/inaccesible"
            ]
        },
        {
            "id": 8,
            "metric_identifier": "FsF-A1-03D",
            "metric_name": "Data is accessible through a standardized communication protocol.",
            "metric_tests": {
                "FsF-A1-03D-1": {
                    "metric_test_name": "Metadata includes a resolvable link to data based on standardized web communication protocols.",
                    "metric_test_requirements": [],
                    "metric_test_score": {
                        "earned": 0,
                        "total": 1
                    },
                    "metric_test_maturity": 0,
                    "metric_test_status": "fail"
                }
            },
            "test_status": "fail",
            "score": {
                "earned": 0,
                "total": 1
            },
            "maturity": 0,
            "output": {
                "standard_data_protocol": []
            },
            "test_debug": [
                "WARNING: Skipping protocol test for data since NO content (data) identifier is given in metadata"
            ]
        },
        {
            "id": 7,
            "metric_identifier": "FsF-A1-02M",
            "metric_name": "Metadata is accessible through a standardized communication protocol.",
            "metric_tests": {
                "FsF-A1-02M-1": {
                    "metric_test_name": "Landing page link is based on standardized web communication protocols.",
                    "metric_test_requirements": [],
                    "metric_test_score": {
                        "earned": 1,
                        "total": 1
                    },
                    "metric_test_maturity": 3,
                    "metric_test_status": "pass"
                }
            },
            "test_status": "pass",
            "score": {
                "earned": 1,
                "total": 1
            },
            "maturity": 3,
            "output": {
                "standard_metadata_protocol": {
                    "https": {
                        "name": "Hyper Text Transfer Protocol Secure"
                    }
                }
            },
            "test_debug": [
                "SUCCESS: Standard protocol for access to metadata found -: https",
                "INFO: NOT all required metadata given, see: FsF-F2-01M"
            ]
        }
    ]
}