{
    "test_id": "601c694d9a65e7d8c2432df45aeb3618628f3abf",
    "request": {
        "object_identifier": "https:\/\/doi.org\/10.5281\/zenodo.3653878",
        "metadata_service_endpoint": "",
        "metadata_service_type": "oai_pmh",
        "test_debug": true,
        "use_datacite": true,
        "metric_version": "metrics_v0.5",
        "normalized_object_identifier": "10.5281\/zenodo.3653878"
    },
    "resolved_url": "https:\/\/zenodo.org\/records\/3653878",
    "start_timestamp": "2024-11-11T22:49:28Z",
    "end_timestamp": "2024-11-11T22:49:34Z",
    "metric_specification": "https:\/\/doi.org\/10.5281\/zenodo.6461229",
    "metric_version": "metrics_v0.5",
    "software_version": "3.2.0",
    "total_metrics": 16,
    "summary": {
        "score_earned": {
            "A": 3,
            "F": 7,
            "I": 3,
            "R": 6,
            "A1": 3,
            "F1": 2,
            "F2": 2,
            "F3": 1,
            "F4": 2,
            "I1": 2,
            "I2": 0,
            "I3": 1,
            "R1": 1,
            "R1.1": 2,
            "R1.2": 1,
            "R1.3": 2,
            "FAIR": 19
        },
        "score_total": {
            "A": 3,
            "F": 7,
            "I": 4,
            "R": 10,
            "A1": 3,
            "F1": 2,
            "F2": 2,
            "F3": 1,
            "F4": 2,
            "I1": 2,
            "I2": 1,
            "I3": 1,
            "R1": 4,
            "R1.1": 2,
            "R1.2": 2,
            "R1.3": 2,
            "FAIR": 24
        },
        "score_percent": {
            "A": 100,
            "F": 100,
            "I": 75,
            "R": 60,
            "A1": 100,
            "F1": 100,
            "F2": 100,
            "F3": 100,
            "F4": 100,
            "I1": 100,
            "I2": 0,
            "I3": 100,
            "R1": 25,
            "R1.1": 100,
            "R1.2": 50,
            "R1.3": 100,
            "FAIR": 79.17
        },
        "status_total": {
            "A1": 3,
            "F1": 2,
            "F2": 1,
            "F3": 1,
            "F4": 1,
            "I1": 1,
            "I2": 1,
            "I3": 1,
            "R1": 1,
            "R1.1": 1,
            "R1.2": 1,
            "R1.3": 2,
            "A": 3,
            "F": 5,
            "I": 3,
            "R": 5,
            "FAIR": 16
        },
        "status_passed": {
            "A1": 3,
            "F1": 2,
            "F2": 1,
            "F3": 1,
            "F4": 1,
            "I1": 1,
            "I2": 1,
            "I3": 1,
            "R1": 1,
            "R1.1": 1,
            "R1.2": 1,
            "R1.3": 2,
            "A": 3,
            "F": 5,
            "I": 3,
            "R": 5,
            "FAIR": 16
        },
        "maturity": {
            "A": 3,
            "F": 3,
            "I": 2,
            "R": 2,
            "A1": 3,
            "F1": 3,
            "F2": 3,
            "F3": 3,
            "F4": 3,
            "I1": 3,
            "I2": 1,
            "I3": 3,
            "R1": 1,
            "R1.1": 3,
            "R1.2": 2,
            "R1.3": 2,
            "FAIR": 2.5
        }
    },
    "results": [
        {
            "id": 1,
            "metric_identifier": "FsF-F1-01D",
            "metric_name": "Data is assigned a globally unique identifier.",
            "metric_tests": {
                "FsF-F1-01D-1": {
                    "metric_test_name": "Identifier is resolvable and follows a defined unique identifier syntax (IRI, URL)",
                    "metric_test_requirements": [
                        {
                            "modality": "any",
                            "required": null,
                            "tested_on": "https:\/\/f-uji.net\/vocab\/metadata\/property\/object_identifier",
                            "comment": "identifier can be given as user input",
                            "target": "https:\/\/f-uji.net\/vocab\/identifier"
                        }
                    ],
                    "metric_test_score": {
                        "earned": 1,
                        "total": 1
                    },
                    "metric_test_maturity": 3,
                    "metric_test_status": "pass"
                },
                "FsF-F1-01D-2": {
                    "metric_test_name": "Identifier is not resolvable but follows an UUID or HASH type syntax",
                    "metric_test_requirements": [
                        {
                            "modality": "any",
                            "required": {
                                "name": [
                                    "uuid",
                                    "hash"
                                ]
                            },
                            "tested_on": "https:\/\/f-uji.net\/vocab\/metadata\/property\/object_identifier",
                            "comment": "identifier can be given as user input",
                            "target": "https:\/\/f-uji.net\/vocab\/identifier\/unique"
                        }
                    ],
                    "metric_test_score": {
                        "earned": 0,
                        "total": 0.5
                    },
                    "metric_test_maturity": 0,
                    "metric_test_status": "fail"
                }
            },
            "test_status": "pass",
            "score": {
                "earned": 1,
                "total": 1
            },
            "maturity": 3,
            "output": {
                "guid": "https:\/\/doi.org\/10.5281\/zenodo.3653878",
                "guid_scheme": "doi"
            },
            "test_debug": [
                "INFO: Using idutils schemes to identify unique or persistent identifiers for metadata",
                "INFO: Starting assessment on identifier: https:\/\/doi.org\/10.5281\/zenodo.3653878",
                "SUCCESS: Unique identifier schemes found ['doi', 'url']",
                "INFO: Finalized unique identifier scheme - doi"
            ]
        },
        {
            "id": 2,
            "metric_identifier": "FsF-F1-02D",
            "metric_name": "Data is assigned a persistent identifier.",
            "metric_tests": {
                "FsF-F1-02D-1": {
                    "metric_test_name": "Identifier follows a defined persistent identifier syntax",
                    "metric_test_requirements": [
                        {
                            "modality": "any",
                            "required": null,
                            "tested_on": "https:\/\/f-uji.net\/vocab\/metadata\/property\/object_identifier",
                            "comment": "identifier can be given as user input",
                            "target": "https:\/\/f-uji.net\/vocab\/identifier\/persistent"
                        }
                    ],
                    "metric_test_score": {
                        "earned": 0.5,
                        "total": 0.5
                    },
                    "metric_test_maturity": 1,
                    "metric_test_status": "pass"
                },
                "FsF-F1-02D-2": {
                    "metric_test_name": "Persistent identifier is resolvable",
                    "metric_test_requirements": [
                        {
                            "modality": null,
                            "required": null,
                            "tested_on": "https:\/\/f-uji.net\/vocab\/metadata\/property\/object_identifier",
                            "comment": "identifier has to resolve to a valid URI",
                            "target": "https:\/\/f-uji.net\/vocab\/identifier\/persistent"
                        }
                    ],
                    "metric_test_score": {
                        "earned": 1,
                        "total": 1
                    },
                    "metric_test_maturity": 3,
                    "metric_test_status": "pass"
                }
            },
            "test_status": "pass",
            "score": {
                "earned": 1,
                "total": 1
            },
            "maturity": 3,
            "output": {
                "persistent_identifiers": [
                    {
                        "pid": "https:\/\/doi.org\/10.5281\/zenodo.3653878",
                        "pid_scheme": "doi",
                        "resolvable_status": true,
                        "resolved_url": "https:\/\/zenodo.org\/records\/3653878"
                    }
                ]
            },
            "test_debug": [
                "INFO: Retrieving page -: https:\/\/doi.org\/10.5281\/zenodo.3653878 as text\/html, *\/*",
                "INFO: PID schemes-based assessment supported by the assessment service - dict_keys(['ark', 'arxiv', 'bioproject', 'biosample', 'doi', 'ensembl', 'genome', 'gnd', 'handle', 'lsid', 'pmid', 'pmcid', 'purl', 'refseq', 'sra', 'uniprot', 'urn', 'identifiers.org', 'w3id'])",
                "INFO: Found PID which could be verified (does resolve properly) -: https:\/\/doi.org\/10.5281\/zenodo.3653878",
                "SUCCESS: Persistence identifier scheme -: doi"
            ]
        },
        {
            "id": 3,
            "metric_identifier": "FsF-F2-01M",
            "metric_name": "Metadata includes descriptive core elements (creator, title, data identifier, publisher, publication date, summary and keywords) to support data findability.",
            "metric_tests": {
                "FsF-F2-01M-1": {
                    "metric_test_name": "Metadata has been made available via common web methods",
                    "metric_test_requirements": [
                        {
                            "modality": "any",
                            "required": null,
                            "tested_on": null,
                            "comment": null,
                            "target": "https:\/\/f-uji.net\/vocab\/metadata\/offering_method"
                        }
                    ],
                    "metric_test_score": {
                        "earned": 0.5,
                        "total": 0.5
                    },
                    "metric_test_maturity": 1,
                    "metric_test_status": "pass"
                },
                "FsF-F2-01M-2": {
                    "metric_test_name": "Core data citation metadata is available",
                    "metric_test_requirements": [
                        {
                            "modality": "all",
                            "required": {
                                "name": [
                                    "creator",
                                    "title",
                                    "object_identifier",
                                    "publication_date",
                                    "publisher",
                                    "object_type"
                                ]
                            },
                            "tested_on": "https:\/\/f-uji.net\/vocab\/metadata\/property",
                            "comment": null,
                            "target": "https:\/\/f-uji.net\/vocab\/metadata\/property"
                        }
                    ],
                    "metric_test_score": {
                        "earned": 0.5,
                        "total": 0.5
                    },
                    "metric_test_maturity": 2,
                    "metric_test_status": "pass"
                },
                "FsF-F2-01M-3": {
                    "metric_test_name": "Core descriptive metadata is available",
                    "metric_test_requirements": [
                        {
                            "modality": "all",
                            "required": {
                                "name": [
                                    "creator",
                                    "title",
                                    "object_identifier",
                                    "publication_date",
                                    "publisher",
                                    "object_type",
                                    "summary",
                                    "keywords"
                                ]
                            },
                            "tested_on": "https:\/\/f-uji.net\/vocab\/metadata\/property",
                            "comment": null,
                            "target": "https:\/\/f-uji.net\/vocab\/metadata\/property"
                        }
                    ],
                    "metric_test_score": {
                        "earned": 1,
                        "total": 1
                    },
                    "metric_test_maturity": 3,
                    "metric_test_status": "pass"
                }
            },
            "test_status": "pass",
            "score": {
                "earned": 2,
                "total": 2
            },
            "maturity": 3,
            "output": {
                "core_metadata_status": "all metadata",
                "core_metadata_found": {
                    "object_identifier": [
                        "https:\/\/doi.org\/10.5281\/zenodo.3653878",
                        "10.5281\/zenodo.3653878",
                        "https:\/\/zenodo.org\/records\/3653878",
                        "https:\/\/zenodo.org\/record\/3653878"
                    ],
                    "title": "Enterprise-Driven Open Source Software",
                    "summary": "<p>We present a dataset of open source software developed mainly by enterprises rather than volunteers. This can be used to address known generalizability concerns, and, also, to perform research on open source business software development. Based on the premise that an enterprise&#39;s employees are likely to contribute to a project developed by their organization using the email account provided by it, we mine domain names associated with enterprises from open data sources as well as through white- and blacklisting, and use them through three heuristics to identify 17,252 enterprise GitHub projects. We provide these as a dataset detailing their provenance and properties. A manual evaluation of a dataset sample shows an identification accuracy of 89%. Through an exploratory data analysis we found that projects are staffed by a plurality of enterprise insiders, who appear to be pulling more than their weight, and that in a small percentage of relatively large projects development happens exclusively through enterprise insiders.<\/p>\n\n<p>The main dataset is provided as a 17,252 record tab-separated file named <code>enterprise_projects.txt<\/code> with the following 27 fields.<\/p>\n\n<ul>\n\t<li><strong>url<\/strong>: the project&#39;s GitHub URL<\/li>\n\t<li><strong>project_id<\/strong>: the project&#39;s GHTorrent identifier<\/li>\n\t<li><strong>sdtc<\/strong>: true if selected using the same domain top committers heuristic (9,006 records)<\/li>\n\t<li><strong>mcpc<\/strong>: true if selected using the multiple committers from a valid enterprise heuristic (8,289 records)<\/li>\n\t<li><strong>mcve<\/strong>: true if selected using the multiple committers from a probable company heuristic (7,990 records),<\/li>\n\t<li><strong>star_number<\/strong>: number of GitHub watchers<\/li>\n\t<li><strong>commit_count<\/strong>: number of commits<\/li>\n\t<li><strong>files<\/strong>: number of files in current main branch<\/li>\n\t<li><strong>lines<\/strong>: corresponding number of lines in text files<\/li>\n\t<li><strong>pull_requests<\/strong>: number of pull requests<\/li>\n\t<li><strong>most_recent_commit<\/strong>: date of the most recent commit<\/li>\n\t<li><strong>committer_count<\/strong>: number of different committers<\/li>\n\t<li><strong>author_count<\/strong>: number of different authors<\/li>\n\t<li><strong>dominant_domain<\/strong>: the projects dominant email domain<\/li>\n\t<li><strong>dominant_domain_committer_commits<\/strong>: number of commits made by committers whose email matches the project&#39;s dominant domain<\/li>\n\t<li><strong>dominant_domain_author_commits<\/strong>: corresponding number for commit authors<\/li>\n\t<li><strong>dominant_domain_committers<\/strong>: number of committers whose email matches the project&#39;s dominant domain<\/li>\n\t<li><strong>dominant_domain_authors<\/strong>: corresponding number of commit authors<\/li>\n\t<li><strong>cik<\/strong>: SEC&#39;s EDGAR &quot;central index key&quot;<\/li>\n\t<li><strong>fg500<\/strong>: true if this is a Fortune Global 500 company (2,232 records)<\/li>\n\t<li><strong>sec10k<\/strong>: true if the company files SEC 10-K forms (4,178 records)<\/li>\n\t<li><strong>sec20f<\/strong>: true if the company files SEC 20-F forms (429 records)<\/li>\n\t<li><strong>project_name<\/strong>: GitHub project name<\/li>\n\t<li><strong>owner_login<\/strong>: GitHub project&#39;s owner login<\/li>\n\t<li><strong>company_name<\/strong>: company name as derived from the SEC and Fortune 500 data<\/li>\n\t<li><strong>owner_company<\/strong>: GitHub project&#39;s owner company name<\/li>\n\t<li><strong>license<\/strong>: SPDX license identifier<\/li>\n<\/ul>\n\n<p>The file <code>cohost_project_details.txt<\/code> provides the full set of 309,531 cohort projects that are not part of the enterprise data set, but have comparable quality attributes.<\/p>\n\n<ul>\n\t<li><strong>url<\/strong>: the project&#39;s GitHub URL<\/li>\n\t<li><strong>project_id<\/strong>: the project&#39;s GHTorrent identifier<\/li>\n\t<li><strong>stars<\/strong>: number of GitHub watchers<\/li>\n\t<li><strong>commit_count<\/strong>: number of commits<\/li>\n<\/ul>",
                    "publication_date": "2020-02-07",
                    "publisher": [
                        "Zenodo",
                        {
                            "name": "Zenodo"
                        }
                    ],
                    "keywords": [
                        "software engineering economics, software ecosystems, open source software in business, Fortune Global 500, SEC 10-K, SEC 20-F, EDGAR",
                        "EDGAR",
                        "software engineering economics",
                        " software ecosystems",
                        " open source software in business",
                        " Fortune Global 500",
                        " SEC 10-K",
                        " SEC 20-F",
                        " EDGAR"
                    ],
                    "creator": [
                        "Louridas",
                        "Spinellis",
                        "Kravvaritis",
                        "Theodorou",
                        "Kotti",
                        "Panos Louridas",
                        "Diomidis Spinellis",
                        "Konstantinos Kravvaritis",
                        "Georgios Theodorou",
                        "Zoe Kotti",
                        "Kotti, Zoe",
                        "Spinellis, Diomidis",
                        "Theodorou, Georgios",
                        "Kravvaritis, Konstantinos",
                        "Louridas, Panos"
                    ],
                    "object_type": [
                        "Dataset",
                        "http:\/\/schema.org\/WebPage"
                    ]
                },
                "core_metadata_source": [
                    [
                        "MICRODATA_EMBEDDED",
                        "microdata_rdfa"
                    ],
                    [
                        "HIGHWIRE_EPRINTS_EMBEDDED",
                        "html_embedding"
                    ],
                    [
                        "DUBLINCORE_EMBEDDED",
                        "html_embedding"
                    ],
                    [
                        "DATACITE_JSON_NEGOTIATED",
                        "content_negotiation"
                    ],
                    [
                        "OPENGRAPH_EMBEDDED",
                        "html_embedding"
                    ],
                    [
                        "SCHEMAORG_NEGOTIATED",
                        "content_negotiation"
                    ],
                    [
                        "SCHEMAORG_EMBEDDED",
                        "html_embedding"
                    ]
                ]
            },
            "test_debug": [
                "INFO: Trying to resolve input URL -: https:\/\/doi.org\/10.5281\/zenodo.3653878",
                "INFO: Content negotiation on https:\/\/doi.org\/10.5281\/zenodo.3653878 accept=text\/html, *\/*, status=200",
                "INFO: Creating Cached response content",
                "INFO: Found HTML page!",
                "INFO: Starting to analyse EMBEDDED metadata at -: https:\/\/zenodo.org\/records\/3653878",
                "INFO: Trying to identify EMBEDDED  Microdata, OpenGraph or Schema.org -: https:\/\/zenodo.org\/records\/3653878",
                "INFO: Trying to retrieve schema.org JSON-LD metadata from html page",
                "INFO: Try to parse RDF (JSON-LD) from -: landing page",
                "INFO: Try to parse JSON-LD using JMESPath retrieved as dict from -: landing page",
                "INFO: Trying to extract schema.org JSON-LD metadata from -: SCHEMAORG_EMBEDDED",
                "INFO: Found JSON-LD but will not use it since it seems not to be a schema.org object based on the given context type -:['https:\/\/schema.org\/Dataset']",
                "INFO: Could not identify schema.org JSON-LD metadata using JMESPath, continuing with RDF graph processing",
                "INFO: Try to parse JSON-LD using RDFLib retrieved as string from -: landing page",
                "INFO: Found RDF Graph which was sucessfully parsed",
                "INFO: Trying to identify namespaces in RDF Graph",
                "INFO: RDF Graph seems to contain schema.org metadata elements",
                "INFO: Trying to get some core domain agnostic (DCAT, DC, schema.org) metadata from RDF graph",
                "INFO: Found some core domain agnostic (DCAT, DC, schema.org) metadata from RDF graph -: {'object_identifier': ['https:\/\/doi.org\/10.5281\/zenodo.3653878'], 'title': 'Enterprise-Driven Open Source Software', 'summary': '<p>We present a dataset of open source software developed mainly by enterprises rather than volunteers. This can be used to address known generalizability concerns, and, also, to perform research on open source business software development. Based on the premise that an enterprise&#39;s employees are likely to contribute to a project developed by their organization using the email account provided by it, we mine domain names associated with enterprises from open data sources as well as through white- and blacklisting, and use them through three heuristics to identify 17,252 enterprise GitHub projects. We provide these as a dataset detailing their provenance and properties. A manual evaluation of a dataset sample shows an identification accuracy of 89%. Through an exploratory data analysis we found that projects are staffed by a plurality of enterprise insiders, who appear to be pulling more than their weight, and that in a small percentage of relatively large projects development happens exclusively through enterprise insiders.<\/p>\\n\\n<p>The main dataset is provided as a 17,252 record tab-separated file named <code>enterprise_projects.txt<\/code> with the following 27 fields.<\/p>\\n\\n<ul>\\n\\t<li><strong>url<\/strong>: the project&#39;s GitHub URL<\/li>\\n\\t<li><strong>project_id<\/strong>: the project&#39;s GHTorrent identifier<\/li>\\n\\t<li><strong>sdtc<\/strong>: true if selected using the same domain top committers heuristic (9,006 records)<\/li>\\n\\t<li><strong>mcpc<\/strong>: true if selected using the multiple committers from a valid enterprise heuristic (8,289 records)<\/li>\\n\\t<li><strong>mcve<\/strong>: true if selected using the multiple committers from a probable company heuristic (7,990 records),<\/li>\\n\\t<li><strong>star_number<\/strong>: number of GitHub watchers<\/li>\\n\\t<li><strong>commit_count<\/strong>: number of commits<\/li>\\n\\t<li><strong>files<\/strong>: number of files in current main branch<\/li>\\n\\t<li><strong>lines<\/strong>: corresponding number of lines in text files<\/li>\\n\\t<li><strong>pull_requests<\/strong>: number of pull requests<\/li>\\n\\t<li><strong>most_recent_commit<\/strong>: date of the most recent commit<\/li>\\n\\t<li><strong>committer_count<\/strong>: number of different committers<\/li>\\n\\t<li><strong>author_count<\/strong>: number of different authors<\/li>\\n\\t<li><strong>dominant_domain<\/strong>: the projects dominant email domain<\/li>\\n\\t<li><strong>dominant_domain_committer_commits<\/strong>: number of commits made by committers whose email matches the project&#39;s dominant domain<\/li>\\n\\t<li><strong>dominant_domain_author_commits<\/strong>: corresponding number for commit authors<\/li>\\n\\t<li><strong>dominant_domain_committers<\/strong>: number of committers whose email matches the project&#39;s dominant domain<\/li>\\n\\t<li><strong>dominant_domain_authors<\/strong>: corresponding number of commit authors<\/li>\\n\\t<li><strong>cik<\/strong>: SEC&#39;s EDGAR &quot;central index key&quot;<\/li>\\n\\t<li><strong>fg500<\/strong>: true if this is a Fortune Global 500 company (2,232 records)<\/li>\\n\\t<li><strong>sec10k<\/strong>: true if the company files SEC 10-K forms (4,178 records)<\/li>\\n\\t<li><strong>sec20f<\/strong>: true if the company files SEC 20-F forms (429 records)<\/li>\\n\\t<li><strong>project_name<\/strong>: GitHub project name<\/li>\\n\\t<li><strong>owner_login<\/strong>: GitHub project&#39;s owner login<\/li>\\n\\t<li><strong>company_name<\/strong>: company name as derived from the SEC and Fortune 500 data<\/li>\\n\\t<li><strong>owner_company<\/strong>: GitHub project&#39;s owner company name<\/li>\\n\\t<li><strong>license<\/strong>: SPDX license identifier<\/li>\\n<\/ul>\\n\\n<p>The file <code>cohost_project_details.txt<\/code> provides the full set of 309,531 cohort projects that are not part of the enterprise data set, but have comparable quality attributes.<\/p>\\n\\n<ul>\\n\\t<li><strong>url<\/strong>: the project&#39;s GitHub URL<\/li>\\n\\t<li><strong>project_id<\/strong>: the project&#39;s GHTorrent identifier<\/li>\\n\\t<li><strong>stars<\/strong>: number of GitHub watchers<\/li>\\n\\t<li><strong>commit_count<\/strong>: number of commits<\/li>\\n<\/ul>', 'publication_date': '2020-02-07', 'publisher': ['Zenodo'], 'keywords': ['software engineering economics, software ecosystems, open source software in business, Fortune Global 500, SEC 10-K, SEC 20-F, EDGAR'], 'creator': ['https:\/\/orcid.org\/0000-0003-4231-1897', 'https:\/\/orcid.org\/0000-0003-3816-9162', 'https:\/\/orcid.org\/0000-0002-8889-0612', 'https:\/\/orcid.org\/0000-0001-5413-2189', 'https:\/\/orcid.org\/0000-0002-3971-4612'], 'license': 'https:\/\/creativecommons.org\/licenses\/by\/4.0\/legalcode', 'object_type': 'Dataset'}",
                "SUCCESS: Found schema.org JSON-LD metadata in html page -: dict_keys(['object_identifier', 'title', 'summary', 'publication_date', 'publisher', 'keywords', 'creator', 'license', 'object_type', 'object_content_identifier'])",
                "INFO: Trying to retrieve Dublin Core metadata from html page",
                "SUCCESS: Found DublinCore metadata -: dict_keys(['summary'])",
                "INFO: Trying to retrieve Microdata metadata from html page",
                "INFO: Trying to extract Microdata metadata from -: MetadataSources.MICRODATA_EMBEDDED",
                "SUCCESS: Found microdata metadata -: dict_keys(['object_type'])",
                "INFO: Trying to retrieve RDFa metadata from html page",
                "INFO: Found RDF Graph which was sucessfully parsed",
                "INFO: Trying to identify namespaces in RDF Graph",
                "INFO: Could not find DCAT, schema.org or SKOS\/OWL metadata, continuing with generic SPARQL",
                "INFO: Trying to query generic SPARQL on RDF, found triples: -:20",
                "INFO: Found RDFa like triples but at least some of them seem to be XHTML or OpenGraph properties which are excluded",
                "INFO: Trying to retrieve Highwire and eprints metadata from html page",
                "INFO: Metadata property differs from metadata previously offered in a different formats -: summary: <p>We present a dataset of open source software de vs. https:\/\/zenodo.org\/records\/3653878",
                "SUCCESS: Found Highwire or eprints metadata -: dict_keys(['title', 'object_identifier', 'keywords', 'summary'])",
                "INFO: Trying to retrieve OpenGraph metadata from html page",
                "INFO: Found OpenGraph metadata-: dict_keys(['title', 'object_identifier', 'summary', 'publisher'])",
                "SUCCESS: Found OpenGraph metadata -: dict_keys(['title', 'object_identifier', 'summary', 'publisher'])",
                "INFO: Trying to identify Typed Links to data items in html page",
                "INFO: Starting to identify EXTERNAL metadata through content negotiation or typed (signposting) links",
                "INFO: Trying to retrieve XML metadata through content negotiation from URL -: https:\/\/zenodo.org\/records\/3653878",
                "INFO: Retrieving page -: https:\/\/zenodo.org\/records\/3653878 as application\/xml, text\/xml;q=0.5",
                "INFO: Content negotiation on https:\/\/zenodo.org\/records\/3653878 accept=application\/xml, text\/xml;q=0.5, status=200",
                "INFO: Creating Cached response content",
                "INFO: Ignoring HTML response",
                "INFO: Trying to extract\/parse XML metadata from URL -: https:\/\/zenodo.org\/records\/3653878",
                "INFO: Expected XML but content negotiation responded -: MetadataFormats.HTML",
                "INFO: Could not identify metadata properties in XML",
                "INFO: Trying to retrieve XML metadata through content negotiation from URL -: https:\/\/doi.org\/10.5281\/zenodo.3653878",
                "INFO: Retrieving page -: https:\/\/zenodo.org\/records\/3653878 as application\/xml, text\/xml;q=0.5",
                "INFO: Content negotiation on https:\/\/zenodo.org\/records\/3653878 accept=application\/xml, text\/xml;q=0.5, status=200",
                "INFO: Creating Cached response content",
                "INFO: Ignoring HTML response",
                "INFO: Trying to extract\/parse XML metadata from URL -: https:\/\/zenodo.org\/records\/3653878",
                "INFO: Expected XML but content negotiation responded -: MetadataFormats.HTML",
                "INFO: Could not identify metadata properties in XML",
                "INFO: Trying to retrieve schema.org JSON-LD metadata through content negotiation from URL -: https:\/\/zenodo.org\/records\/3653878",
                "INFO: Retrieving page -: https:\/\/zenodo.org\/records\/3653878 as application\/ld+json",
                "INFO: Content negotiation on https:\/\/zenodo.org\/records\/3653878 accept=application\/ld+json, status=200",
                "INFO: Creating Cached response content",
                "INFO: Ignoring HTML response",
                "INFO: Schema.org metadata through content negotiation UNAVAILABLE",
                "INFO: Trying to retrieve schema.org JSON-LD metadata through content negotiation from URL -: https:\/\/doi.org\/10.5281\/zenodo.3653878",
                "INFO: Retrieving page -: https:\/\/doi.org\/10.5281\/zenodo.3653878 as application\/ld+json",
                "INFO: Content negotiation on https:\/\/doi.org\/10.5281\/zenodo.3653878 accept=application\/ld+json, status=200",
                "INFO: Creating Cached response content",
                "INFO: Try to parse RDF (JSON-LD) from -: https:\/\/data.crosscite.org\/10.5281%2Fzenodo.3653878",
                "INFO: Try to parse JSON-LD using JMESPath retrieved as dict from -: https:\/\/data.crosscite.org\/10.5281%2Fzenodo.3653878",
                "INFO: Trying to extract schema.org JSON-LD metadata from -: SCHEMAORG_NEGOTIATED",
                "INFO: Found schema.org JSON-LD which seems to be valid, based on the given context type -:['Dataset']",
                "SUCCESS: Found Schema.org metadata through content negotiation-: dict_keys(['title', 'object_type', 'publication_date', 'creator', 'creator_first', 'creator_last', 'publisher', 'license', 'summary', 'keywords', 'object_identifier'])",
                "INFO: Trying to retrieve RDF metadata through content negotiation from URL -: https:\/\/zenodo.org\/records\/3653878",
                "INFO: Retrieving page -: https:\/\/zenodo.org\/records\/3653878 as text\/turtle, application\/turtle, application\/x-turtle;q=0.8, application\/rdf+xml, text\/n3;q=0.9, text\/rdf+n3;q=0.9,application\/ld+json",
                "INFO: Content negotiation on https:\/\/zenodo.org\/records\/3653878 accept=text\/turtle, application\/turtle, application\/x-turtle;q=0.8, application\/rdf+xml, text\/n3;q=0.9, text\/rdf+n3;q=0.9,application\/ld+json, status=200",
                "INFO: Creating Cached response content",
                "INFO: Ignoring HTML response",
                "INFO: Try to parse RDF from -: https:\/\/zenodo.org\/records\/3653878 as turtle",
                "WARNING: Failed to parse RDF -: https:\/\/zenodo.org\/records\/3653878 exactly one of source, location, file or data must be given",
                "INFO: Retrieving page -: https:\/\/doi.org\/10.5281\/zenodo.3653878 as text\/turtle, application\/turtle, application\/x-turtle;q=0.8, application\/rdf+xml, text\/n3;q=0.9, text\/rdf+n3;q=0.9,application\/ld+json",
                "WARNING: Request failed, status code -: https:\/\/doi.org\/10.5281\/zenodo.3653878, text\/turtle, application\/turtle, application\/x-turtle;q=0.8, application\/rdf+xml, text\/n3;q=0.9, text\/rdf+n3;q=0.9,application\/ld+json - 422",
                "WARNING: No response received from -: https:\/\/doi.org\/10.5281\/zenodo.3653878, text\/turtle, application\/turtle, application\/x-turtle;q=0.8, application\/rdf+xml, text\/n3;q=0.9, text\/rdf+n3;q=0.9,application\/ld+json",
                "INFO: Try to parse RDF from -: https:\/\/doi.org\/10.5281\/zenodo.3653878 as turtle",
                "WARNING: Failed to parse RDF -: https:\/\/doi.org\/10.5281\/zenodo.3653878 exactly one of source, location, file or data must be given",
                "INFO: Linked Data metadata UNAVAILABLE",
                "INFO: Trying to retrieve RDF metadata through content negotiation from URL -: https:\/\/doi.org\/10.5281\/zenodo.3653878",
                "INFO: Retrieving page -: https:\/\/doi.org\/10.5281\/zenodo.3653878 as text\/turtle, application\/turtle, application\/x-turtle;q=0.8, application\/rdf+xml, text\/n3;q=0.9, text\/rdf+n3;q=0.9,application\/ld+json",
                "WARNING: Request failed, status code -: https:\/\/doi.org\/10.5281\/zenodo.3653878, text\/turtle, application\/turtle, application\/x-turtle;q=0.8, application\/rdf+xml, text\/n3;q=0.9, text\/rdf+n3;q=0.9,application\/ld+json - 422",
                "WARNING: No response received from -: https:\/\/doi.org\/10.5281\/zenodo.3653878, text\/turtle, application\/turtle, application\/x-turtle;q=0.8, application\/rdf+xml, text\/n3;q=0.9, text\/rdf+n3;q=0.9,application\/ld+json",
                "INFO: Linked Data metadata UNAVAILABLE",
                "INFO: Trying to retrieve datacite metadata",
                "INFO: Retrieving page -: https:\/\/doi.org\/10.5281\/zenodo.3653878 as application\/vnd.datacite.datacite+json",
                "INFO: Content negotiation on https:\/\/doi.org\/10.5281\/zenodo.3653878 accept=application\/vnd.datacite.datacite+json, status=200",
                "INFO: Creating Cached response content",
                "SUCCESS: Found Datacite metadata -: dict_keys(['object_identifier', 'object_type', 'creator', 'creator_first', 'creator_last', 'publisher', 'title', 'keywords', 'publication_date', 'license', 'summary', 'related_resources', 'datacite_client', 'access_level'])",
                "INFO: Found typed link or signposting link but will ignore (can't handle) mime type -:application\/gzip",
                "INFO: Type of object described by the metadata -: ['Dataset', 'http:\/\/schema.org\/WebPage']",
                "INFO: Testing if any metadata has been made available via common web standards",
                "INFO: Found some descriptive metadata elements -: dict_keys(['object_identifier', 'title', 'summary', 'publication_date', 'publisher', 'keywords', 'creator', 'license', 'object_type', 'object_content_identifier', 'related_resources', 'datacite_client', 'access_level'])",
                "SUCCESS: Found required core citation metadata elements -: ['creator', 'title', 'object_identifier', 'publication_date', 'publisher', 'object_type']",
                "INFO: Will exclusively consider community specific metadata properties which are specified in metrics -: {'name': ['creator', 'title', 'object_identifier', 'publication_date', 'publisher', 'object_type', 'summary', 'keywords']}",
                "SUCCESS: Found required core descriptive metadata elements -: ['creator', 'title', 'object_identifier', 'publication_date', 'publisher', 'object_type', 'summary', 'keywords']"
            ]
        },
        {
            "id": 4,
            "metric_identifier": "FsF-F3-01M",
            "metric_name": "Metadata includes the identifier of the data it describes.",
            "metric_tests": {
                "FsF-F3-01M-1": {
                    "metric_test_name": "Metadata contains data content related information (file name, size, type)",
                    "metric_test_requirements": [
                        {
                            "modality": "all",
                            "required": [
                                "type",
                                "size"
                            ],
                            "tested_on": "https:\/\/f-uji.net\/vocab\/metadata\/property\/object_content_identifier",
                            "comment": null,
                            "target": "https:\/\/f-uji.net\/vocab\/data\/property"
                        }
                    ],
                    "metric_test_score": {
                        "earned": 0.5,
                        "total": 0.5
                    },
                    "metric_test_maturity": 1,
                    "metric_test_status": "pass"
                },
                "FsF-F3-01M-2": {
                    "metric_test_name": "Metadata contains a PID or URL which indicates the location of the downloadable data content",
                    "metric_test_requirements": [
                        {
                            "modality": "any",
                            "required": null,
                            "tested_on": "https:\/\/f-uji.net\/vocab\/metadata\/property\/object_content_identifier",
                            "comment": null,
                            "target": "https:\/\/f-uji.net\/vocab\/data\/property\/url"
                        }
                    ],
                    "metric_test_score": {
                        "earned": 0.5,
                        "total": 0.5
                    },
                    "metric_test_maturity": 3,
                    "metric_test_status": "pass"
                }
            },
            "test_status": "pass",
            "score": {
                "earned": 1,
                "total": 1
            },
            "maturity": 3,
            "output": {
                "object_identifier_included": null,
                "object_content_identifier_included": [
                    {
                        "content_identifier_included": {
                            "url": "https:\/\/zenodo.org\/api\/records\/3653878\/files\/enterprise-oss.tar.gz\/content",
                            "type": "application\/gzip",
                            "size": "None"
                        }
                    }
                ]
            },
            "test_debug": [
                "INFO: Found data links in MetadataFormats.JSONLD metadata -: 1",
                "SUCCESS: Number of object content identifier found -: 1"
            ]
        },
        {
            "id": 5,
            "metric_identifier": "FsF-F4-01M",
            "metric_name": "Metadata is offered in such a way that it can be retrieved programmatically.",
            "metric_tests": {
                "FsF-F4-01M-1": {
                    "metric_test_name": "Metadata is given in a way major search engines can ingest it for their catalogues (JSON-LD, Dublin Core, RDFa)",
                    "metric_test_requirements": [
                        {
                            "modality": "any",
                            "required": {
                                "name": [
                                    "dublin-core",
                                    "schemaorg",
                                    "dcat-data-catalog-vocabulary"
                                ]
                            },
                            "tested_on": null,
                            "comment": null,
                            "target": "http:\/\/f-uji.net\/vocab\/metadata\/standard"
                        },
                        {
                            "modality": "any",
                            "required": {
                                "name": [
                                    "html_embedding",
                                    "microdata_rdfa"
                                ]
                            },
                            "tested_on": null,
                            "comment": null,
                            "target": "http:\/\/f-uji.net\/vocab\/metadata\/offering_method"
                        }
                    ],
                    "metric_test_score": {
                        "earned": 1,
                        "total": 1
                    },
                    "metric_test_maturity": 3,
                    "metric_test_status": "pass"
                },
                "FsF-F4-01M-2": {
                    "metric_test_name": "Metadata is registered in major research data registries (DataCite)",
                    "metric_test_requirements": [],
                    "metric_test_score": {
                        "earned": 1,
                        "total": 1
                    },
                    "metric_test_maturity": 2,
                    "metric_test_status": "pass"
                }
            },
            "test_status": "pass",
            "score": {
                "earned": 2,
                "total": 2
            },
            "maturity": 3,
            "output": {
                "search_mechanisms": [
                    {
                        "mechanism": "structured data",
                        "mechanism_info": [
                            "schemaorg via: html_embedding",
                            "dublin-core via: html_embedding",
                            "schemaorg via: microdata_rdfa"
                        ]
                    },
                    {
                        "mechanism": "metadata registry",
                        "mechanism_info": [
                            "DataCite Registry"
                        ]
                    }
                ]
            },
            "test_debug": [
                "INFO: Will exclusively consider community specific metadata standards for FsF-F4-01M-1 which are specified in metrics -: ['dublin-core', 'schemaorg', 'dcat-data-catalog-vocabulary']",
                "INFO: Will exclusively consider community specific metadata offering methods for FsF-F4-01M-1 which are specified in metrics -: ['html_embedding', 'microdata_rdfa']",
                "SUCCESS: Metadata is offered in a way major search engines can ingest it -: ['schemaorg via: html_embedding', 'dublin-core via: html_embedding', 'schemaorg via: microdata_rdfa']",
                "INFO: Querying DataCite API for -:10.5281\/zenodo.3653878",
                "INFO: Found identifier in DataCite catalogue -:10.5281\/zenodo.3653878",
                "INFO: Dataset already found in registry therefore skipping Google Dataset Search Cache query",
                "INFO: Dataset already found in registry therefore skipping Mendeley Data query",
                "SUCCESS: Metadata found through - metadata registry"
            ]
        },
        {
            "id": 10,
            "metric_identifier": "FsF-I1-01M",
            "metric_name": "Metadata is represented using a formal knowledge representation language.",
            "metric_tests": {
                "FsF-I1-01M-1": {
                    "metric_test_name": "Parsable, structured metadata (JSON-LD, RDFa) is embedded in the landing page XHTML\/HTML code",
                    "metric_test_requirements": [
                        {
                            "modality": "any",
                            "required": {
                                "name": [
                                    "RDF",
                                    "JSON-LD",
                                    "RDFa"
                                ]
                            },
                            "tested_on": null,
                            "comment": null,
                            "target": "http:\/\/f-uji.net\/vocab\/metadata\/format"
                        },
                        {
                            "modality": "any",
                            "required": {
                                "name": [
                                    "html_embedding",
                                    "microdata_rdfa"
                                ]
                            },
                            "tested_on": null,
                            "comment": null,
                            "target": "http:\/\/f-uji.net\/vocab\/metadata\/offering_method"
                        }
                    ],
                    "metric_test_score": {
                        "earned": 1,
                        "total": 1
                    },
                    "metric_test_maturity": 2,
                    "metric_test_status": "pass"
                },
                "FsF-I1-01M-2": {
                    "metric_test_name": "Parsable, graph data (RDF, JSON-LD) is accessible through content negotiation, typed links or sparql endpoint",
                    "metric_test_requirements": [
                        {
                            "modality": "any",
                            "required": {
                                "name": [
                                    "RDF",
                                    "JSON-LD",
                                    "RDFa"
                                ]
                            },
                            "tested_on": null,
                            "comment": null,
                            "target": "http:\/\/f-uji.net\/vocab\/metadata\/format"
                        },
                        {
                            "modality": "any",
                            "required": {
                                "name": [
                                    "content_negotiation"
                                ]
                            },
                            "tested_on": null,
                            "comment": null,
                            "target": "http:\/\/f-uji.net\/vocab\/metadata\/offering_method"
                        },
                        {
                            "modality": "any",
                            "required": {
                                "name": [
                                    "sparql"
                                ]
                            },
                            "tested_on": null,
                            "comment": null,
                            "target": "http:\/\/f-uji.net\/vocab\/metadata\/exchange_service"
                        }
                    ],
                    "metric_test_score": {
                        "earned": 1,
                        "total": 1
                    },
                    "metric_test_maturity": 3,
                    "metric_test_status": "pass"
                }
            },
            "test_status": "pass",
            "score": {
                "earned": 2,
                "total": 2
            },
            "maturity": 3,
            "output": [
                {
                    "serialization_format": "JSON-LD",
                    "source": "structured_data",
                    "is_metadata_found": true
                },
                {
                    "serialization_format": "JSON-LD",
                    "source": "content_negotiate",
                    "is_metadata_found": true
                }
            ],
            "test_debug": [
                "INFO: Check of structured data (RDF serialization) embedded in the data page",
                "INFO: JSON-LD (schema.org) serialization found in the data page - JSON-LD",
                "SUCCESS: Found structured data (RDF serialization) in the data page",
                "INFO: Check if RDF-based typed link included",
                "INFO: NO RDF-based typed link found",
                "INFO: Check if RDF metadata available through content negotiation",
                "INFO: JSON-LD graph retrieved through content negotiation, content type - JSON-LD",
                "SUCCESS: Found RDF content through content negotiation or typed links"
            ]
        },
        {
            "id": 11,
            "metric_identifier": "FsF-I2-01M",
            "metric_name": "Metadata uses semantic resources",
            "metric_tests": {
                "FsF-I2-01M-1": {
                    "metric_test_name": "Vocabulary namespace URIs can be identified in metadata",
                    "metric_test_requirements": [
                        {
                            "modality": null,
                            "required": null,
                            "tested_on": null,
                            "comment": "The sheer existence of namespaces declared in XML or RDF files is checked here. This test is not scored",
                            "target": null
                        }
                    ],
                    "metric_test_score": {
                        "earned": 0,
                        "total": 0
                    },
                    "metric_test_maturity": 1,
                    "metric_test_status": "pass"
                },
                "FsF-I2-01M-2": {
                    "metric_test_name": "Namespaces of known semantic resources can be identified in metadata",
                    "metric_test_requirements": [
                        {
                            "modality": "any",
                            "required": null,
                            "tested_on": null,
                            "comment": null,
                            "target": "http:\/\/f-uji.net\/vocab\/semantic_resource"
                        }
                    ],
                    "metric_test_score": {
                        "earned": 0,
                        "total": 1
                    },
                    "metric_test_maturity": 0,
                    "metric_test_status": "fail"
                }
            },
            "test_status": "pass",
            "score": {
                "earned": 0,
                "total": 1
            },
            "maturity": 1,
            "output": [],
            "test_debug": [
                "INFO: Removing default namespaces from 22 vocabulary namespaces found in structured metadata",
                "INFO: Default vocabulary namespace(s) excluded -: ['http:\/\/schema.org', 'https:\/\/schema.org', 'https:\/\/schema.org', 'http:\/\/purl.org\/dc\/elements\/1.1', 'http:\/\/www.w3.org\/1999\/02\/22-rdf-syntax-ns', 'http:\/\/ogp.me\/ns', 'http:\/\/schema.org']",
                "INFO: Removing default namespaces from 1 vocabulary namespaces extracted from links found in metadata",
                "INFO: Default vocabulary namespace(s) excluded -: ['http:\/\/schema.org']",
                "INFO: Check if known namespace(s) are used in structured metadata (RDF, XML) which exist(s) in a LOD registry -: ['https:\/\/zenodo.org\/api\/records\/3653878\/files\/enterprise-oss.tar.gz', 'http:\/\/schema.datacite.org\/meta\/kernel-4.3\/metadata.xsd', 'http:\/\/schema.datacite.org\/meta\/kernel-4\/metadata.xsd', 'http:\/\/datacite.org\/schema', 'http:\/\/www.openarchives.org\/OAI\/2.0\/oai_dc.xsd', 'https:\/\/creativecommons.org\/licenses\/by\/4.0', 'https:\/\/zenodo.org\/records', 'https:\/\/cordis.europa.eu\/projects', 'https:\/\/orcid.org', 'https:\/\/doi.org\/10.5281', 'http:\/\/schema.datacite.org\/oai\/oai-1.1\/oai.xsd', 'https:\/\/www.loc.gov\/standards\/marcxml\/schema\/MARC21slim.xsd']",
                "WARNING: NO known vocabulary namespace URI is found which is listed in  the LOD registry"
            ]
        },
        {
            "id": 12,
            "metric_identifier": "FsF-I3-01M",
            "metric_name": "Metadata includes links between the data and its related entities.",
            "metric_tests": {
                "FsF-I3-01M-1": {
                    "metric_test_name": "Related resources are explicitly mentioned in metadata",
                    "metric_test_requirements": [
                        {
                            "modality": "any",
                            "required": null,
                            "tested_on": "http:\/\/f-uji.net\/vocab\/metadata\/property\/related_resources",
                            "comment": "The presence of a (typed, default = related) related resource is checked, can be a string or URI",
                            "target": "http:\/\/f-uji.net\/vocab\/relation_type"
                        }
                    ],
                    "metric_test_score": {
                        "earned": 1,
                        "total": 1
                    },
                    "metric_test_maturity": 2,
                    "metric_test_status": "pass"
                },
                "FsF-I3-01M-2": {
                    "metric_test_name": "Related resources are indicated by machine readable links or identifiers",
                    "metric_test_requirements": [
                        {
                            "modality": null,
                            "required": null,
                            "tested_on": null,
                            "comment": "same as above but relations have to be machine readable\/actionable",
                            "target": null
                        }
                    ],
                    "metric_test_score": {
                        "earned": 1,
                        "total": 1
                    },
                    "metric_test_maturity": 3,
                    "metric_test_status": "pass"
                }
            },
            "test_status": "pass",
            "score": {
                "earned": 1,
                "total": 1
            },
            "maturity": 3,
            "output": [
                {
                    "related_resource": "10.5281\/zenodo.3653888",
                    "relation_type": "IsCompiledBy"
                },
                {
                    "related_resource": "arXiv:2002.03927",
                    "relation_type": "IsDocumentedBy"
                },
                {
                    "related_resource": "arXiv:2002.03927",
                    "relation_type": "IsReferencedBy"
                },
                {
                    "related_resource": "10.5281\/zenodo.3653877",
                    "relation_type": "IsVersionOf"
                }
            ],
            "test_debug": [
                "INFO: No related resource(s) found in DublinCore metadata",
                "INFO: No related resource(s) found in Schema.org metadata",
                "INFO: 4 related resource(s) extracted from -: DATACITE_JSON_NEGOTIATED",
                "SUCCESS: Number of related resources found in metadata -: 4"
            ]
        },
        {
            "id": 13,
            "metric_identifier": "FsF-R1-01MD",
            "metric_name": "Metadata specifies the content of the data.",
            "metric_tests": {
                "FsF-R1-01MD-1": {
                    "metric_test_name": "Minimal information about available data content is given in metadata",
                    "metric_test_requirements": [],
                    "metric_test_score": {
                        "earned": 1,
                        "total": 1
                    },
                    "metric_test_maturity": 1,
                    "metric_test_status": "pass"
                },
                "FsF-R1-01MD-1a": {
                    "metric_test_name": "Resource type (e.g. dataset) is given in metadata",
                    "metric_test_requirements": [],
                    "metric_test_score": {
                        "earned": 0,
                        "total": 0
                    },
                    "metric_test_maturity": null,
                    "metric_test_status": "pass"
                },
                "FsF-R1-01MD-1b": {
                    "metric_test_name": "Information about data content (e.g. links) is given in metadata",
                    "metric_test_requirements": [],
                    "metric_test_score": {
                        "earned": 0,
                        "total": 0
                    },
                    "metric_test_maturity": null,
                    "metric_test_status": "pass"
                },
                "FsF-R1-01MD-2": {
                    "metric_test_name": "Verifiable data descriptors (file info, measured variables or observation types) are specified in metadata",
                    "metric_test_requirements": [],
                    "metric_test_score": {
                        "earned": 0,
                        "total": 1
                    },
                    "metric_test_maturity": 0,
                    "metric_test_status": "fail"
                },
                "FsF-R1-01MD-2a": {
                    "metric_test_name": "File size and type information are specified in metadata",
                    "metric_test_requirements": [],
                    "metric_test_score": {
                        "earned": 0,
                        "total": 0
                    },
                    "metric_test_maturity": 0,
                    "metric_test_status": "fail"
                },
                "FsF-R1-01MD-2b": {
                    "metric_test_name": "Measured variables or observation types are specified in metadata",
                    "metric_test_requirements": [],
                    "metric_test_score": {
                        "earned": 0,
                        "total": 0
                    },
                    "metric_test_maturity": 0,
                    "metric_test_status": "fail"
                },
                "FsF-R1-01MD-3": {
                    "metric_test_name": "Data content matches file type and size specified in metadata",
                    "metric_test_requirements": [],
                    "metric_test_score": {
                        "earned": 0,
                        "total": 1
                    },
                    "metric_test_maturity": 0,
                    "metric_test_status": "fail"
                },
                "FsF-R1-01MD-4": {
                    "metric_test_name": "Data content matches measured variables or observation types specified in metadata",
                    "metric_test_requirements": [],
                    "metric_test_score": {
                        "earned": 0,
                        "total": 1
                    },
                    "metric_test_maturity": 0,
                    "metric_test_status": "fail"
                }
            },
            "test_status": "pass",
            "score": {
                "earned": 1,
                "total": 4
            },
            "maturity": 1,
            "output": {
                "object_type": "webpage",
                "data_content_descriptor": []
            },
            "test_debug": [
                "INFO: Successfully parsed data object file using TIKA",
                "INFO: File request status code -: 200",
                "INFO: Succesfully parsed data file(s) -: https:\/\/zenodo.org\/api\/records\/3653878\/files\/enterprise-oss.tar.gz\/content",
                "INFO: Object landing page accessible status -: True",
                "SUCCESS: Valid resource type (e.g. subtype of schema.org\/CreativeWork, DCMI Type  or DataCite resourceType) specified -: dataset",
                "SUCCESS: Valid resource type (e.g. subtype of schema.org\/CreativeWork, DCMI Type  or DataCite resourceType) specified -: webpage",
                "WARNING: NO info about file size available in given metadata -:",
                "WARNING: NO measured variables found in metadata, skip 'measured_variable' test."
            ]
        },
        {
            "id": 14,
            "metric_identifier": "FsF-R1.1-01M",
            "metric_name": "Metadata includes license information under which data can be reused.",
            "metric_tests": {
                "FsF-R1.1-01M-1": {
                    "metric_test_name": "Licence information is given in an appropriate metadata element",
                    "metric_test_requirements": [],
                    "metric_test_score": {
                        "earned": 1,
                        "total": 1
                    },
                    "metric_test_maturity": 1,
                    "metric_test_status": "pass"
                },
                "FsF-R1.1-01M-2": {
                    "metric_test_name": "Recognized licence is valid (community specific or registered at SPDX)",
                    "metric_test_requirements": [],
                    "metric_test_score": {
                        "earned": 1,
                        "total": 1
                    },
                    "metric_test_maturity": 3,
                    "metric_test_status": "pass"
                }
            },
            "test_status": "pass",
            "score": {
                "earned": 2,
                "total": 2
            },
            "maturity": 3,
            "output": [
                {
                    "license": "https:\/\/creativecommons.org\/licenses\/by\/4.0\/legalcode",
                    "osi_approved": true,
                    "details_url": "https:\/\/creativecommons.org\/licenses\/by\/4.0\/legalcode"
                },
                {
                    "license": "info:eu-repo\/semantics\/openAccess",
                    "osi_approved": false,
                    "details_url": null
                },
                {
                    "license": "https:\/\/creativecommons.org\/licenses\/by\/4.0\/legalcode",
                    "osi_approved": true,
                    "details_url": "https:\/\/creativecommons.org\/licenses\/by\/4.0\/legalcode"
                }
            ],
            "test_debug": [
                "INFO: License metadata found (schema.org) -: ['https:\/\/creativecommons.org\/licenses\/by\/4.0\/legalcode', 'info:eu-repo\/semantics\/openAccess']",
                "INFO: License expressed as access condition (rights), therefore moved from FsF-A1-01M -: https:\/\/creativecommons.org\/licenses\/by\/4.0\/legalcode",
                "INFO: Found CreativeCommons license -: https:\/\/creativecommons.org\/licenses\/by\/4.0\/legalcode",
                "SUCCESS: Found SPDX license representation (spdx url, osi_approved)",
                "INFO: License verification name through SPDX registry -: info:eu-repo\/semantics\/openAccess",
                "WARNING: NO SPDX license representation (spdx url, osi_approved) found",
                "INFO: Found CreativeCommons license -: https:\/\/creativecommons.org\/licenses\/by\/4.0\/legalcode",
                "SUCCESS: Found SPDX license representation (spdx url, osi_approved)",
                "SUCCESS: Found licence information in metadata",
                "INFO: Will consider all SPDX licenses as community specific licenses for FsF-R1.1-01M"
            ]
        },
        {
            "id": 6,
            "metric_identifier": "FsF-A1-01M",
            "metric_name": "Metadata contains access level and access conditions of the data.",
            "metric_tests": {
                "FsF-A1-01M-1": {
                    "metric_test_name": "Information about access restrictions or rights can be identified in metadata",
                    "metric_test_requirements": [
                        {
                            "modality": "any",
                            "required": null,
                            "tested_on": null,
                            "comment": null,
                            "target": "http:\/\/f-uji.net\/vocab\/metadata\/property\/access_level"
                        }
                    ],
                    "metric_test_score": {
                        "earned": 0.5,
                        "total": 0.5
                    },
                    "metric_test_maturity": 1,
                    "metric_test_status": "pass"
                },
                "FsF-A1-01M-3": {
                    "metric_test_name": "Data access information is indicated by (not machine readable) standard terms",
                    "metric_test_requirements": [
                        {
                            "modality": "any",
                            "required": null,
                            "tested_on": "http:\/\/f-uji.net\/vocab\/metadata\/property\/access_level",
                            "comment": "label and id",
                            "target": "http:\/\/f-uji.net\/vocab\/access_condition"
                        }
                    ],
                    "metric_test_score": {
                        "earned": 0,
                        "total": 1
                    },
                    "metric_test_maturity": 0,
                    "metric_test_status": "fail"
                },
                "FsF-A1-01M-2": {
                    "metric_test_name": "Data access information is machine readable",
                    "metric_test_requirements": [
                        {
                            "modality": "any",
                            "required": null,
                            "tested_on": "http:\/\/f-uji.net\/vocab\/metadata\/property\/access_level",
                            "comment": "identifier (namespace)",
                            "target": "http:\/\/f-uji.net\/vocab\/access_condition"
                        }
                    ],
                    "metric_test_score": {
                        "earned": 1,
                        "total": 1
                    },
                    "metric_test_maturity": 3,
                    "metric_test_status": "pass"
                }
            },
            "test_status": "pass",
            "score": {
                "earned": 1,
                "total": 1
            },
            "maturity": 3,
            "output": {
                "access_level": "public",
                "access_details": {
                    "access_condition": "info:eu-repo\/semantics\/openAccess"
                }
            },
            "test_debug": [
                "INFO: License verification name through SPDX registry -: info:eu-repo\/semantics\/openAccess",
                "INFO: Access condition does not look like license, therefore continuing -: info:eu-repo\/semantics\/openAccess",
                "INFO: Found CreativeCommons license -: https:\/\/creativecommons.org\/licenses\/by\/4.0\/legalcode",
                "WARNING: Access condition looks like license, therefore the following is ignored -: https:\/\/creativecommons.org\/licenses\/by\/4.0\/legalcode",
                "INFO: Found access rights information in dedicated metadata element -: ['info:eu-repo\/semantics\/openAccess']",
                "INFO: Access right information specified -: info:eu-repo\/semantics\/openAccess",
                "INFO: Standardized actionable access level recognized as -:public",
                "SUCCESS: Access level to data could successfully be determined -: public"
            ]
        },
        {
            "id": 15,
            "metric_identifier": "FsF-R1.2-01M",
            "metric_name": "Metadata includes provenance information about data creation or generation.",
            "metric_tests": {
                "FsF-R1.2-01M-1": {
                    "metric_test_name": "Metadata contains elements which hold provenance information and can be mapped to PROV",
                    "metric_test_requirements": [],
                    "metric_test_score": {
                        "earned": 1,
                        "total": 1
                    },
                    "metric_test_maturity": 2,
                    "metric_test_status": "pass"
                },
                "FsF-R1.2-01M-2": {
                    "metric_test_name": "Metadata contains provenance information using formal provenance ontologies (PROV-O)",
                    "metric_test_requirements": [],
                    "metric_test_score": {
                        "earned": 0,
                        "total": 1
                    },
                    "metric_test_maturity": 0,
                    "metric_test_status": "fail"
                }
            },
            "test_status": "pass",
            "score": {
                "earned": 1,
                "total": 2
            },
            "maturity": 2,
            "output": {
                "provenance_metadata_included": {
                    "is_available": true,
                    "provenance_metadata": [
                        {
                            "prov_o_mapping": "prov:generatedAtTime",
                            "metadata_element": "publication_date",
                            "metadata_value": "2020-02-07"
                        },
                        {
                            "prov_o_mapping": "prov:wasAttributedTo",
                            "metadata_element": "publisher",
                            "metadata_value": [
                                "Zenodo",
                                {
                                    "name": "Zenodo"
                                }
                            ]
                        },
                        {
                            "prov_o_mapping": "prov:wasAttributedTo",
                            "metadata_element": "creator",
                            "metadata_value": [
                                "Louridas",
                                "Spinellis",
                                "Kravvaritis",
                                "Theodorou",
                                "Kotti",
                                "Panos Louridas",
                                "Diomidis Spinellis",
                                "Konstantinos Kravvaritis",
                                "Georgios Theodorou",
                                "Zoe Kotti",
                                "Kotti, Zoe",
                                "Spinellis, Diomidis",
                                "Theodorou, Georgios",
                                "Kravvaritis, Konstantinos",
                                "Louridas, Panos"
                            ]
                        }
                    ]
                },
                "structured_provenance_available": {
                    "is_available": false,
                    "provenance_metadata": []
                }
            },
            "test_debug": [
                "INFO: Check if provenance information is available in descriptive metadata",
                "INFO: Check if provenance information is available in metadata about related resources",
                "SUCCESS: Found data creation-related provenance information",
                "INFO: Check if provenance specific namespaces are listed in metadata",
                "WARNING: Formal provenance metadata is unavailable"
            ]
        },
        {
            "id": 16,
            "metric_identifier": "FsF-R1.3-01M",
            "metric_name": "Metadata follows a standard recommended by the target research community of the data.",
            "metric_tests": {
                "FsF-R1.3-01M-1": {
                    "metric_test_name": "Community specific metadata standard is detected using namespaces or schemas found in provided metadata or metadata services outputs",
                    "metric_test_requirements": [
                        {
                            "modality": "any except",
                            "required": {
                                "field_of_science": [
                                    "science",
                                    "generic"
                                ]
                            },
                            "tested_on": null,
                            "comment": "test performed on namespaces or schemas found in exposed metadata",
                            "target": "https:\/\/f-uji.net\/vocab\/metadata\/standards"
                        }
                    ],
                    "metric_test_score": {
                        "earned": 1,
                        "total": 1
                    },
                    "metric_test_maturity": 3,
                    "metric_test_status": "pass"
                },
                "FsF-R1.3-01M-2": {
                    "metric_test_name": "Community specific metadata standard is listed in the re3data record of the responsible repository",
                    "metric_test_requirements": [
                        {
                            "modality": "any except",
                            "required": {
                                "field_of_science": [
                                    "science",
                                    "generic"
                                ]
                            },
                            "tested_on": null,
                            "comment": "test is performed using information collected from re3data",
                            "target": "https:\/\/f-uji.net\/vocab\/metadata\/standards"
                        }
                    ],
                    "metric_test_score": {
                        "earned": 0,
                        "total": 1
                    },
                    "metric_test_maturity": 0,
                    "metric_test_status": "fail"
                },
                "FsF-R1.3-01M-3": {
                    "metric_test_name": "Multidisciplinary but community endorsed metadata (RDA Metadata Standards Catalog, fairsharing) standard is listed in the re3data record or detected by namespace",
                    "metric_test_requirements": [
                        {
                            "modality": "any",
                            "required": {
                                "field_of_science": [
                                    "science",
                                    "generic"
                                ],
                                "source": [
                                    "rd-alliance.org",
                                    "fairsharing.org"
                                ]
                            },
                            "tested_on": null,
                            "comment": null,
                            "target": "https:\/\/f-uji.net\/vocab\/metadata\/standards"
                        }
                    ],
                    "metric_test_score": {
                        "earned": 1,
                        "total": 1
                    },
                    "metric_test_maturity": 1,
                    "metric_test_status": "pass"
                }
            },
            "test_status": "pass",
            "score": {
                "earned": 1,
                "total": 1
            },
            "maturity": 3,
            "output": [
                {
                    "metadata_standard": "Schema.org",
                    "url": "http:\/\/schema.org",
                    "subject_areas": [
                        "sciences"
                    ],
                    "type": "generic",
                    "source": [
                        "https:\/\/doi.org\/10.25504\/FAIRsharing.hzdzq8",
                        "https:\/\/rdamsc.bath.ac.uk\/msc\/m101"
                    ]
                },
                {
                    "metadata_standard": "Schema.org",
                    "url": "https:\/\/schema.org\/",
                    "subject_areas": [
                        "sciences"
                    ],
                    "type": "generic",
                    "source": [
                        "https:\/\/doi.org\/10.25504\/FAIRsharing.hzdzq8",
                        "https:\/\/rdamsc.bath.ac.uk\/msc\/m101"
                    ]
                },
                {
                    "metadata_standard": "Schema.org",
                    "url": "https:\/\/schema.org",
                    "subject_areas": [
                        "sciences"
                    ],
                    "type": "generic",
                    "source": [
                        "https:\/\/doi.org\/10.25504\/FAIRsharing.hzdzq8",
                        "https:\/\/rdamsc.bath.ac.uk\/msc\/m101"
                    ]
                },
                {
                    "metadata_standard": "Schema.org",
                    "url": "http:\/\/schema.org\/",
                    "subject_areas": [
                        "sciences"
                    ],
                    "type": "generic",
                    "source": [
                        "https:\/\/doi.org\/10.25504\/FAIRsharing.hzdzq8",
                        "https:\/\/rdamsc.bath.ac.uk\/msc\/m101"
                    ]
                },
                {
                    "metadata_standard": "Dublin Core",
                    "url": "http:\/\/purl.org\/dc\/elements\/1.1\/",
                    "subject_areas": [
                        "sciences"
                    ],
                    "type": "generic",
                    "source": [
                        "https:\/\/rdamsc.bath.ac.uk\/msc\/m15",
                        "https:\/\/doi.org\/10.25504\/FAIRsharing.3nx7t",
                        "http:\/\/www.dcc.ac.uk\/resources\/metadata-standards\/dublin-core"
                    ]
                },
                {
                    "metadata_standard": "DataCite Metadata Schema",
                    "url": "http:\/\/www.dcc.ac.uk\/resources\/metadata-standards\/datacite-metadata-schema",
                    "subject_areas": [
                        "sciences"
                    ],
                    "type": "generic",
                    "source": [
                        "https:\/\/rdamsc.bath.ac.uk\/msc\/m11",
                        "https:\/\/doi.org\/10.25504\/FAIRsharing.me4qwe",
                        "http:\/\/www.dcc.ac.uk\/resources\/metadata-standards\/datacite-metadata-schema"
                    ]
                },
                {
                    "metadata_standard": "Dublin Core",
                    "url": "http:\/\/www.dcc.ac.uk\/resources\/metadata-standards\/dublin-core",
                    "subject_areas": [
                        "sciences"
                    ],
                    "type": "generic",
                    "source": [
                        "https:\/\/rdamsc.bath.ac.uk\/msc\/m15",
                        "https:\/\/doi.org\/10.25504\/FAIRsharing.3nx7t",
                        "http:\/\/www.dcc.ac.uk\/resources\/metadata-standards\/dublin-core"
                    ]
                },
                {
                    "metadata_standard": "Open Archive Initiative Dublin Core (OAI DC)",
                    "url": "http:\/\/www.openarchives.org\/OAI\/2.0\/oai_dc.xsd",
                    "subject_areas": [
                        "sciences"
                    ],
                    "type": "generic",
                    "source": [
                        "fuji:m44",
                        "https:\/\/doi.org\/10.25504\/FAIRsharing.0417cf"
                    ]
                },
                {
                    "metadata_standard": "DataCite Metadata Schema",
                    "url": "http:\/\/schema.datacite.org\/meta\/kernel-4.3\/metadata.xsd",
                    "subject_areas": [
                        "sciences"
                    ],
                    "type": "generic",
                    "source": [
                        "https:\/\/rdamsc.bath.ac.uk\/msc\/m11",
                        "https:\/\/doi.org\/10.25504\/FAIRsharing.me4qwe",
                        "http:\/\/www.dcc.ac.uk\/resources\/metadata-standards\/datacite-metadata-schema"
                    ]
                },
                {
                    "metadata_standard": "DataCite Metadata Schema",
                    "url": "http:\/\/schema.datacite.org\/meta\/kernel-4\/metadata.xsd",
                    "subject_areas": [
                        "sciences"
                    ],
                    "type": "generic",
                    "source": [
                        "https:\/\/rdamsc.bath.ac.uk\/msc\/m11",
                        "https:\/\/doi.org\/10.25504\/FAIRsharing.me4qwe",
                        "http:\/\/www.dcc.ac.uk\/resources\/metadata-standards\/datacite-metadata-schema"
                    ]
                },
                {
                    "metadata_standard": "MARC (Machine-Readable Cataloging)",
                    "url": "https:\/\/www.loc.gov\/standards\/marcxml\/schema\/MARC21slim.xsd",
                    "subject_areas": [
                        "humanities",
                        "library sciences",
                        "sciences"
                    ],
                    "type": "disciplinary",
                    "source": [
                        "https:\/\/rdamsc.bath.ac.uk\/msc\/m88",
                        "https:\/\/doi.org\/10.25504\/FAIRsharing.217b1b"
                    ]
                }
            ],
            "test_debug": [
                "INFO: re3data\/datacite client id -: cern.zenodo",
                "INFO: Found match re3data (DOI-based) record",
                "INFO: Found match re3data metadata record -: https:\/\/www.re3data.org\/api\/beta\/repository\/r3d100010468",
                "INFO: Domain name listed in re3data metadata record matches landing page domain-: zenodo.org",
                "INFO: Namespaces included in the metadata -: ['http:\/\/www.w3.org\/1999\/02\/22-rdf-syntax-ns#', 'https:\/\/zenodo.org\/api\/records\/3653878\/files\/enterprise-oss.tar.gz', 'https:\/\/orcid.org', 'http:\/\/schema.org', 'http:\/\/datacite.org\/schema\/', 'https:\/\/schema.org\/', 'https:\/\/schema.org', 'https:\/\/doi.org\/10.5281', 'http:\/\/ogp.me\/ns#', 'https:\/\/creativecommons.org\/licenses\/by\/4.0', 'https:\/\/zenodo.org\/records', 'http:\/\/schema.org\/', 'https:\/\/cordis.europa.eu\/projects', 'http:\/\/purl.org\/dc\/elements\/1.1\/']",
                "INFO: Found non-disciplinary standard (but RDA listed) -: via ns:  Schema.org - http:\/\/schema.org",
                "INFO: Found non-disciplinary standard (but RDA listed) -: via ns:  Schema.org - https:\/\/schema.org\/",
                "INFO: Found non-disciplinary standard (but RDA listed) -: via ns:  Schema.org - https:\/\/schema.org",
                "INFO: Found disciplinary standard -: via ns : The Open Graph protocol metadata format - http:\/\/ogp.me\/ns#",
                "INFO: Found non-disciplinary standard (but RDA listed) -: via ns:  Schema.org - http:\/\/schema.org\/",
                "INFO: Found non-disciplinary standard (but RDA listed) -: via ns:  Dublin Core - http:\/\/purl.org\/dc\/elements\/1.1\/",
                "INFO: Retrieving API and Standards",
                "INFO: Trying to retrieve metadata info from re3data\/datacite services using client id -: cern.zenodo",
                "INFO: Inferring metadata service endpoint (OAI, SPARQL) information and listed metadata formats through re3data\/datacite services",
                "INFO: Found metadata service endpoint (OAI, SPARQL) listed in re3data record -: ('https:\/\/zenodo.org\/oai2d', None)",
                "INFO: Found non-disciplinary standard (but RDA listed) -: via re3data:  DataCite Metadata Schema - http:\/\/www.dcc.ac.uk\/resources\/metadata-standards\/datacite-metadata-schema",
                "INFO: Found non-disciplinary standard (but RDA listed) -: via re3data:  Dublin Core - http:\/\/www.dcc.ac.uk\/resources\/metadata-standards\/dublin-core",
                "INFO: Metadata standards listed in re3data record -: ['DataCite Metadata Schema', 'Dublin Core']",
                "INFO: Use OAI-PMH endpoint to retrieve standards used by the repository -: https:\/\/zenodo.org\/oai2d",
                "INFO: Retrieving page -: https:\/\/zenodo.org\/oai2d?verb=ListMetadataFormats as application\/xml, text\/xml;q=0.5",
                "INFO: Content negotiation on https:\/\/zenodo.org\/oai2d?verb=ListMetadataFormats accept=application\/xml, text\/xml;q=0.5, status=200",
                "INFO: Creating Cached response content",
                "INFO: Found XML document!",
                "INFO: Found non-disciplinary standard (but RDA listed) -: via oai-pmh:  Open Archive Initiative Dublin Core (OAI DC) - http:\/\/www.openarchives.org\/OAI\/2.0\/oai_dc.xsd",
                "INFO: Found non-disciplinary standard (but RDA listed) -: via oai-pmh:  DataCite Metadata Schema - http:\/\/schema.datacite.org\/meta\/kernel-4.3\/metadata.xsd",
                "INFO: Found non-disciplinary standard (but RDA listed) -: via oai-pmh:  DataCite Metadata Schema - http:\/\/schema.datacite.org\/meta\/kernel-4\/metadata.xsd",
                "INFO: Found disciplinary standard -: via oai-pmh : MARC (Machine-Readable Cataloging) - https:\/\/www.loc.gov\/standards\/marcxml\/schema\/MARC21slim.xsd",
                "INFO: Found metadata standards that are listed in OAI-PMH endpoint -: ['MARC (Machine-Readable Cataloging)']",
                "SUCCESS: Found non-disciplinary standards (but RDA listed) using namespaces or schemas found in re3data record or via provided metadata or metadata services outputs",
                "SUCCESS: Found disciplinary standard using namespaces or schemas found in provided metadata or metadata services outputs"
            ]
        },
        {
            "id": 17,
            "metric_identifier": "FsF-R1.3-02D",
            "metric_name": "Data is available in a file format recommended by the target research community.",
            "metric_tests": {
                "FsF-R1.3-02D-1": {
                    "metric_test_name": "The format of a data file given in the metadata is listed in the long term file formats, open file formats or scientific file formats controlled list",
                    "metric_test_requirements": [],
                    "metric_test_score": {
                        "earned": 1,
                        "total": 1
                    },
                    "metric_test_maturity": null,
                    "metric_test_status": "pass"
                },
                "FsF-R1.3-02D-1a": {
                    "metric_test_name": "The format of the data file is an open format",
                    "metric_test_requirements": [],
                    "metric_test_score": {
                        "earned": 0,
                        "total": 0
                    },
                    "metric_test_maturity": 1,
                    "metric_test_status": "pass"
                },
                "FsF-R1.3-02D-1b": {
                    "metric_test_name": "The format of the data file is a long term format",
                    "metric_test_requirements": [],
                    "metric_test_score": {
                        "earned": 0,
                        "total": 0
                    },
                    "metric_test_maturity": 2,
                    "metric_test_status": "pass"
                },
                "FsF-R1.3-02D-1c": {
                    "metric_test_name": "The format of the data file is a scientific format",
                    "metric_test_requirements": [],
                    "metric_test_score": {
                        "earned": 0,
                        "total": 0
                    },
                    "metric_test_maturity": 0,
                    "metric_test_status": "fail"
                }
            },
            "test_status": "pass",
            "score": {
                "earned": 1,
                "total": 1
            },
            "maturity": 2,
            "output": [
                {
                    "file_uri": "https:\/\/zenodo.org\/api\/records\/3653878\/files\/enterprise-oss.tar.gz\/content",
                    "mime_type": "application\/x-gtar",
                    "is_preferred_format": false,
                    "preference_reason": [],
                    "subject_areas": []
                },
                {
                    "file_uri": "https:\/\/zenodo.org\/api\/records\/3653878\/files\/enterprise-oss.tar.gz\/content",
                    "mime_type": "text\/x-web-markdown",
                    "is_preferred_format": true,
                    "preference_reason": [
                        "generic science format",
                        "open format",
                        "long term format"
                    ],
                    "subject_areas": [
                        "General"
                    ]
                },
                {
                    "file_uri": "https:\/\/zenodo.org\/api\/records\/3653878\/files\/enterprise-oss.tar.gz\/content",
                    "mime_type": "text\/tsv",
                    "is_preferred_format": true,
                    "preference_reason": [
                        "generic science format",
                        "open format",
                        "long term format"
                    ],
                    "subject_areas": [
                        "General"
                    ]
                },
                {
                    "file_uri": "https:\/\/zenodo.org\/api\/records\/3653878\/files\/enterprise-oss.tar.gz\/content",
                    "mime_type": "application\/gtar",
                    "is_preferred_format": false,
                    "preference_reason": [],
                    "subject_areas": []
                },
                {
                    "file_uri": "https:\/\/zenodo.org\/api\/records\/3653878\/files\/enterprise-oss.tar.gz\/content",
                    "mime_type": "text\/web-markdown",
                    "is_preferred_format": true,
                    "preference_reason": [
                        "generic science format",
                        "open format",
                        "long term format"
                    ],
                    "subject_areas": [
                        "General"
                    ]
                }
            ],
            "test_debug": [
                "INFO: Data content identifier provided -: ['https:\/\/zenodo.org\/api\/records\/3653878\/files\/enterprise-oss.tar.gz\/content']",
                "INFO: Found mime type in metadata -: application\/gzip",
                "INFO: Archiving\/compression format specified -: application\/gzip",
                "INFO: Extracted file formats for selected data object (see FsF-R1-01MD) -: ['application\/x-gtar', 'text\/x-web-markdown', 'text\/tsv', 'application\/gtar', 'text\/web-markdown']",
                "SUCCESS: Could identify a file format commonly used by the scientific community -:text\/x-web-markdown",
                "SUCCESS: Could identify a file format commonly used by the scientific community -:text\/tsv",
                "SUCCESS: Could identify a file format commonly used by the scientific community -:text\/web-markdown"
            ]
        },
        {
            "id": 8,
            "metric_identifier": "FsF-A1-03D",
            "metric_name": "Data is accessible through a standardized communication protocol.",
            "metric_tests": {
                "FsF-A1-03D-1": {
                    "metric_test_name": "Metadata includes a resolvable link to data based on standardized web communication protocols.",
                    "metric_test_requirements": [],
                    "metric_test_score": {
                        "earned": 1,
                        "total": 1
                    },
                    "metric_test_maturity": 3,
                    "metric_test_status": "pass"
                }
            },
            "test_status": "pass",
            "score": {
                "earned": 1,
                "total": 1
            },
            "maturity": 3,
            "output": {
                "standard_data_protocol": {
                    "https": {
                        "name": "Hyper Text Transfer Protocol Secure"
                    }
                }
            },
            "test_debug": [
                "SUCCESS: Standard protocol for access to data object found -: https"
            ]
        },
        {
            "id": 7,
            "metric_identifier": "FsF-A1-02M",
            "metric_name": "Metadata is accessible through a standardized communication protocol.",
            "metric_tests": {
                "FsF-A1-02M-1": {
                    "metric_test_name": "Landing page link is based on standardized web communication protocols.",
                    "metric_test_requirements": [],
                    "metric_test_score": {
                        "earned": 1,
                        "total": 1
                    },
                    "metric_test_maturity": 3,
                    "metric_test_status": "pass"
                }
            },
            "test_status": "pass",
            "score": {
                "earned": 1,
                "total": 1
            },
            "maturity": 3,
            "output": {
                "standard_metadata_protocol": {
                    "https": {
                        "name": "Hyper Text Transfer Protocol Secure"
                    }
                }
            },
            "test_debug": [
                "SUCCESS: Standard protocol for access to metadata found -: https"
            ]
        }
    ]
}