{
    "test_id": "902d802798071b89f29bd94b37b5ba7972445b2b",
    "request": {
        "object_identifier": "https:\/\/doi.org\/10.4121\/uuid:68a0e837-4fda-407a-949e-a159546e67b6",
        "metadata_service_endpoint": "",
        "metadata_service_type": "oai_pmh",
        "test_debug": true,
        "use_datacite": true,
        "metric_version": "metrics_v0.5",
        "normalized_object_identifier": "10.4121\/uuid:68a0e837-4fda-407a-949e-a159546e67b6"
    },
    "resolved_url": "https:\/\/data.4tu.nl\/articles\/_\/12698027\/1",
    "start_timestamp": "2024-11-11T22:23:00Z",
    "end_timestamp": "2024-11-11T22:23:04Z",
    "metric_specification": "https:\/\/doi.org\/10.5281\/zenodo.6461229",
    "metric_version": "metrics_v0.5",
    "software_version": "3.2.0",
    "total_metrics": 16,
    "summary": {
        "score_earned": {
            "A": 1.5,
            "F": 7,
            "I": 3,
            "R": 4,
            "A1": 1.5,
            "F1": 2,
            "F2": 2,
            "F3": 1,
            "F4": 2,
            "I1": 2,
            "I2": 0,
            "I3": 1,
            "R1": 1,
            "R1.1": 1,
            "R1.2": 1,
            "R1.3": 1,
            "FAIR": 15.5
        },
        "score_total": {
            "A": 3,
            "F": 7,
            "I": 4,
            "R": 10,
            "A1": 3,
            "F1": 2,
            "F2": 2,
            "F3": 1,
            "F4": 2,
            "I1": 2,
            "I2": 1,
            "I3": 1,
            "R1": 4,
            "R1.1": 2,
            "R1.2": 2,
            "R1.3": 2,
            "FAIR": 24
        },
        "score_percent": {
            "A": 50,
            "F": 100,
            "I": 75,
            "R": 40,
            "A1": 50,
            "F1": 100,
            "F2": 100,
            "F3": 100,
            "F4": 100,
            "I1": 100,
            "I2": 0,
            "I3": 100,
            "R1": 25,
            "R1.1": 50,
            "R1.2": 50,
            "R1.3": 50,
            "FAIR": 64.58
        },
        "status_total": {
            "A1": 3,
            "F1": 2,
            "F2": 1,
            "F3": 1,
            "F4": 1,
            "I1": 1,
            "I2": 1,
            "I3": 1,
            "R1": 1,
            "R1.1": 1,
            "R1.2": 1,
            "R1.3": 2,
            "A": 3,
            "F": 5,
            "I": 3,
            "R": 5,
            "FAIR": 16
        },
        "status_passed": {
            "A1": 2,
            "F1": 2,
            "F2": 1,
            "F3": 1,
            "F4": 1,
            "I1": 1,
            "I2": 1,
            "I3": 1,
            "R1": 1,
            "R1.1": 1,
            "R1.2": 1,
            "R1.3": 1,
            "A": 2,
            "F": 5,
            "I": 3,
            "R": 4,
            "FAIR": 14
        },
        "maturity": {
            "A": 1,
            "F": 3,
            "I": 2,
            "R": 1,
            "A1": 1,
            "F1": 3,
            "F2": 3,
            "F3": 3,
            "F4": 3,
            "I1": 3,
            "I2": 1,
            "I3": 2,
            "R1": 1,
            "R1.1": 1,
            "R1.2": 2,
            "R1.3": 2,
            "FAIR": 1.75
        }
    },
    "results": [
        {
            "id": 1,
            "metric_identifier": "FsF-F1-01D",
            "metric_name": "Data is assigned a globally unique identifier.",
            "metric_tests": {
                "FsF-F1-01D-1": {
                    "metric_test_name": "Identifier is resolvable and follows a defined unique identifier syntax (IRI, URL)",
                    "metric_test_requirements": [
                        {
                            "modality": "any",
                            "required": null,
                            "tested_on": "https:\/\/f-uji.net\/vocab\/metadata\/property\/object_identifier",
                            "comment": "identifier can be given as user input",
                            "target": "https:\/\/f-uji.net\/vocab\/identifier"
                        }
                    ],
                    "metric_test_score": {
                        "earned": 1,
                        "total": 1
                    },
                    "metric_test_maturity": 3,
                    "metric_test_status": "pass"
                },
                "FsF-F1-01D-2": {
                    "metric_test_name": "Identifier is not resolvable but follows an UUID or HASH type syntax",
                    "metric_test_requirements": [
                        {
                            "modality": "any",
                            "required": {
                                "name": [
                                    "uuid",
                                    "hash"
                                ]
                            },
                            "tested_on": "https:\/\/f-uji.net\/vocab\/metadata\/property\/object_identifier",
                            "comment": "identifier can be given as user input",
                            "target": "https:\/\/f-uji.net\/vocab\/identifier\/unique"
                        }
                    ],
                    "metric_test_score": {
                        "earned": 0,
                        "total": 0.5
                    },
                    "metric_test_maturity": 0,
                    "metric_test_status": "fail"
                }
            },
            "test_status": "pass",
            "score": {
                "earned": 1,
                "total": 1
            },
            "maturity": 3,
            "output": {
                "guid": "https:\/\/doi.org\/10.4121\/uuid:68a0e837-4fda-407a-949e-a159546e67b6",
                "guid_scheme": "doi"
            },
            "test_debug": [
                "INFO: Using idutils schemes to identify unique or persistent identifiers for metadata",
                "INFO: Starting assessment on identifier: https:\/\/doi.org\/10.4121\/uuid:68a0e837-4fda-407a-949e-a159546e67b6",
                "SUCCESS: Unique identifier schemes found ['doi', 'url']",
                "INFO: Finalized unique identifier scheme - doi"
            ]
        },
        {
            "id": 2,
            "metric_identifier": "FsF-F1-02D",
            "metric_name": "Data is assigned a persistent identifier.",
            "metric_tests": {
                "FsF-F1-02D-1": {
                    "metric_test_name": "Identifier follows a defined persistent identifier syntax",
                    "metric_test_requirements": [
                        {
                            "modality": "any",
                            "required": null,
                            "tested_on": "https:\/\/f-uji.net\/vocab\/metadata\/property\/object_identifier",
                            "comment": "identifier can be given as user input",
                            "target": "https:\/\/f-uji.net\/vocab\/identifier\/persistent"
                        }
                    ],
                    "metric_test_score": {
                        "earned": 0.5,
                        "total": 0.5
                    },
                    "metric_test_maturity": 1,
                    "metric_test_status": "pass"
                },
                "FsF-F1-02D-2": {
                    "metric_test_name": "Persistent identifier is resolvable",
                    "metric_test_requirements": [
                        {
                            "modality": null,
                            "required": null,
                            "tested_on": "https:\/\/f-uji.net\/vocab\/metadata\/property\/object_identifier",
                            "comment": "identifier has to resolve to a valid URI",
                            "target": "https:\/\/f-uji.net\/vocab\/identifier\/persistent"
                        }
                    ],
                    "metric_test_score": {
                        "earned": 1,
                        "total": 1
                    },
                    "metric_test_maturity": 3,
                    "metric_test_status": "pass"
                }
            },
            "test_status": "pass",
            "score": {
                "earned": 1,
                "total": 1
            },
            "maturity": 3,
            "output": {
                "persistent_identifiers": [
                    {
                        "pid": "https:\/\/doi.org\/10.4121\/uuid:68a0e837-4fda-407a-949e-a159546e67b6",
                        "pid_scheme": "doi",
                        "resolvable_status": true,
                        "resolved_url": "https:\/\/data.4tu.nl\/articles\/_\/12698027\/1"
                    }
                ]
            },
            "test_debug": [
                "INFO: Retrieving page -: https:\/\/doi.org\/10.4121\/uuid:68a0e837-4fda-407a-949e-a159546e67b6 as text\/html, *\/*",
                "INFO: PID schemes-based assessment supported by the assessment service - dict_keys(['ark', 'arxiv', 'bioproject', 'biosample', 'doi', 'ensembl', 'genome', 'gnd', 'handle', 'lsid', 'pmid', 'pmcid', 'purl', 'refseq', 'sra', 'uniprot', 'urn', 'identifiers.org', 'w3id'])",
                "INFO: Found PID which could be verified (does resolve properly) -: https:\/\/doi.org\/10.4121\/uuid:68a0e837-4fda-407a-949e-a159546e67b6",
                "SUCCESS: Persistence identifier scheme -: doi"
            ]
        },
        {
            "id": 3,
            "metric_identifier": "FsF-F2-01M",
            "metric_name": "Metadata includes descriptive core elements (creator, title, data identifier, publisher, publication date, summary and keywords) to support data findability.",
            "metric_tests": {
                "FsF-F2-01M-1": {
                    "metric_test_name": "Metadata has been made available via common web methods",
                    "metric_test_requirements": [
                        {
                            "modality": "any",
                            "required": null,
                            "tested_on": null,
                            "comment": null,
                            "target": "https:\/\/f-uji.net\/vocab\/metadata\/offering_method"
                        }
                    ],
                    "metric_test_score": {
                        "earned": 0.5,
                        "total": 0.5
                    },
                    "metric_test_maturity": 1,
                    "metric_test_status": "pass"
                },
                "FsF-F2-01M-2": {
                    "metric_test_name": "Core data citation metadata is available",
                    "metric_test_requirements": [
                        {
                            "modality": "all",
                            "required": {
                                "name": [
                                    "creator",
                                    "title",
                                    "object_identifier",
                                    "publication_date",
                                    "publisher",
                                    "object_type"
                                ]
                            },
                            "tested_on": "https:\/\/f-uji.net\/vocab\/metadata\/property",
                            "comment": null,
                            "target": "https:\/\/f-uji.net\/vocab\/metadata\/property"
                        }
                    ],
                    "metric_test_score": {
                        "earned": 0.5,
                        "total": 0.5
                    },
                    "metric_test_maturity": 2,
                    "metric_test_status": "pass"
                },
                "FsF-F2-01M-3": {
                    "metric_test_name": "Core descriptive metadata is available",
                    "metric_test_requirements": [
                        {
                            "modality": "all",
                            "required": {
                                "name": [
                                    "creator",
                                    "title",
                                    "object_identifier",
                                    "publication_date",
                                    "publisher",
                                    "object_type",
                                    "summary",
                                    "keywords"
                                ]
                            },
                            "tested_on": "https:\/\/f-uji.net\/vocab\/metadata\/property",
                            "comment": null,
                            "target": "https:\/\/f-uji.net\/vocab\/metadata\/property"
                        }
                    ],
                    "metric_test_score": {
                        "earned": 1,
                        "total": 1
                    },
                    "metric_test_maturity": 3,
                    "metric_test_status": "pass"
                }
            },
            "test_status": "pass",
            "score": {
                "earned": 2,
                "total": 2
            },
            "maturity": 3,
            "output": {
                "core_metadata_status": "all metadata",
                "core_metadata_found": {
                    "summary": "4TU.ResearchData is an international data repository for science, engineering and design. We offer research dataset curation, sharing, long-term access and preservation services to anyone, anywhere. Our training and community engagement resources are available to research and research-support professionals working to make their research data findable, accessible, interoperable and reproducible (FAIR).",
                    "title": "The Maven Dependency Dataset",
                    "publisher": [
                        "Software Engineering Research Group (SERG), TU Delft",
                        {
                            "name": "Software Engineering Research Group (SERG), TU Delft"
                        }
                    ],
                    "keywords": [
                        "Breaking changes, \n\n    \n            Maven repository, \n\n    \n            Software evolution, \n\n    \n            Third-party libraries",
                        "Computer Software and Services",
                        " Computer Software",
                        " FOS: Computer and information sciences",
                        " Breaking changes",
                        " Maven repository",
                        " Software evolution",
                        " Third-party libraries"
                    ],
                    "object_type": [
                        "Dataset"
                    ],
                    "publication_date": "2013-01-10",
                    "creator": [
                        "Steven Raemaekers",
                        "Joost Visser",
                        "A. (Arie) van Deursen",
                        "van Deursen, A. (Arie)"
                    ],
                    "object_identifier": [
                        "https:\/\/doi.org\/10.4121\/uuid:68a0e837-4fda-407a-949e-a159546e67b6"
                    ]
                },
                "core_metadata_source": [
                    [
                        "SCHEMAORG_NEGOTIATED",
                        "content_negotiation"
                    ],
                    [
                        "RDFA_EMBEDDED",
                        "microdata_rdfa"
                    ],
                    [
                        "DUBLINCORE_EMBEDDED",
                        "html_embedding"
                    ],
                    [
                        "DATACITE_JSON_NEGOTIATED",
                        "content_negotiation"
                    ]
                ]
            },
            "test_debug": [
                "INFO: Trying to resolve input URL -: https:\/\/doi.org\/10.4121\/uuid:68a0e837-4fda-407a-949e-a159546e67b6",
                "INFO: Content negotiation on https:\/\/doi.org\/10.4121\/uuid:68a0e837-4fda-407a-949e-a159546e67b6 accept=text\/html, *\/*, status=200",
                "INFO: Creating Cached response content",
                "INFO: Found HTML page!",
                "INFO: Starting to analyse EMBEDDED metadata at -: https:\/\/data.4tu.nl\/articles\/_\/12698027\/1",
                "INFO: Trying to identify EMBEDDED  Microdata, OpenGraph or Schema.org -: https:\/\/data.4tu.nl\/articles\/_\/12698027\/1",
                "INFO: Trying to retrieve schema.org JSON-LD metadata from html page",
                "INFO: Try to parse RDF (JSON-LD) from -: landing page",
                "INFO: schema.org JSON-LD metadata in html page UNAVAILABLE",
                "INFO: Trying to retrieve Dublin Core metadata from html page",
                "SUCCESS: Found DublinCore metadata -: dict_keys(['summary'])",
                "INFO: Trying to retrieve Microdata metadata from html page",
                "INFO: Could not identify Microdata metadata",
                "INFO: Trying to retrieve RDFa metadata from html page",
                "INFO: Found RDF Graph which was sucessfully parsed",
                "INFO: Trying to identify namespaces in RDF Graph",
                "INFO: RDF Graph seems to contain schema.org metadata elements",
                "INFO: Trying to get some core domain agnostic (DCAT, DC, schema.org) metadata from RDF graph",
                "INFO: Found some core domain agnostic (DCAT, DC, schema.org) metadata from RDF graph -: {'title': 'The Maven Dependency Dataset', 'summary': '\\n\\n        The Maven Dependency Dataset contains the data as described in the paper \"Mining Metrics, Changes and Dependencies from the Maven Dependency Dataset\".\\nNOTE: See the README.TXT file for more information on the data in this dataset.\\nThe dataset consists of multiple parts: A snapshot of the Maven repository dated July 30, 2011 (maven.tar.gz), a MySQL database (complete.tar.gz) containing information on individual methods, classes and packages of different library versions, a Berkeley DB database (berkeley.tar.gz) containing metrics on all methods, classes and packages in the repository, a Neo4j graph database (graphdb.tar.gz) containing a call graph of the entire repository, scripts and analysis files (scriptsAndData.tar.gz), Source code and a binary package of the analysis software (fullmaven.jar and fullmaven-sources.jar), and text dumps of data in these databases (graphdump.tar.gz, processed.tar.gz, calls.tar.gz and units.tar.gz).\\n\\n        ', 'publisher': ['Software Engineering Research Group (SERG), TU Delft'], 'keywords': ['  \\n\\n    \\n            Breaking changes, \\n\\n    \\n            Maven repository, \\n\\n    \\n            Software evolution, \\n\\n    \\n            Third-party libraries\\n\\n'], 'license': 'https:\/\/doi.org\/10.4121\/resource:terms_of_use', 'related_resources': [{'related_resource': 'Steven Raemaekers; van Deursen, A. (Arie); Joost Visser (2013): The Maven Dependency Dataset. Version 1. 4TU.ResearchData. dataset. https:\/\/doi.org\/10.4121\/uuid:68a0e837-4fda-407a-949e-a159546e67b6', 'relation_type': 'http:\/\/schema.org\/citation'}], 'object_type': 'Dataset'}",
                "INFO: Metadata property differs from metadata previously offered in a different formats -: summary: 4TU.ResearchData is an international data reposito vs. The Maven Dependency Dataset contains the data as",
                "SUCCESS: Found RDFa metadata -: dict_keys(['title', 'summary', 'publisher', 'keywords', 'license', 'related_resources', 'object_type', 'object_content_identifier'])",
                "INFO: Trying to retrieve Highwire and eprints metadata from html page",
                "INFO: Highwire or eprints metadata UNAVAILABLE",
                "INFO: Trying to retrieve OpenGraph metadata from html page",
                "INFO: OpenGraph metadata UNAVAILABLE",
                "INFO: Trying to identify Typed Links to data items in html page",
                "INFO: Starting to identify EXTERNAL metadata through content negotiation or typed (signposting) links",
                "INFO: Trying to retrieve XML metadata through content negotiation from URL -: https:\/\/doi.org\/10.4121\/uuid:68a0e837-4fda-407a-949e-a159546e67b6",
                "INFO: Retrieving page -: https:\/\/data.4tu.nl\/articles\/_\/12698027\/1 as application\/xml, text\/xml;q=0.5",
                "WARNING: Request failed, status code -: https:\/\/data.4tu.nl\/articles\/_\/12698027\/1, application\/xml, text\/xml;q=0.5 - 406",
                "WARNING: No response received from -: https:\/\/data.4tu.nl\/articles\/_\/12698027\/1, application\/xml, text\/xml;q=0.5",
                "INFO: Could not identify metadata properties in XML",
                "INFO: Trying to retrieve XML metadata through content negotiation from URL -: https:\/\/data.4tu.nl\/articles\/_\/12698027\/1",
                "INFO: Retrieving page -: https:\/\/data.4tu.nl\/articles\/_\/12698027\/1 as application\/xml, text\/xml;q=0.5",
                "WARNING: Request failed, status code -: https:\/\/data.4tu.nl\/articles\/_\/12698027\/1, application\/xml, text\/xml;q=0.5 - 406",
                "WARNING: No response received from -: https:\/\/data.4tu.nl\/articles\/_\/12698027\/1, application\/xml, text\/xml;q=0.5",
                "INFO: Could not identify metadata properties in XML",
                "INFO: Trying to retrieve schema.org JSON-LD metadata through content negotiation from URL -: https:\/\/doi.org\/10.4121\/uuid:68a0e837-4fda-407a-949e-a159546e67b6",
                "INFO: Retrieving page -: https:\/\/doi.org\/10.4121\/uuid:68a0e837-4fda-407a-949e-a159546e67b6 as application\/ld+json",
                "INFO: Content negotiation on https:\/\/doi.org\/10.4121\/uuid:68a0e837-4fda-407a-949e-a159546e67b6 accept=application\/ld+json, status=200",
                "INFO: Creating Cached response content",
                "INFO: Try to parse RDF (JSON-LD) from -: https:\/\/data.crosscite.org\/10.4121%2Fuuid%3A68a0e837-4fda-407a-949e-a159546e67b6",
                "INFO: Try to parse JSON-LD using JMESPath retrieved as dict from -: https:\/\/data.crosscite.org\/10.4121%2Fuuid%3A68a0e837-4fda-407a-949e-a159546e67b6",
                "INFO: Trying to extract schema.org JSON-LD metadata from -: SCHEMAORG_NEGOTIATED",
                "INFO: Found schema.org JSON-LD which seems to be valid, based on the given context type -:['Dataset']",
                "INFO: Metadata property differs from metadata previously offered in a different formats -: summary: 4TU.ResearchData is an international data reposito vs. The Maven Dependency Dataset contains the data as",
                "SUCCESS: Found Schema.org metadata through content negotiation-: dict_keys(['title', 'object_type', 'publication_date', 'creator', 'creator_first', 'creator_last', 'publisher', 'license', 'summary', 'keywords', 'object_identifier'])",
                "INFO: Trying to retrieve schema.org JSON-LD metadata through content negotiation from URL -: https:\/\/data.4tu.nl\/articles\/_\/12698027\/1",
                "INFO: Retrieving page -: https:\/\/data.4tu.nl\/articles\/_\/12698027\/1 as application\/ld+json",
                "WARNING: Request failed, status code -: https:\/\/data.4tu.nl\/articles\/_\/12698027\/1, application\/ld+json - 406",
                "WARNING: No response received from -: https:\/\/data.4tu.nl\/articles\/_\/12698027\/1, application\/ld+json",
                "INFO: Schema.org metadata through content negotiation UNAVAILABLE",
                "INFO: Trying to retrieve RDF metadata through content negotiation from URL -: https:\/\/doi.org\/10.4121\/uuid:68a0e837-4fda-407a-949e-a159546e67b6",
                "INFO: Retrieving page -: https:\/\/doi.org\/10.4121\/uuid:68a0e837-4fda-407a-949e-a159546e67b6 as text\/turtle, application\/turtle, application\/x-turtle;q=0.8, application\/rdf+xml, text\/n3;q=0.9, text\/rdf+n3;q=0.9,application\/ld+json",
                "WARNING: Request failed, status code -: https:\/\/doi.org\/10.4121\/uuid:68a0e837-4fda-407a-949e-a159546e67b6, text\/turtle, application\/turtle, application\/x-turtle;q=0.8, application\/rdf+xml, text\/n3;q=0.9, text\/rdf+n3;q=0.9,application\/ld+json - 422",
                "WARNING: No response received from -: https:\/\/doi.org\/10.4121\/uuid:68a0e837-4fda-407a-949e-a159546e67b6, text\/turtle, application\/turtle, application\/x-turtle;q=0.8, application\/rdf+xml, text\/n3;q=0.9, text\/rdf+n3;q=0.9,application\/ld+json",
                "INFO: Linked Data metadata UNAVAILABLE",
                "INFO: Trying to retrieve RDF metadata through content negotiation from URL -: https:\/\/data.4tu.nl\/articles\/_\/12698027\/1",
                "INFO: Retrieving page -: https:\/\/data.4tu.nl\/articles\/_\/12698027\/1 as text\/turtle, application\/turtle, application\/x-turtle;q=0.8, application\/rdf+xml, text\/n3;q=0.9, text\/rdf+n3;q=0.9,application\/ld+json",
                "WARNING: Request failed, status code -: https:\/\/data.4tu.nl\/articles\/_\/12698027\/1, text\/turtle, application\/turtle, application\/x-turtle;q=0.8, application\/rdf+xml, text\/n3;q=0.9, text\/rdf+n3;q=0.9,application\/ld+json - 406",
                "WARNING: No response received from -: https:\/\/data.4tu.nl\/articles\/_\/12698027\/1, text\/turtle, application\/turtle, application\/x-turtle;q=0.8, application\/rdf+xml, text\/n3;q=0.9, text\/rdf+n3;q=0.9,application\/ld+json",
                "INFO: Retrieving page -: https:\/\/doi.org\/10.4121\/uuid:68a0e837-4fda-407a-949e-a159546e67b6 as text\/turtle, application\/turtle, application\/x-turtle;q=0.8, application\/rdf+xml, text\/n3;q=0.9, text\/rdf+n3;q=0.9,application\/ld+json",
                "WARNING: Request failed, status code -: https:\/\/doi.org\/10.4121\/uuid:68a0e837-4fda-407a-949e-a159546e67b6, text\/turtle, application\/turtle, application\/x-turtle;q=0.8, application\/rdf+xml, text\/n3;q=0.9, text\/rdf+n3;q=0.9,application\/ld+json - 422",
                "WARNING: No response received from -: https:\/\/doi.org\/10.4121\/uuid:68a0e837-4fda-407a-949e-a159546e67b6, text\/turtle, application\/turtle, application\/x-turtle;q=0.8, application\/rdf+xml, text\/n3;q=0.9, text\/rdf+n3;q=0.9,application\/ld+json",
                "INFO: Linked Data metadata UNAVAILABLE",
                "INFO: Trying to retrieve datacite metadata",
                "INFO: Retrieving page -: https:\/\/doi.org\/10.4121\/uuid:68a0e837-4fda-407a-949e-a159546e67b6 as application\/vnd.datacite.datacite+json",
                "INFO: Content negotiation on https:\/\/doi.org\/10.4121\/uuid:68a0e837-4fda-407a-949e-a159546e67b6 accept=application\/vnd.datacite.datacite+json, status=200",
                "INFO: Creating Cached response content",
                "SUCCESS: Found Datacite metadata -: dict_keys(['object_identifier', 'object_type', 'creator', 'creator_first', 'creator_last', 'publisher', 'contributor', 'title', 'keywords', 'publication_date', 'license', 'summary', 'datacite_client', 'access_level'])",
                "INFO: Metadata property differs from metadata previously offered in a different formats -: summary: 4TU.ResearchData is an international data reposito vs. The Maven Dependency Dataset contains the data as",
                "INFO: Type of object described by the metadata -: ['Dataset']",
                "INFO: Testing if any metadata has been made available via common web standards",
                "INFO: Found some descriptive metadata elements -: dict_keys(['summary', 'title', 'publisher', 'keywords', 'license', 'related_resources', 'object_type', 'object_content_identifier', 'publication_date', 'creator', 'object_identifier', 'contributor', 'datacite_client', 'access_level'])",
                "SUCCESS: Found required core citation metadata elements -: ['creator', 'title', 'object_identifier', 'publication_date', 'publisher', 'object_type']",
                "INFO: Will exclusively consider community specific metadata properties which are specified in metrics -: {'name': ['creator', 'title', 'object_identifier', 'publication_date', 'publisher', 'object_type', 'summary', 'keywords']}",
                "SUCCESS: Found required core descriptive metadata elements -: ['creator', 'title', 'object_identifier', 'publication_date', 'publisher', 'object_type', 'summary', 'keywords']"
            ]
        },
        {
            "id": 4,
            "metric_identifier": "FsF-F3-01M",
            "metric_name": "Metadata includes the identifier of the data it describes.",
            "metric_tests": {
                "FsF-F3-01M-1": {
                    "metric_test_name": "Metadata contains data content related information (file name, size, type)",
                    "metric_test_requirements": [
                        {
                            "modality": "all",
                            "required": [
                                "type",
                                "size"
                            ],
                            "tested_on": "https:\/\/f-uji.net\/vocab\/metadata\/property\/object_content_identifier",
                            "comment": null,
                            "target": "https:\/\/f-uji.net\/vocab\/data\/property"
                        }
                    ],
                    "metric_test_score": {
                        "earned": 0.5,
                        "total": 0.5
                    },
                    "metric_test_maturity": 1,
                    "metric_test_status": "pass"
                },
                "FsF-F3-01M-2": {
                    "metric_test_name": "Metadata contains a PID or URL which indicates the location of the downloadable data content",
                    "metric_test_requirements": [
                        {
                            "modality": "any",
                            "required": null,
                            "tested_on": "https:\/\/f-uji.net\/vocab\/metadata\/property\/object_content_identifier",
                            "comment": null,
                            "target": "https:\/\/f-uji.net\/vocab\/data\/property\/url"
                        }
                    ],
                    "metric_test_score": {
                        "earned": 0.5,
                        "total": 0.5
                    },
                    "metric_test_maturity": 3,
                    "metric_test_status": "pass"
                }
            },
            "test_status": "pass",
            "score": {
                "earned": 1,
                "total": 1
            },
            "maturity": 3,
            "output": {
                "object_identifier_included": null,
                "object_content_identifier_included": [
                    {
                        "content_identifier_included": {
                            "url": "\/ndownloader\/items\/e25c39ba-4283-4bdc-b9ed-6193923b3d29\/versions\/1",
                            "size": "None"
                        }
                    }
                ]
            },
            "test_debug": [
                "INFO: Found data links in MetadataFormats.RDFA metadata -: 1",
                "SUCCESS: Number of object content identifier found -: 1",
                "WARNING: Content identifier inaccessible -: https:\/\/data.4tu.nl\/articles\/_\/12698027\/\/ndownloader\/items\/e25c39ba-4283-4bdc-b9ed-6193923b3d29\/versions\/1, HTTPError code 404"
            ]
        },
        {
            "id": 5,
            "metric_identifier": "FsF-F4-01M",
            "metric_name": "Metadata is offered in such a way that it can be retrieved programmatically.",
            "metric_tests": {
                "FsF-F4-01M-1": {
                    "metric_test_name": "Metadata is given in a way major search engines can ingest it for their catalogues (JSON-LD, Dublin Core, RDFa)",
                    "metric_test_requirements": [
                        {
                            "modality": "any",
                            "required": {
                                "name": [
                                    "dublin-core",
                                    "schemaorg",
                                    "dcat-data-catalog-vocabulary"
                                ]
                            },
                            "tested_on": null,
                            "comment": null,
                            "target": "http:\/\/f-uji.net\/vocab\/metadata\/standard"
                        },
                        {
                            "modality": "any",
                            "required": {
                                "name": [
                                    "html_embedding",
                                    "microdata_rdfa"
                                ]
                            },
                            "tested_on": null,
                            "comment": null,
                            "target": "http:\/\/f-uji.net\/vocab\/metadata\/offering_method"
                        }
                    ],
                    "metric_test_score": {
                        "earned": 1,
                        "total": 1
                    },
                    "metric_test_maturity": 3,
                    "metric_test_status": "pass"
                },
                "FsF-F4-01M-2": {
                    "metric_test_name": "Metadata is registered in major research data registries (DataCite)",
                    "metric_test_requirements": [],
                    "metric_test_score": {
                        "earned": 1,
                        "total": 1
                    },
                    "metric_test_maturity": 2,
                    "metric_test_status": "pass"
                }
            },
            "test_status": "pass",
            "score": {
                "earned": 2,
                "total": 2
            },
            "maturity": 3,
            "output": {
                "search_mechanisms": [
                    {
                        "mechanism": "structured data",
                        "mechanism_info": [
                            "dublin-core via: html_embedding",
                            "schemaorg via: microdata_rdfa"
                        ]
                    },
                    {
                        "mechanism": "metadata registry",
                        "mechanism_info": [
                            "DataCite Registry"
                        ]
                    }
                ]
            },
            "test_debug": [
                "INFO: Will exclusively consider community specific metadata standards for FsF-F4-01M-1 which are specified in metrics -: ['dublin-core', 'schemaorg', 'dcat-data-catalog-vocabulary']",
                "INFO: Will exclusively consider community specific metadata offering methods for FsF-F4-01M-1 which are specified in metrics -: ['html_embedding', 'microdata_rdfa']",
                "SUCCESS: Metadata is offered in a way major search engines can ingest it -: ['dublin-core via: html_embedding', 'schemaorg via: microdata_rdfa']",
                "INFO: Querying DataCite API for -:10.4121\/uuid:68a0e837-4fda-407a-949e-a159546e67b6",
                "INFO: Found identifier in DataCite catalogue -:10.4121\/uuid:68a0e837-4fda-407a-949e-a159546e67b6",
                "INFO: Dataset already found in registry therefore skipping Google Dataset Search Cache query",
                "INFO: Dataset already found in registry therefore skipping Mendeley Data query",
                "SUCCESS: Metadata found through - metadata registry"
            ]
        },
        {
            "id": 10,
            "metric_identifier": "FsF-I1-01M",
            "metric_name": "Metadata is represented using a formal knowledge representation language.",
            "metric_tests": {
                "FsF-I1-01M-1": {
                    "metric_test_name": "Parsable, structured metadata (JSON-LD, RDFa) is embedded in the landing page XHTML\/HTML code",
                    "metric_test_requirements": [
                        {
                            "modality": "any",
                            "required": {
                                "name": [
                                    "RDF",
                                    "JSON-LD",
                                    "RDFa"
                                ]
                            },
                            "tested_on": null,
                            "comment": null,
                            "target": "http:\/\/f-uji.net\/vocab\/metadata\/format"
                        },
                        {
                            "modality": "any",
                            "required": {
                                "name": [
                                    "html_embedding",
                                    "microdata_rdfa"
                                ]
                            },
                            "tested_on": null,
                            "comment": null,
                            "target": "http:\/\/f-uji.net\/vocab\/metadata\/offering_method"
                        }
                    ],
                    "metric_test_score": {
                        "earned": 1,
                        "total": 1
                    },
                    "metric_test_maturity": 2,
                    "metric_test_status": "pass"
                },
                "FsF-I1-01M-2": {
                    "metric_test_name": "Parsable, graph data (RDF, JSON-LD) is accessible through content negotiation, typed links or sparql endpoint",
                    "metric_test_requirements": [
                        {
                            "modality": "any",
                            "required": {
                                "name": [
                                    "RDF",
                                    "JSON-LD",
                                    "RDFa"
                                ]
                            },
                            "tested_on": null,
                            "comment": null,
                            "target": "http:\/\/f-uji.net\/vocab\/metadata\/format"
                        },
                        {
                            "modality": "any",
                            "required": {
                                "name": [
                                    "content_negotiation"
                                ]
                            },
                            "tested_on": null,
                            "comment": null,
                            "target": "http:\/\/f-uji.net\/vocab\/metadata\/offering_method"
                        },
                        {
                            "modality": "any",
                            "required": {
                                "name": [
                                    "sparql"
                                ]
                            },
                            "tested_on": null,
                            "comment": null,
                            "target": "http:\/\/f-uji.net\/vocab\/metadata\/exchange_service"
                        }
                    ],
                    "metric_test_score": {
                        "earned": 1,
                        "total": 1
                    },
                    "metric_test_maturity": 3,
                    "metric_test_status": "pass"
                }
            },
            "test_status": "pass",
            "score": {
                "earned": 2,
                "total": 2
            },
            "maturity": 3,
            "output": [
                {
                    "serialization_format": "RDFa",
                    "source": "structured_data",
                    "is_metadata_found": true
                },
                {
                    "serialization_format": "JSON-LD",
                    "source": "content_negotiate",
                    "is_metadata_found": true
                }
            ],
            "test_debug": [
                "INFO: Check of structured data (RDF serialization) embedded in the data page",
                "INFO: RDFa serialization found in the data page - RDFa",
                "SUCCESS: Found structured data (RDF serialization) in the data page",
                "INFO: Check if RDF-based typed link included",
                "INFO: NO RDF-based typed link found",
                "INFO: Check if RDF metadata available through content negotiation",
                "INFO: JSON-LD graph retrieved through content negotiation, content type - JSON-LD",
                "SUCCESS: Found RDF content through content negotiation or typed links"
            ]
        },
        {
            "id": 11,
            "metric_identifier": "FsF-I2-01M",
            "metric_name": "Metadata uses semantic resources",
            "metric_tests": {
                "FsF-I2-01M-1": {
                    "metric_test_name": "Vocabulary namespace URIs can be identified in metadata",
                    "metric_test_requirements": [
                        {
                            "modality": null,
                            "required": null,
                            "tested_on": null,
                            "comment": "The sheer existence of namespaces declared in XML or RDF files is checked here. This test is not scored",
                            "target": null
                        }
                    ],
                    "metric_test_score": {
                        "earned": 0,
                        "total": 0
                    },
                    "metric_test_maturity": 1,
                    "metric_test_status": "pass"
                },
                "FsF-I2-01M-2": {
                    "metric_test_name": "Namespaces of known semantic resources can be identified in metadata",
                    "metric_test_requirements": [
                        {
                            "modality": "any",
                            "required": null,
                            "tested_on": null,
                            "comment": null,
                            "target": "http:\/\/f-uji.net\/vocab\/semantic_resource"
                        }
                    ],
                    "metric_test_score": {
                        "earned": 0,
                        "total": 1
                    },
                    "metric_test_maturity": 0,
                    "metric_test_status": "fail"
                }
            },
            "test_status": "pass",
            "score": {
                "earned": 0,
                "total": 1
            },
            "maturity": 1,
            "output": [],
            "test_debug": [
                "INFO: Removing default namespaces from 18 vocabulary namespaces found in structured metadata",
                "INFO: Default vocabulary namespace(s) excluded -: ['http:\/\/www.w3.org\/ns\/rdfa', 'http:\/\/www.w3.org\/1999\/02\/22-rdf-syntax-ns', 'http:\/\/schema.org', 'http:\/\/schema.org', 'http:\/\/purl.org\/dc\/elements\/1.1']",
                "INFO: Check if known namespace(s) are used in structured metadata (RDF, XML) which exist(s) in a LOD registry -: ['https:\/\/orcid.org', 'http:\/\/datacite.org\/schema', 'http:\/\/www.openarchives.org\/OAI\/2.0\/oai_dc.xsd', 'https:\/\/doi.org\/10.4121', 'https:\/\/www.openaire.eu\/schema\/cris\/current\/openaire-cerif-profile.xsd', 'http:\/\/naca.central.cranfield.ac.uk\/ethos-oai\/2.0\/uketd_dc.xsd', 'http:\/\/schema.datacite.org\/oai\/oai-1.0\/oai.xsd', 'http:\/\/www.loc.gov\/standards\/mets\/mets.xsd', 'https:\/\/doi.datacite.org\/dois', 'http:\/\/www.openarchives.org\/OAI\/2.0\/rdf.xsd', 'https:\/\/api.figshare.com\/v2\/static\/figshare-oai-qdc.xsd', 'http:', 'https:\/\/www.openaire.eu\/cerif_schema\/cerif-1.6-2_openaire-1.0.xsd']",
                "WARNING: NO known vocabulary namespace URI is found which is listed in  the LOD registry"
            ]
        },
        {
            "id": 12,
            "metric_identifier": "FsF-I3-01M",
            "metric_name": "Metadata includes links between the data and its related entities.",
            "metric_tests": {
                "FsF-I3-01M-1": {
                    "metric_test_name": "Related resources are explicitly mentioned in metadata",
                    "metric_test_requirements": [
                        {
                            "modality": "any",
                            "required": null,
                            "tested_on": "http:\/\/f-uji.net\/vocab\/metadata\/property\/related_resources",
                            "comment": "The presence of a (typed, default = related) related resource is checked, can be a string or URI",
                            "target": "http:\/\/f-uji.net\/vocab\/relation_type"
                        }
                    ],
                    "metric_test_score": {
                        "earned": 1,
                        "total": 1
                    },
                    "metric_test_maturity": 2,
                    "metric_test_status": "pass"
                },
                "FsF-I3-01M-2": {
                    "metric_test_name": "Related resources are indicated by machine readable links or identifiers",
                    "metric_test_requirements": [
                        {
                            "modality": null,
                            "required": null,
                            "tested_on": null,
                            "comment": "same as above but relations have to be machine readable\/actionable",
                            "target": null
                        }
                    ],
                    "metric_test_score": {
                        "earned": 0,
                        "total": 1
                    },
                    "metric_test_maturity": 0,
                    "metric_test_status": "fail"
                }
            },
            "test_status": "pass",
            "score": {
                "earned": 1,
                "total": 1
            },
            "maturity": 2,
            "output": [
                {
                    "related_resource": "Steven Raemaekers; van Deursen, A. (Arie); Joost Visser (2013): The Maven Dependency Dataset. Version 1. 4TU.ResearchData. dataset. https:\/\/doi.org\/10.4121\/uuid:68a0e837-4fda-407a-949e-a159546e67b6",
                    "relation_type": "http:\/\/schema.org\/citation"
                },
                {
                    "related_resource": "Steven Raemaekers; van Deursen, A. (Arie); Joost Visser (2013): The Maven Dependency Dataset. Version 1. 4TU.ResearchData. dataset. https:\/\/doi.org\/10.4121\/uuid:68a0e837-4fda-407a-949e-a159546e67b6",
                    "relation_type": "http:\/\/schema.org\/citation"
                }
            ],
            "test_debug": [
                "INFO: No related resource(s) found in DublinCore metadata",
                "INFO: No related resource(s) found in Schema.org metadata",
                "INFO: No related resource(s) found in Datacite metadata",
                "SUCCESS: Number of related resources found in metadata -: 2"
            ]
        },
        {
            "id": 13,
            "metric_identifier": "FsF-R1-01MD",
            "metric_name": "Metadata specifies the content of the data.",
            "metric_tests": {
                "FsF-R1-01MD-1": {
                    "metric_test_name": "Minimal information about available data content is given in metadata",
                    "metric_test_requirements": [],
                    "metric_test_score": {
                        "earned": 1,
                        "total": 1
                    },
                    "metric_test_maturity": 1,
                    "metric_test_status": "pass"
                },
                "FsF-R1-01MD-1a": {
                    "metric_test_name": "Resource type (e.g. dataset) is given in metadata",
                    "metric_test_requirements": [],
                    "metric_test_score": {
                        "earned": 0,
                        "total": 0
                    },
                    "metric_test_maturity": null,
                    "metric_test_status": "pass"
                },
                "FsF-R1-01MD-1b": {
                    "metric_test_name": "Information about data content (e.g. links) is given in metadata",
                    "metric_test_requirements": [],
                    "metric_test_score": {
                        "earned": 0,
                        "total": 0
                    },
                    "metric_test_maturity": null,
                    "metric_test_status": "pass"
                },
                "FsF-R1-01MD-2": {
                    "metric_test_name": "Verifiable data descriptors (file info, measured variables or observation types) are specified in metadata",
                    "metric_test_requirements": [],
                    "metric_test_score": {
                        "earned": 0,
                        "total": 1
                    },
                    "metric_test_maturity": 0,
                    "metric_test_status": "fail"
                },
                "FsF-R1-01MD-2a": {
                    "metric_test_name": "File size and type information are specified in metadata",
                    "metric_test_requirements": [],
                    "metric_test_score": {
                        "earned": 0,
                        "total": 0
                    },
                    "metric_test_maturity": 0,
                    "metric_test_status": "fail"
                },
                "FsF-R1-01MD-2b": {
                    "metric_test_name": "Measured variables or observation types are specified in metadata",
                    "metric_test_requirements": [],
                    "metric_test_score": {
                        "earned": 0,
                        "total": 0
                    },
                    "metric_test_maturity": 0,
                    "metric_test_status": "fail"
                },
                "FsF-R1-01MD-3": {
                    "metric_test_name": "Data content matches file type and size specified in metadata",
                    "metric_test_requirements": [],
                    "metric_test_score": {
                        "earned": 0,
                        "total": 1
                    },
                    "metric_test_maturity": 0,
                    "metric_test_status": "fail"
                },
                "FsF-R1-01MD-4": {
                    "metric_test_name": "Data content matches measured variables or observation types specified in metadata",
                    "metric_test_requirements": [],
                    "metric_test_score": {
                        "earned": 0,
                        "total": 1
                    },
                    "metric_test_maturity": 0,
                    "metric_test_status": "fail"
                }
            },
            "test_status": "pass",
            "score": {
                "earned": 1,
                "total": 4
            },
            "maturity": 1,
            "output": {
                "object_type": "dataset",
                "data_content_descriptor": []
            },
            "test_debug": [
                "INFO: Trying to complete local file name with full path info using landing page URI",
                "WARNING: Content identifier inaccessible -: https:\/\/data.4tu.nl\/articles\/_\/12698027\/\/ndownloader\/items\/e25c39ba-4283-4bdc-b9ed-6193923b3d29\/versions\/1, HTTPError code 404",
                "INFO: Object landing page accessible status -: True",
                "SUCCESS: Valid resource type (e.g. subtype of schema.org\/CreativeWork, DCMI Type  or DataCite resourceType) specified -: dataset",
                "WARNING: NO info about file type available in given metadata -:",
                "WARNING: NO measured variables found in metadata, skip 'measured_variable' test."
            ]
        },
        {
            "id": 14,
            "metric_identifier": "FsF-R1.1-01M",
            "metric_name": "Metadata includes license information under which data can be reused.",
            "metric_tests": {
                "FsF-R1.1-01M-1": {
                    "metric_test_name": "Licence information is given in an appropriate metadata element",
                    "metric_test_requirements": [],
                    "metric_test_score": {
                        "earned": 1,
                        "total": 1
                    },
                    "metric_test_maturity": 1,
                    "metric_test_status": "pass"
                },
                "FsF-R1.1-01M-2": {
                    "metric_test_name": "Recognized licence is valid (community specific or registered at SPDX)",
                    "metric_test_requirements": [],
                    "metric_test_score": {
                        "earned": 0,
                        "total": 1
                    },
                    "metric_test_maturity": 0,
                    "metric_test_status": "fail"
                }
            },
            "test_status": "pass",
            "score": {
                "earned": 1,
                "total": 2
            },
            "maturity": 1,
            "output": [
                {
                    "license": "https:\/\/doi.org\/10.4121\/resource:terms_of_use",
                    "osi_approved": false,
                    "details_url": null
                }
            ],
            "test_debug": [
                "INFO: License metadata found (schema.org) -: https:\/\/doi.org\/10.4121\/resource:terms_of_use",
                "INFO: Verify URL through SPDX registry -: https:\/\/doi.org\/10.4121\/resource:terms_of_use",
                "WARNING: NO SPDX license representation (spdx url, osi_approved) found",
                "SUCCESS: Found licence information in metadata",
                "INFO: Will consider all SPDX licenses as community specific licenses for FsF-R1.1-01M"
            ]
        },
        {
            "id": 6,
            "metric_identifier": "FsF-A1-01M",
            "metric_name": "Metadata contains access level and access conditions of the data.",
            "metric_tests": {
                "FsF-A1-01M-1": {
                    "metric_test_name": "Information about access restrictions or rights can be identified in metadata",
                    "metric_test_requirements": [
                        {
                            "modality": "any",
                            "required": null,
                            "tested_on": null,
                            "comment": null,
                            "target": "http:\/\/f-uji.net\/vocab\/metadata\/property\/access_level"
                        }
                    ],
                    "metric_test_score": {
                        "earned": 0.5,
                        "total": 0.5
                    },
                    "metric_test_maturity": 1,
                    "metric_test_status": "pass"
                },
                "FsF-A1-01M-3": {
                    "metric_test_name": "Data access information is indicated by (not machine readable) standard terms",
                    "metric_test_requirements": [
                        {
                            "modality": "any",
                            "required": null,
                            "tested_on": "http:\/\/f-uji.net\/vocab\/metadata\/property\/access_level",
                            "comment": "label and id",
                            "target": "http:\/\/f-uji.net\/vocab\/access_condition"
                        }
                    ],
                    "metric_test_score": {
                        "earned": 0,
                        "total": 1
                    },
                    "metric_test_maturity": 0,
                    "metric_test_status": "fail"
                },
                "FsF-A1-01M-2": {
                    "metric_test_name": "Data access information is machine readable",
                    "metric_test_requirements": [
                        {
                            "modality": "any",
                            "required": null,
                            "tested_on": "http:\/\/f-uji.net\/vocab\/metadata\/property\/access_level",
                            "comment": "identifier (namespace)",
                            "target": "http:\/\/f-uji.net\/vocab\/access_condition"
                        }
                    ],
                    "metric_test_score": {
                        "earned": 0,
                        "total": 1
                    },
                    "metric_test_maturity": 0,
                    "metric_test_status": "fail"
                }
            },
            "test_status": "pass",
            "score": {
                "earned": 0.5,
                "total": 1
            },
            "maturity": 1,
            "output": {
                "access_level": null,
                "access_details": {
                    "access_condition": "https:\/\/doi.org\/10.4121\/resource:terms_of_use"
                }
            },
            "test_debug": [
                "INFO: Verify URL through SPDX registry -: https:\/\/doi.org\/10.4121\/resource:terms_of_use",
                "INFO: Access condition does not look like license, therefore continuing -: https:\/\/doi.org\/10.4121\/resource:terms_of_use",
                "INFO: Found access rights information in dedicated metadata element -: ['https:\/\/doi.org\/10.4121\/resource:terms_of_use']",
                "INFO: Access right information specified -: https:\/\/doi.org\/10.4121\/resource:terms_of_use",
                "WARNING: Unable to determine the access level"
            ]
        },
        {
            "id": 15,
            "metric_identifier": "FsF-R1.2-01M",
            "metric_name": "Metadata includes provenance information about data creation or generation.",
            "metric_tests": {
                "FsF-R1.2-01M-1": {
                    "metric_test_name": "Metadata contains elements which hold provenance information and can be mapped to PROV",
                    "metric_test_requirements": [],
                    "metric_test_score": {
                        "earned": 1,
                        "total": 1
                    },
                    "metric_test_maturity": 2,
                    "metric_test_status": "pass"
                },
                "FsF-R1.2-01M-2": {
                    "metric_test_name": "Metadata contains provenance information using formal provenance ontologies (PROV-O)",
                    "metric_test_requirements": [],
                    "metric_test_score": {
                        "earned": 0,
                        "total": 1
                    },
                    "metric_test_maturity": 0,
                    "metric_test_status": "fail"
                }
            },
            "test_status": "pass",
            "score": {
                "earned": 1,
                "total": 2
            },
            "maturity": 2,
            "output": {
                "provenance_metadata_included": {
                    "is_available": true,
                    "provenance_metadata": [
                        {
                            "prov_o_mapping": "prov:wasAttributedTo",
                            "metadata_element": "publisher",
                            "metadata_value": [
                                "Software Engineering Research Group (SERG), TU Delft",
                                {
                                    "name": "Software Engineering Research Group (SERG), TU Delft"
                                }
                            ]
                        },
                        {
                            "prov_o_mapping": "prov:generatedAtTime",
                            "metadata_element": "publication_date",
                            "metadata_value": "2013-01-10"
                        },
                        {
                            "prov_o_mapping": "prov:wasAttributedTo",
                            "metadata_element": "creator",
                            "metadata_value": [
                                "Steven Raemaekers",
                                "Joost Visser",
                                "A. (Arie) van Deursen",
                                "van Deursen, A. (Arie)"
                            ]
                        },
                        {
                            "prov_o_mapping": "prov:wasAttributedTo",
                            "metadata_element": "contributor",
                            "metadata_value": "Software Engineering Research Group (SERG), TU Delft, Software Improvement Group (SIG), Amsterdam, TU Delft, Faculty Of Electrical Engineering, Mathematics And Computer Science, Department Of Software Technology"
                        }
                    ]
                },
                "structured_provenance_available": {
                    "is_available": false,
                    "provenance_metadata": []
                }
            },
            "test_debug": [
                "INFO: Check if provenance information is available in descriptive metadata",
                "INFO: Check if provenance information is available in metadata about related resources",
                "SUCCESS: Found data creation-related provenance information",
                "INFO: Check if provenance specific namespaces are listed in metadata",
                "WARNING: Formal provenance metadata is unavailable"
            ]
        },
        {
            "id": 16,
            "metric_identifier": "FsF-R1.3-01M",
            "metric_name": "Metadata follows a standard recommended by the target research community of the data.",
            "metric_tests": {
                "FsF-R1.3-01M-1": {
                    "metric_test_name": "Community specific metadata standard is detected using namespaces or schemas found in provided metadata or metadata services outputs",
                    "metric_test_requirements": [
                        {
                            "modality": "any except",
                            "required": {
                                "field_of_science": [
                                    "science",
                                    "generic"
                                ]
                            },
                            "tested_on": null,
                            "comment": "test performed on namespaces or schemas found in exposed metadata",
                            "target": "https:\/\/f-uji.net\/vocab\/metadata\/standards"
                        }
                    ],
                    "metric_test_score": {
                        "earned": 1,
                        "total": 1
                    },
                    "metric_test_maturity": 3,
                    "metric_test_status": "pass"
                },
                "FsF-R1.3-01M-2": {
                    "metric_test_name": "Community specific metadata standard is listed in the re3data record of the responsible repository",
                    "metric_test_requirements": [
                        {
                            "modality": "any except",
                            "required": {
                                "field_of_science": [
                                    "science",
                                    "generic"
                                ]
                            },
                            "tested_on": null,
                            "comment": "test is performed using information collected from re3data",
                            "target": "https:\/\/f-uji.net\/vocab\/metadata\/standards"
                        }
                    ],
                    "metric_test_score": {
                        "earned": 1,
                        "total": 1
                    },
                    "metric_test_maturity": 2,
                    "metric_test_status": "pass"
                },
                "FsF-R1.3-01M-3": {
                    "metric_test_name": "Multidisciplinary but community endorsed metadata (RDA Metadata Standards Catalog, fairsharing) standard is listed in the re3data record or detected by namespace",
                    "metric_test_requirements": [
                        {
                            "modality": "any",
                            "required": {
                                "field_of_science": [
                                    "science",
                                    "generic"
                                ],
                                "source": [
                                    "rd-alliance.org",
                                    "fairsharing.org"
                                ]
                            },
                            "tested_on": null,
                            "comment": null,
                            "target": "https:\/\/f-uji.net\/vocab\/metadata\/standards"
                        }
                    ],
                    "metric_test_score": {
                        "earned": 1,
                        "total": 1
                    },
                    "metric_test_maturity": 1,
                    "metric_test_status": "pass"
                }
            },
            "test_status": "pass",
            "score": {
                "earned": 1,
                "total": 1
            },
            "maturity": 3,
            "output": [
                {
                    "metadata_standard": "Schema.org",
                    "url": "http:\/\/schema.org",
                    "subject_areas": [
                        "sciences"
                    ],
                    "type": "generic",
                    "source": [
                        "https:\/\/doi.org\/10.25504\/FAIRsharing.hzdzq8",
                        "https:\/\/rdamsc.bath.ac.uk\/msc\/m101"
                    ]
                },
                {
                    "metadata_standard": "Schema.org",
                    "url": "http:\/\/schema.org\/",
                    "subject_areas": [
                        "sciences"
                    ],
                    "type": "generic",
                    "source": [
                        "https:\/\/doi.org\/10.25504\/FAIRsharing.hzdzq8",
                        "https:\/\/rdamsc.bath.ac.uk\/msc\/m101"
                    ]
                },
                {
                    "metadata_standard": "Dublin Core",
                    "url": "http:\/\/purl.org\/dc\/elements\/1.1\/",
                    "subject_areas": [
                        "sciences"
                    ],
                    "type": "generic",
                    "source": [
                        "https:\/\/rdamsc.bath.ac.uk\/msc\/m15",
                        "https:\/\/doi.org\/10.25504\/FAIRsharing.3nx7t",
                        "http:\/\/www.dcc.ac.uk\/resources\/metadata-standards\/dublin-core"
                    ]
                },
                {
                    "metadata_standard": "DataCite Metadata Schema",
                    "url": "http:\/\/www.dcc.ac.uk\/resources\/metadata-standards\/datacite-metadata-schema",
                    "subject_areas": [
                        "sciences"
                    ],
                    "type": "generic",
                    "source": [
                        "https:\/\/rdamsc.bath.ac.uk\/msc\/m11",
                        "https:\/\/doi.org\/10.25504\/FAIRsharing.me4qwe",
                        "http:\/\/www.dcc.ac.uk\/resources\/metadata-standards\/datacite-metadata-schema"
                    ]
                },
                {
                    "metadata_standard": "Dublin Core",
                    "url": "http:\/\/www.dcc.ac.uk\/resources\/metadata-standards\/dublin-core",
                    "subject_areas": [
                        "sciences"
                    ],
                    "type": "generic",
                    "source": [
                        "https:\/\/rdamsc.bath.ac.uk\/msc\/m15",
                        "https:\/\/doi.org\/10.25504\/FAIRsharing.3nx7t",
                        "http:\/\/www.dcc.ac.uk\/resources\/metadata-standards\/dublin-core"
                    ]
                },
                {
                    "metadata_standard": "Open Archive Initiative Dublin Core (OAI DC)",
                    "url": "http:\/\/www.openarchives.org\/OAI\/2.0\/oai_dc.xsd",
                    "subject_areas": [
                        "sciences"
                    ],
                    "type": "generic",
                    "source": [
                        "fuji:m44",
                        "https:\/\/doi.org\/10.25504\/FAIRsharing.0417cf"
                    ]
                },
                {
                    "metadata_standard": "CERIF (Common European Research Information Format)",
                    "url": "https:\/\/www.openaire.eu\/schema\/cris\/current\/openaire-cerif-profile.xsd",
                    "subject_areas": [
                        "sciences"
                    ],
                    "type": "generic",
                    "source": [
                        "https:\/\/rdamsc.bath.ac.uk\/msc\/m4",
                        "https:\/\/doi.org\/10.25504\/FAIRsharing.6945dq"
                    ]
                },
                {
                    "metadata_standard": "CF (Climate and Forecast) Metadata Conventions",
                    "url": "http:\/\/www.dcc.ac.uk\/resources\/metadata-standards\/cf-climate-and-forecast-metadata-conventions",
                    "subject_areas": [
                        "meteorology",
                        "climatology",
                        "oceanography",
                        "natural sciences"
                    ],
                    "type": "disciplinary",
                    "source": [
                        "https:\/\/rdamsc.bath.ac.uk\/msc\/m5",
                        "https:\/\/doi.org\/10.25504\/FAIRsharing.f8cd83",
                        "http:\/\/www.dcc.ac.uk\/resources\/metadata-standards\/cf-climate-and-forecast-metadata-conventions"
                    ]
                },
                {
                    "metadata_standard": "eBank UK Metadata Application Profile",
                    "url": "http:\/\/naca.central.cranfield.ac.uk\/ethos-oai\/2.0\/uketd_dc.xsd",
                    "subject_areas": [
                        "crystallography",
                        "natural sciences"
                    ],
                    "type": "disciplinary",
                    "source": [
                        "https:\/\/rdamsc.bath.ac.uk\/msc\/m57",
                        "https:\/\/doi.org\/10.25504\/FAIRsharing.ad4856"
                    ]
                }
            ],
            "test_debug": [
                "INFO: re3data\/datacite client id -: delft.data4tu",
                "INFO: Found match re3data (DOI-based) record",
                "INFO: Found match re3data metadata record -: https:\/\/www.re3data.org\/api\/beta\/repository\/r3d100010216",
                "INFO: Domain name listed in re3data metadata record matches landing page domain-: 4tu.nl",
                "INFO: Namespaces included in the metadata -: ['http:\/\/www.w3.org\/ns\/rdfa#', 'http:\/\/www.w3.org\/1999\/02\/22-rdf-syntax-ns#', 'https:\/\/orcid.org', 'http:\/\/schema.org', 'http:\/\/datacite.org\/schema\/', 'https:\/\/doi.org\/10.4121', 'http:\/\/schema.org\/', 'https:\/\/doi.datacite.org\/dois', 'http:\/', 'http:\/\/purl.org\/dc\/elements\/1.1\/']",
                "INFO: Found non-disciplinary standard (but RDA listed) -: via ns:  Schema.org - http:\/\/schema.org",
                "INFO: Found non-disciplinary standard (but RDA listed) -: via ns:  Schema.org - http:\/\/schema.org\/",
                "INFO: Found non-disciplinary standard (but RDA listed) -: via ns:  Dublin Core - http:\/\/purl.org\/dc\/elements\/1.1\/",
                "INFO: Retrieving API and Standards",
                "INFO: Trying to retrieve metadata info from re3data\/datacite services using client id -: delft.data4tu",
                "INFO: Inferring metadata service endpoint (OAI, SPARQL) information and listed metadata formats through re3data\/datacite services",
                "INFO: Found metadata service endpoint (OAI, SPARQL) listed in re3data record -: ('https:\/\/api.figshare.com\/v2\/oai', None)",
                "INFO: Found disciplinary standard -: via re3data : CF (Climate and Forecast) Metadata Conventions - http:\/\/www.dcc.ac.uk\/resources\/metadata-standards\/cf-climate-and-forecast-metadata-conventions",
                "INFO: Found non-disciplinary standard (but RDA listed) -: via re3data:  DataCite Metadata Schema - http:\/\/www.dcc.ac.uk\/resources\/metadata-standards\/datacite-metadata-schema",
                "INFO: Found non-disciplinary standard (but RDA listed) -: via re3data:  Dublin Core - http:\/\/www.dcc.ac.uk\/resources\/metadata-standards\/dublin-core",
                "INFO: Metadata standards listed in re3data record -: ['CF (Climate and Forecast) Metadata Conventions', 'DataCite Metadata Schema', 'Dublin Core']",
                "INFO: Use OAI-PMH endpoint to retrieve standards used by the repository -: https:\/\/api.figshare.com\/v2\/oai",
                "INFO: Retrieving page -: https:\/\/api.figshare.com\/v2\/oai?verb=ListMetadataFormats as application\/xml, text\/xml;q=0.5",
                "INFO: Content negotiation on https:\/\/api.figshare.com\/v2\/oai?verb=ListMetadataFormats accept=application\/xml, text\/xml;q=0.5, status=200",
                "INFO: Creating Cached response content",
                "INFO: Found XML document!",
                "INFO: Found non-disciplinary standard (but RDA listed) -: via oai-pmh:  Open Archive Initiative Dublin Core (OAI DC) - http:\/\/www.openarchives.org\/OAI\/2.0\/oai_dc.xsd",
                "INFO: Found non-disciplinary standard (but RDA listed) -: via oai-pmh:  CERIF (Common European Research Information Format) - https:\/\/www.openaire.eu\/schema\/cris\/current\/openaire-cerif-profile.xsd",
                "INFO: Found disciplinary standard -: via oai-pmh : eBank UK Metadata Application Profile - http:\/\/naca.central.cranfield.ac.uk\/ethos-oai\/2.0\/uketd_dc.xsd",
                "INFO: Found disciplinary standard -: via oai-pmh : OAI-RDF Schema - http:\/\/www.openarchives.org\/OAI\/2.0\/rdf.xsd",
                "INFO: Found metadata standards that are listed in OAI-PMH endpoint -: ['eBank UK Metadata Application Profile']",
                "SUCCESS: Found non-disciplinary standards (but RDA listed) using namespaces or schemas found in re3data record or via provided metadata or metadata services outputs",
                "SUCCESS: Found disciplinary standard listed in the re3data record of the responsible repository",
                "SUCCESS: Found disciplinary standard using namespaces or schemas found in provided metadata or metadata services outputs"
            ]
        },
        {
            "id": 17,
            "metric_identifier": "FsF-R1.3-02D",
            "metric_name": "Data is available in a file format recommended by the target research community.",
            "metric_tests": {
                "FsF-R1.3-02D-1": {
                    "metric_test_name": "The format of a data file given in the metadata is listed in the long term file formats, open file formats or scientific file formats controlled list",
                    "metric_test_requirements": [],
                    "metric_test_score": {
                        "earned": 0,
                        "total": 1
                    },
                    "metric_test_maturity": 0,
                    "metric_test_status": "fail"
                },
                "FsF-R1.3-02D-1a": {
                    "metric_test_name": "The format of the data file is an open format",
                    "metric_test_requirements": [],
                    "metric_test_score": {
                        "earned": 0,
                        "total": 0
                    },
                    "metric_test_maturity": 0,
                    "metric_test_status": "fail"
                },
                "FsF-R1.3-02D-1b": {
                    "metric_test_name": "The format of the data file is a long term format",
                    "metric_test_requirements": [],
                    "metric_test_score": {
                        "earned": 0,
                        "total": 0
                    },
                    "metric_test_maturity": 0,
                    "metric_test_status": "fail"
                },
                "FsF-R1.3-02D-1c": {
                    "metric_test_name": "The format of the data file is a scientific format",
                    "metric_test_requirements": [],
                    "metric_test_score": {
                        "earned": 0,
                        "total": 0
                    },
                    "metric_test_maturity": 0,
                    "metric_test_status": "fail"
                }
            },
            "test_status": "fail",
            "score": {
                "earned": 0,
                "total": 1
            },
            "maturity": 0,
            "output": [],
            "test_debug": [
                "WARNING: Content identifier inaccessible -: https:\/\/data.4tu.nl\/articles\/_\/12698027\/\/ndownloader\/items\/e25c39ba-4283-4bdc-b9ed-6193923b3d29\/versions\/1, HTTPError code 404",
                "INFO: Data content identifier provided -: ['\/ndownloader\/items\/e25c39ba-4283-4bdc-b9ed-6193923b3d29\/versions\/1']",
                "INFO: No mime type given in metadata or generic octet-stream type given, therefore guessing  the type of a file based on its filename or URL -: \/ndownloader\/items\/e25c39ba-4283-4bdc-b9ed-6193923b3d29\/versions\/1",
                "INFO: Failed to guess mime type based on file name",
                "WARNING: Could not perform file format checks as data content identifier(s) unavailable\/inaccesible"
            ]
        },
        {
            "id": 8,
            "metric_identifier": "FsF-A1-03D",
            "metric_name": "Data is accessible through a standardized communication protocol.",
            "metric_tests": {
                "FsF-A1-03D-1": {
                    "metric_test_name": "Metadata includes a resolvable link to data based on standardized web communication protocols.",
                    "metric_test_requirements": [],
                    "metric_test_score": {
                        "earned": 0,
                        "total": 1
                    },
                    "metric_test_maturity": 0,
                    "metric_test_status": "fail"
                }
            },
            "test_status": "fail",
            "score": {
                "earned": 0,
                "total": 1
            },
            "maturity": 0,
            "output": {
                "standard_data_protocol": []
            },
            "test_debug": [
                "INFO: No debug messages received"
            ]
        },
        {
            "id": 7,
            "metric_identifier": "FsF-A1-02M",
            "metric_name": "Metadata is accessible through a standardized communication protocol.",
            "metric_tests": {
                "FsF-A1-02M-1": {
                    "metric_test_name": "Landing page link is based on standardized web communication protocols.",
                    "metric_test_requirements": [],
                    "metric_test_score": {
                        "earned": 1,
                        "total": 1
                    },
                    "metric_test_maturity": 3,
                    "metric_test_status": "pass"
                }
            },
            "test_status": "pass",
            "score": {
                "earned": 1,
                "total": 1
            },
            "maturity": 3,
            "output": {
                "standard_metadata_protocol": {
                    "https": {
                        "name": "Hyper Text Transfer Protocol Secure"
                    }
                }
            },
            "test_debug": [
                "SUCCESS: Standard protocol for access to metadata found -: https"
            ]
        }
    ]
}